id,web_name,first_name,second_name,team,element_type,now_cost,cost_change_start,cost_change_event,status,chance_of_playing_next_round,news,news_added,form,total_points,points_per_game,minutes,starts,selected_by_percent,transfers_in_event,transfers_out_event,goals_scored,assists,clean_sheets,goals_conceded,yellow_cards,red_cards,saves,bonus,bps,influence,creativity,threat,ict_index,expected_goals,expected_assists,expected_goal_involvements,expected_goals_per_90,expected_assists_per_90,expected_goal_involvements_per_90,expected_goals_conceded_per_90,defensive_contribution,defensive_contribution_per_90,penalties_order,corners_and_indirect_freekicks_order,direct_freekicks_order,value_season,ep_this,ep_next
1,Raya,David,Raya Martín,1,1,61,1,1,a,,,,6.0,30,6.0,450,5,42.2,111646,38977,0,0,3,4,0,0,9,3,104,104.6,0.2,0.0,10.6,0.00,0.01,0.01,0.0,0.0,0.0,0.81,0,0.0,,,,4.9,6.0,6.0
2,Arrizabalaga,Kepa,Arrizabalaga Revuelta,1,1,49,-1,0,a,,,,0.0,0,0.0,0,0,0.1,86,201,0,0,0,0,0,0,0,0,0,0.0,0.0,0.0,0.0,0.00,0.00,0.00,0,0,0,0,0,0,,,,0.0,0.0,0.0
3,Meslier,Illan,Meslier,1,1,49,-1,0,a,,,,0.0,0,0.0,0,0,0.0,40,99,0,0,0,0,0,0,0,0,0,0.0,0.0,0.0,0.0,0.00,0.00,0.00,0,0,0,0,0,0,,,,0.0,0.0,0.0
4,Gabriel,Gabriel,dos Santos Magalhães,1,2,80,0,0,a,,,,5.0,25,5.0,450,5,22.8,19681,57617,0,0,3,4,2,0,0,2,90,94.8,22.0,84.0,20.0,0.51,0.20,0.71,0.1,0.04,0.14,0.81,41,8.2,,,,3.1,5.0,5.0
5,J.Timber,Jurriën,Timber,1,2,65,0,0,a,100,,2026-07-23T12:01:23.272929Z,0.2,1,0.5,104,1,0.4,10200,3252,0,0,0,3,0,0,0,0,-3,10.2,4.2,0.0,1.5,0.00,0.03,0.03,0.0,0.03,0.03,1.89,5,4.33,,,,0.2,0.2,0.2
6,Saliba,William,Saliba,1,2,59,-1,0,i,0,Back injury - Unknown return date,2026-07-23T12:01:23.289376Z,0.0,0,0.0,0,0,0.2,308,927,0,0,0,0,0,0,0,0,0,0.0,0.0,0.0,0.0,0.00,0.00,0.00,0,0,0,0,0,0,,,,0.0,0.0,0.0
7,Lewis-Skelly,Myles,Lewis-Skelly,1,3,54,-1,-1,a,,,,1.5,9,2.2,271,4,0.6,732,4447,0,0,2,1,0,0,0,0,37,21.6,40.2,16.0,7.0,0.16,0.23,0.39,0.05,0.08,0.13,0.34,14,4.65,,,,1.7,1.5,1.5
8,Calafiori,Riccardo,Calafiori,1,2,58,3,0,a,,,,5.0,29,5.8,416,5,50.6,63932,53887,0,2,3,4,0,0,0,2,76,71.6,52.7,66.0,19.1,0.67,0.62,1.29,0.14,0.13,0.27,0.81,18,3.89,,,,5.0,5.0,5.0
9,Hincapie,Piero,Hincapié,1,2,52,-3,-1,a,,,,0.2,2,1.0,32,0,0.9,1195,5085,0,0,0,0,0,0,0,0,6,6.4,1.0,2.0,1.0,0.00,0.00,0.00,0.0,0.0,0.0,0.79,3,8.44,,,,0.4,0.2,0.2
10,White,Benjamin,White,1,2,55,0,0,d,75,Groin injury - 75% chance of playing,2026-09-20T19:30:08.247780Z,2.5,21,5.2,315,4,5.0,3156,58444,0,1,2,1,0,0,0,3,78,69.6,53.0,29.0,15.2,0.18,0.29,0.47,0.05,0.08,0.13,0.33,18,5.14,,,,3.8,2.5,1.9
11,Mosquera,Cristhian,Mosquera,1,2,53,-2,0,a,100,,2026-09-04T14:00:08.080310Z,1.5,12,6.0,168,2,1.6,988,7995,0,0,2,0,0,0,0,0,52,24.6,2.0,0.0,2.7,0.00,0.01,0.01,0.0,0.01,0.01,0.28,10,5.36,,,,2.3,1.5,1.5
12,Saka,Bukayo,Saka,1,3,95,0,0,a,,,,5.8,32,6.4,416,5,13.6,85676,39575,3,0,3,4,0,0,0,4,137,155.6,125.6,240.0,52.1,3.22,0.98,4.20,0.7,0.21,0.91,0.77,31,6.71,1,2,2,3.4,5.8,5.8
13,Rice,Declan,Rice,1,3,74,-1,0,d,75,Unspecified injury - 75% chance of playing,2026-09-21T13:00:08.896379Z,4.2,20,4.0,411,5,11.8,7145,65258,0,2,3,4,1,0,0,0,91,120.2,108.4,5.0,23.4,0.12,0.69,0.81,0.03,0.15,0.18,0.77,42,9.2,,1,1,2.7,4.2,3.2
14,Eze,Eberechi,Eze,1,3,63,-2,0,a,,,,0.8,4,1.0,85,0,1.0,1821,5823,0,0,0,0,0,0,0,0,18,3.0,5.9,9.0,1.6,0.04,0.09,0.13,0.04,0.1,0.14,1.41,5,5.29,,,3,0.6,0.8,0.8
15,Ødegaard,Martin,Ødegaard,1,3,68,3,0,a,,,,4.5,29,5.8,377,5,19.8,63513,77119,2,0,3,4,0,0,0,6,137,121.8,166.9,73.0,36.2,1.08,1.32,2.40,0.26,0.32,0.58,0.77,23,5.49,3,,4,4.3,4.5,4.5
16,Madueke,Noni,Madueke,1,3,62,-3,0,a,,,,0.2,2,1.0,23,0,0.2,632,1368,0,0,0,0,0,0,0,0,11,11.6,43.9,0.0,5.6,0.00,0.05,0.05,0.0,0.2,0.2,0.59,3,11.74,,5,,0.3,0.2,0.2
17,Merino,Mikel,Merino Zazón,1,3,58,-2,0,a,,,,0.8,4,0.8,81,0,0.4,567,2522,0,0,0,0,1,0,0,0,19,10.0,4.2,16.0,3.0,0.14,0.15,0.29,0.16,0.17,0.33,1.07,10,11.11,,,,0.7,0.8,0.8
18,Martinelli,Gabriel,Martinelli Silva,1,3,63,-2,0,u,0,Has joined Al Hilal permanently,2026-09-04T12:34:46.738449Z,0.0,0,0.0,0,0,0.1,0,469,0,0,0,0,0,0,0,0,0,0.0,0.0,0.0,0.0,0.00,0.00,0.00,0,0,0,0,0,0,,,,0.0,0.0,0.0
19,Zubimendi,Martín,Zubimendi Ibáñez,1,3,53,-2,0,a,,,,1.0,5,1.0,89,0,0.6,408,3244,0,0,0,0,0,0,0,0,16,13.4,5.0,29.0,4.8,0.21,0.04,0.25,0.21,0.04,0.25,1.4,12,12.13,,,,0.9,1.0,1.0
20,Dowman,Max,Dowman,1,3,53,-2,0,a,,,,0.2,1,1.0,9,0,0.1,377,486,0,0,0,0,0,0,0,0,4,2.0,14.8,0.0,1.7,0.00,0.08,0.08,0.0,0.8,0.8,3.1,0,0.0,,,,0.2,0.2,0.2
22,Nwaneri,Ethan,Nwaneri,1,3,54,-1,0,u,0,Has joined Borussia Dortmund on loan for the rest of the season,2026-09-02T16:01:07.058827Z,0.0,0,0.0,0,0,0.0,0,45,0,0,0,0,0,0,0,0,0,0.0,0.0,0.0,0.0,0.00,0.00,0.00,0,0,0,0,0,0,,,,0.0,0.0,0.0
23,Fábio Vieira,Fábio,Ferreira Vieira,1,3,55,0,0,u,0,Has joined Hamburger SV permanently,2026-09-02T16:00:28.446370Z,0.0,0,0.0,0,0,0.0,0,33,0,0,0,0,0,0,0,0,0,0.0,0.0,0.0,0.0,0.00,0.00,0.00,0,0,0,0,0,0,,,,0.0,0.0,0.0
24,Nelson,Reiss,Nelson,1,3,55,0,0,u,0,has departed the club as a free agent.,2026-08-29T00:33:08.556767Z,0.0,0,0.0,0,0,0.0,0,16,0,0,0,0,0,0,0,0,0,0.0,0.0,0.0,0.0,0.00,0.00,0.00,0,0,0,0,0,0,,,,0.0,0.0,0.0
25,Gyökeres,Viktor,Gyökeres,1,4,71,-4,-1,a,,,,0.5,2,1.0,29,0,3.1,4879,14180,0,0,0,0,0,0,0,0,7,0.0,14.7,0.0,1.4,0.00,0.23,0.23,0.0,0.71,0.71,2.02,1,3.1,2,,,0.3,0.5,0.5
26,Havertz,Kai,Havertz,1,4,76,1,0,a,,,,3.2,19,3.8,437,5,8.5,48699,39879,2,0,3,4,1,0,0,2,82,89.4,71.3,165.0,32.6,1.67,0.37,2.04,0.34,0.08,0.42,0.81,13,2.68,,,,2.5,3.2,3.2
27,G.Jesus,Gabriel,Fernando de Jesus,1,4,59,-1,0,u,0,Has joined FC Barcelona permanently,2026-09-02T16:00:28.475184Z,0.0,0,0.0,0,0,0.1,0,806,0,0,0,0,0,0,0,0,0,0.0,0.0,0.0,0.0,0.00,0.00,0.00,0,0,0,0,0,0,,,,0.0,0.0,0.0
31,Konsa,Ezri,Konsa Ngoyo,1,2,46,1,1,a,,,,3.0,12,3.0,281,3,19.4,78970,38085,0,0,1,4,0,0,0,0,36,45.0,14.0,14.0,7.3,0.23,0.02,0.25,0.07,0.01,0.08,1.12,23,7.37,,,,2.6,3.0,3.0
452,Bruno G.,Bruno,Guimarães Rodriguez Moura,1,3,67,-3,0,a,100,,2026-09-04T14:00:08.328779Z,2.2,9,3.0,123,1,1.8,4456,6463,1,0,0,3,0,0,0,1,45,41.0,6.5,19.0,6.6,0.09,0.16,0.25,0.07,0.12,0.19,1.6,12,8.78,4,4,,1.3,2.2,2.2
557,Tzolis,Christos,Tzolis,1,3,63,-2,-1,a,,,,2.5,16,3.2,362,5,12.3,9943,127839,0,2,2,4,2,0,0,1,81,56.4,115.1,46.0,21.8,0.19,0.55,0.74,0.05,0.14,0.19,0.68,23,5.72,,3,,2.5,2.5,2.5
29,M.Bizot,Marco,Bizot,2,1,45,0,0,i,0,Back injury - Expected back 10 Oct,2026-09-17T07:30:09.058151Z,0.0,1,1.0,90,1,0.1,49,862,0,0,0,4,0,0,3,0,1,28.2,0.0,0.0,2.8,0.00,0.00,0.00,0.0,0.0,0.0,3.77,0,0.0,,,,0.2,0.0,0.0
30,Digne,Lucas,Digne,2,2,45,0,0,u,0,Has joined Paris Saint-Germain permanently,2026-08-10T14:03:30.089007Z,0.0,0,0.0,0,0,0.0,0,185,0,0,0,0,0,0,0,0,0,0.0,0.0,0.0,0.0,0.00,0.00,0.00,0,0,0,0,0,0,,,,0.0,0.0,0.0
32,Cash,Matty,Cash,2,2,44,-1,0,a,100,,2026-09-09T14:30:08.192142Z,1.8,6,1.5,296,3,4.9,2271,22149,0,0,1,7,2,0,0,0,16,36.4,22.3,13.0,7.2,0.15,0.04,0.19,0.05,0.01,0.06,1.81,17,5.17,,1,,1.4,1.8,1.8
33,Mings,Tyrone,Mings,2,2,45,0,0,a,,,,2.2,10,2.5,261,2,0.4,1406,1168,0,0,1,4,1,0,0,0,43,59.8,5.6,17.0,8.2,0.20,0.02,0.22,0.07,0.01,0.08,1.53,24,8.28,,,,2.2,2.2,2.2
34,Pau,Pau,Torres,2,2,45,0,0,i,0,Hamstring injury - Expected back 10 Oct,2026-09-12T18:00:08.712707Z,0.8,3,1.0,187,3,0.3,34,2762,0,0,0,5,0,0,0,0,-4,11.2,1.9,2.0,1.5,0.00,0.01,0.01,0.0,0.0,0.0,2.31,9,4.33,,,,0.7,0.0,0.0
35,Bogarde,Lamare,Bogarde,2,3,49,-1,-1,a,,,,0.0,1,1.0,16,0,0.1,146,391,0,0,0,0,0,0,0,0,3,2.2,0.5,0.0,0.3,0.00,0.00,0.00,0.0,0.0,0.0,1.24,1,5.62,,,,0.2,0.0,0.0
36,Maatsen,Ian,Maatsen,2,2,44,-1,-1,i,0,Ankle injury - Unknown return date,2026-09-12T18:00:08.729468Z,2.2,9,2.2,335,4,0.5,46,5426,0,0,1,7,1,0,0,1,22,34.8,24.5,43.0,10.2,0.28,0.45,0.73,0.08,0.12,0.2,1.76,24,6.45,,,,2.0,0.0,0.0
37,Lindelöf,Victor,Lindelöf,2,2,45,0,0,a,,,,2.5,8,1.6,450,5,0.3,826,1083,0,0,1,9,0,0,0,0,28,74.4,37.3,37.0,14.9,0.44,0.17,0.61,0.09,0.03,0.12,1.84,22,4.4,,,,1.8,2.5,2.5
38,A.García,Andrés,García,2,2,40,0,0,a,,,,0.0,0,0.0,0,0,1.5,1566,5208,0,0,0,0,0,0,0,0,0,0.0,0.0,0.0,0.0,0.00,0.00,0.00,0,0,0,0,0,0,,,,0.0,0.0,0.0
39,Nedeljkovic,Kosta,Nedeljkovic,2,2,40,0,0,u,0,Has joined Rangers on loan for the rest of the season,2026-08-19T13:56:46.385411Z,0.0,0,0.0,0,0,0.1,0,460,0,0,0,0,0,0,0,0,0,0.0,0.0,0.0,0.0,0.00,0.00,0.00,0,0,0,0,0,0,,,,0.0,0.0,0.0
41,Buendía,Emiliano,Buendía Stati,2,3,59,-1,0,a,,,,4.8,21,4.2,401,5,1.0,10271,3411,1,0,1,8,0,0,0,3,73,66.0,80.5,59.0,19.6,0.92,0.24,1.16,0.21,0.05,0.26,1.76,34,7.63,1,3,1,3.6,4.8,4.8
44,Bailey,Leon,Bailey,2,3,54,-1,0,u,0,Has joined Olympiakos permanently,2026-09-04T12:35:14.472260Z,0.0,0,0.0,0,0,0.1,0,406,0,0,0,0,0,0,0,0,0,0.0,0.0,0.0,0.0,0.00,0.00,0.00,0,0,0,0,0,0,,,,0.0,0.0,0.0
45,McGinn,John,McGinn,2,3,54,-1,0,a,,,,4.0,17,3.4,434,5,2.2,5747,7176,0,2,2,7,2,0,0,1,65,52.4,84.9,15.0,14.8,0.77,0.24,1.01,0.16,0.05,0.21,1.72,30,6.22,,2,,3.1,4.0,4.0
46,Barkley,Ross,Barkley,2,3,50,0,0,a,,,,2.0,10,2.0,308,4,0.3,469,1553,0,0,1,8,0,0,0,0,66,42.4,82.3,31.0,15.6,0.38,0.14,0.52,0.11,0.04,0.15,2.15,28,8.18,,4,,2.0,2.0,2.0
47,Kamara,Boubacar,Kamara,2,3,50,0,0,a,100,,2026-07-23T12:01:23.337269Z,3.2,15,3.0,443,5,0.3,1082,1348,0,1,2,7,0,0,0,0,85,68.0,68.8,6.0,14.3,0.12,0.16,0.28,0.02,0.03,0.05,1.71,36,7.31,,,,3.0,3.2,3.2
48,Onana,Amadou,Onana,2,3,49,-1,0,i,0,Knee injury - Unknown return date,2026-07-23T12:01:23.352497Z,0.0,0,0.0,0,0,0.0,32,76,0,0,0,0,0,0,0,0,0,0.0,0.0,0.0,0.0,0.00,0.00,0.00,0,0,0,0,0,0,,,,0.0,0.0,0.0
49,Iling Jr,Samuel,Iling-Junior,2,3,50,0,0,u,0,Has joined Bolton Wanderers on loan for the rest of the season,2026-08-17T13:52:28.532616Z,0.0,0,0.0,0,0,0.0,0,9,0,0,0,0,0,0,0,0,0,0.0,0.0,0.0,0.0,0.00,0.00,0.00,0,0,0,0,0,0,,,,0.0,0.0,0.0
50,Burrowes,Bradley,Burrowes,2,3,45,0,0,a,,,,0.0,0,0.0,0,0,0.6,538,2936,0,0,0,0,0,0,0,0,0,0.0,0.0,0.0,0.0,0.00,0.00,0.00,0,0,0,0,0,0,,,,0.0,0.0,0.0
51,George Hemmings,George,Hemmings,2,3,45,0,0,a,,,,1.8,9,1.8,297,4,1.2,2750,8576,0,0,1,7,0,0,0,0,34,25.2,42.1,25.0,9.1,0.07,0.16,0.23,0.02,0.05,0.07,1.9,19,5.76,,,,2.0,1.8,1.8
52,Alysson,Alysson Edward Franco,da Rocha dos Santos,2,3,50,0,0,d,75,Unspecified injury - 75% chance of playing,2026-09-19T11:30:09.355376Z,1.8,8,2.0,87,0,0.0,61,678,1,0,0,2,1,0,0,0,34,39.8,4.9,25.0,7.0,0.06,0.00,0.06,0.06,0.0,0.06,2.48,8,8.28,,,,1.6,1.8,1.4
53,Manzambi,Johan,Manzambi,2,3,59,-1,0,a,100,,2026-08-15T15:30:06.388335Z,3.5,14,7.0,98,1,0.4,25335,2413,1,1,1,1,0,0,0,2,48,65.8,29.8,60.0,15.6,0.44,0.24,0.68,0.4,0.22,0.62,1.41,9,8.27,,,,2.4,3.5,3.5
54,Gomes,Joao,Gomes,2,3,55,0,0,a,100,,2026-09-16T19:30:08.742410Z,1.0,2,1.0,129,2,0.0,372,150,0,0,0,6,0,1,0,0,11,23.6,24.8,0.0,4.8,0.00,0.03,0.03,0.0,0.02,0.02,2.89,20,13.95,,,,0.4,1.0,1.0
55,Watkins,Ollie,Watkins,2,4,78,-2,0,u,0,Has joined Al Hilal permanently,2026-09-01T13:15:16.698799Z,0.0,0,0.0,0,0,2.5,0,10200,0,0,0,0,0,0,0,0,0,0.0,0.0,0.0,0.0,0.00,0.00,0.00,0,0,0,0,0,0,,,,0.0,0.0,0.0
56,Abraham,Tammy,Abraham,2,4,55,0,0,a,100,,2026-08-15T16:00:07.558543Z,1.0,4,1.0,71,0,0.2,1358,1485,0,0,0,3,0,0,0,0,13,3.2,6.2,2.0,1.1,0.00,0.00,0.00,0.0,0.0,0.0,3.41,2,2.54,,,,0.7,1.0,1.0
160,Garnacho,Alejandro,Garnacho Ferreyra,2,3,58,-2,0,a,,,,0.5,3,1.0,31,0,0.3,427,2424,0,0,0,0,0,0,0,0,9,1.2,3.6,0.0,0.5,0.00,0.00,0.00,0.0,0.0,0.0,1.42,2,5.81,,,,0.5,0.5,0.5
166,N.Jackson,Nicolas,Jackson,2,4,65,0,0,a,,,,2.5,10,2.5,286,4,1.4,29020,6437,1,0,1,2,2,0,0,1,52,42.8,36.8,76.0,15.4,0.68,0.60,1.28,0.21,0.19,0.4,0.87,9,2.83,2,,,1.5,2.5,2.5
582,Madjo,Brian,Madjo,2,4,54,-1,0,i,0,Unspecified injury - Unknown return date,2026-08-15T16:00:07.974271Z,0.0,0,0.0,0,0,0.2,159,1572,0,0,0,0,0,0,0,0,0,0.0,0.0,0.0,0.0,0.00,0.00,0.00,0,0,0,0,0,0,,,,0.0,0.0,0.0
596,Ruggeri,Matteo,Ruggeri,2,2,45,0,0,a,,,,1.0,5,1.7,113,1,0.1,431,277,0,0,0,2,0,0,0,0,17,26.0,14.1,1.0,4.1,0.03,0.02,0.05,0.02,0.02,0.04,1.63,16,12.74,,,,1.1,1.0,1.0
597,Suzuki,Zion,Suzuki,2,1,50,0,0,a,,,,4.0,16,4.0,360,4,1.9,11936,5438,0,0,1,5,0,0,15,3,80,115.6,0.0,0.0,11.6,0.00,0.01,0.01,0.0,0.0,0.0,1.36,0,0.0,,,,3.2,4.0,4.0
606,Rowe,Triston,Rowe,2,2,40,0,0,a,,,,0.0,0,0.0,0,0,0.2,263,789,0,0,0,0,0,0,0,0,0,0.0,0.0,0.0,0.0,0.00,0.00,0.00,0,0,0,0,0,0,,,,0.0,0.0,0.0
607,Lynch,Luka,Lynch,2,3,45,0,0,u,0,Has joined Oxford United on loan until January,2026-09-04T12:35:39.820426Z,0.0,0,0.0,0,0,0.1,0,601,0,0,0,0,0,0,0,0,0,0.0,0.0,0.0,0.0,0.00,0.00,0.00,0,0,0,0,0,0,,,,0.0,0.0,0.0
611,Wan-Bissaka,Aaron,Wan-Bissaka,2,2,45,0,0,a,,,,1.5,6,1.5,152,2,0.2,1243,1238,0,0,0,2,0,0,0,0,24,42.8,16.4,0.0,5.9,0.00,0.07,0.07,0.0,0.04,0.04,1.94,21,12.43,,,,1.3,1.5,1.5
618,Goretzka,Leon,Goretzka,2,3,59,-1,0,i,0,Knee injury - Expected back 10 Oct,2026-09-09T09:30:08.229436Z,0.0,0,0.0,0,0,0.0,16,372,0,0,0,0,0,0,0,0,0,0.0,0.0,0.0,0.0,0.00,0.00,0.00,0,0,0,0,0,0,,,,0.0,0.0,0.0
630,Harwood-Bellis,Taylor,Harwood-Bellis,2,2,45,0,0,a,,,,0.0,0,0.0,0,0,0.0,151,154,0,0,0,0,0,0,0,0,0,0.0,0.0,0.0,0.0,0.00,0.00,0.00,0,0,0,0,0,0,,,,0.0,0.0,0.0
631,Mbaye,Ibrahim,Mbaye,2,3,60,0,0,a,,,,0.7,2,1.0,33,0,0.1,754,1006,0,0,0,3,0,0,0,0,8,9.0,15.2,19.0,4.3,0.02,0.13,0.15,0.05,0.35,0.4,4.47,2,5.45,,,,0.3,0.7,0.7
667,Wright,James,Wright,2,1,40,0,0,a,,,,0.0,0,0.0,0,0,0.1,5812,568,0,0,0,0,0,0,0,0,0,0.0,0.0,0.0,0.0,0.00,0.00,0.00,0,0,0,0,0,0,,,,0.0,1.0,1.0
57,Petrović,Đorđe,Petrović,3,1,45,0,0,a,,,,1.8,9,1.8,450,5,3.0,4980,9191,0,0,0,8,0,0,11,0,45,92.2,0.0,0.0,9.2,0.00,0.00,0.00,0.0,0.0,0.0,1.39,0,0.0,,,,2.0,1.8,1.8
58,Forster,Fraser,Forster,3,1,40,0,0,a,,,,0.0,0,0.0,0,0,3.5,7034,6037,0,0,0,0,0,0,0,0,0,0.0,0.0,0.0,0.0,0.00,0.00,0.00,0,0,0,0,0,0,,,,0.0,0.0,0.0
59,Dennis,Will,Dennis,3,1,40,0,0,u,0,Has joined MK Dons permanently,2026-08-27T14:53:48.692835Z,0.0,0,0.0,0,0,0.1,0,477,0,0,0,0,0,0,0,0,0,0.0,0.0,0.0,0.0,0.00,0.00,0.00,0,0,0,0,0,0,,,,0.0,0.0,0.0
60,Hill,James,Hill,3,2,55,0,0,a,,,,2.8,12,2.4,450,5,0.8,2634,2600,0,0,0,8,1,0,0,0,43,119.6,69.3,6.0,19.5,0.00,0.79,0.79,0.0,0.16,0.16,1.39,50,10.0,,,,2.2,2.8,2.8
61,Truffert,Adrien,Truffert,3,2,54,-1,-1,a,,,,2.2,10,2.0,450,5,3.0,3857,10479,0,0,0,8,1,0,0,2,53,104.6,70.5,39.0,21.5,0.11,0.29,0.40,0.02,0.06,0.08,1.39,45,9.0,,,,1.9,2.2,2.2
62,Diakité,Bafodé,Diakité,3,2,49,-1,-1,a,,,,0.0,0,0.0,0,0,0.2,407,836,0,0,0,0,0,0,0,0,0,0.0,0.0,0.0,0.0,0.00,0.00,0.00,0,0,0,0,0,0,,,,0.0,0.0,0.0
63,Milosavljević,Veljko,Milosavljevic,3,2,49,-1,0,i,0,Thigh injury - Unknown return date,2026-08-06T10:00:10.456051Z,0.0,0,0.0,0,0,0.0,18,36,0,0,0,0,0,0,0,0,0,0.0,0.0,0.0,0.0,0.00,0.00,0.00,0,0,0,0,0,0,,,,0.0,0.0,0.0
64,Smith,Adam,Smith,3,2,45,0,0,a,,,,0.8,4,0.8,434,5,0.1,347,408,0,0,0,8,3,0,0,0,14,43.6,44.4,4.0,9.1,0.01,0.09,0.10,0.0,0.02,0.02,1.39,21,4.35,,,,0.9,0.8,0.8
65,J.Araujo,Julián,Araujo Zúñiga,3,2,44,-1,0,i,0,Thigh injury - Unknown return date,2026-08-09T08:00:05.645826Z,0.0,0,0.0,0,0,0.0,29,41,0,0,0,0,0,0,0,0,0,0.0,0.0,0.0,0.0,0.00,0.00,0.00,0,0,0,0,0,0,,,,0.0,0.0,0.0
66,Soler,Julio,Soler Barreto,3,2,40,0,0,a,100,,2026-08-15T16:30:07.021055Z,0.0,0,0.0,0,0,0.3,638,966,0,0,0,0,0,0,0,0,0,0.0,0.0,0.0,0.0,0.00,0.00,0.00,0,0,0,0,0,0,,,,0.0,0.0,0.0
67,Rayan,Rayan Vitor,Simplício Rocha,3,3,63,-2,-1,a,,,,2.0,10,2.0,434,5,1.6,3312,8641,0,0,0,7,0,0,0,0,45,30.4,50.4,99.0,18.0,0.87,0.43,1.30,0.18,0.09,0.27,1.32,15,3.11,,,,1.6,2.0,2.0
68,Tavernier,Marcus,Tavernier,3,3,61,1,0,a,,,,5.2,31,6.2,424,5,6.7,70517,36694,3,0,0,8,2,0,0,8,153,161.8,146.1,147.0,45.5,1.70,0.92,2.62,0.36,0.2,0.56,1.39,42,8.92,3,1,1,5.1,5.2,5.2
69,Scott,Alex,Scott,3,3,61,1,0,a,,,,7.0,30,6.0,446,5,5.7,19362,33760,1,2,1,7,1,0,0,5,129,102.8,146.4,56.0,30.5,0.64,0.42,1.06,0.13,0.08,0.21,1.38,60,12.11,,2,4,4.9,7.0,7.0
70,Kluivert,Justin,Kluivert,3,3,60,0,0,i,0,Unspecified injury - Unknown return date,2026-09-20T15:30:09.074071Z,3.0,15,3.8,294,4,0.9,2276,15420,1,0,2,3,1,0,0,1,64,62.2,46.5,120.0,22.5,0.99,0.08,1.07,0.3,0.02,0.32,1.37,22,6.73,2,3,2,2.5,3.0,0.0
71,Cook,Lewis,Cook,3,3,50,0,0,a,,,,1.2,8,1.6,180,2,0.2,228,1006,0,0,2,1,1,0,0,0,25,11.8,15.8,0.0,2.8,0.00,0.01,0.01,0.0,0.0,0.0,2.1,14,7.0,,,,1.6,1.2,1.2
72,Gannon-Doak,Ben,Gannon-Doak,3,3,49,-1,0,a,,,,0.8,4,1.0,12,0,0.1,119,322,0,0,0,1,0,0,0,0,15,4.0,2.9,16.0,2.3,0.12,0.05,0.17,0.9,0.38,1.28,4.5,7,52.5,,,,0.8,0.8,0.8
73,Adams,Tyler,Adams,3,3,50,0,0,a,100,,2026-08-15T16:30:07.029928Z,2.8,12,2.4,279,3,0.3,939,1419,0,0,0,7,0,0,0,0,52,45.8,32.2,7.0,8.5,0.03,0.07,0.10,0.01,0.02,0.03,0.88,41,13.23,,,,2.4,2.8,2.8
74,Brooks,David,Brooks,3,3,50,0,0,a,100,,2026-08-15T16:30:07.037929Z,0.8,3,0.8,45,0,0.1,154,288,0,0,0,2,1,0,0,0,8,9.2,23.6,2.0,3.5,0.00,0.07,0.07,0.0,0.14,0.14,1.5,5,10.0,,4,3,0.6,0.8,0.8
75,Christie,Ryan,Christie,3,3,50,0,0,a,100,,2026-07-24T17:30:10.035483Z,1.2,5,1.2,102,1,0.0,252,210,0,0,0,2,0,0,0,0,15,9.4,17.1,31.0,5.2,0.50,0.13,0.63,0.44,0.11,0.55,1.45,14,12.35,,,,1.0,1.2,1.2
76,Tóth.A,Alex,Tóth,3,3,49,-1,0,a,,,,0.2,2,1.0,17,0,0.0,22,49,0,0,0,2,0,0,0,0,8,3.0,0.7,0.0,0.3,0.00,0.00,0.00,0.0,0.0,0.0,2.96,2,10.59,,,,0.4,0.2,0.2
77,Adli,Amine,Adli,3,3,49,-1,0,i,0,Calf injury - Unknown return date,2026-08-15T16:00:07.590566Z,0.0,0,0.0,0,0,0.0,21,63,0,0,0,0,0,0,0,0,0,0.0,0.0,0.0,0.0,0.00,0.00,0.00,0,0,0,0,0,0,,,,0.0,0.0,0.0
78,Kroupi.Jr,Junior,Kroupi,3,3,74,-1,0,i,0,Foot injury - Expected back 7 Nov,2026-07-29T17:30:09.796802Z,0.0,0,0.0,0,0,0.2,149,711,0,0,0,0,0,0,0,0,0,0.0,0.0,0.0,0.0,0.00,0.00,0.00,0,0,0,0,0,0,1,,,0.0,0.0,0.0
79,Evanilson,Francisco Evanilson,de Lima Barbosa,3,4,60,0,0,a,,,,3.5,18,3.6,424,5,3.2,14034,18331,0,3,2,5,1,0,0,0,66,71.4,82.6,99.0,25.2,0.87,0.52,1.39,0.18,0.11,0.29,1.37,27,5.73,,,,3.0,3.5,3.5
80,Enes Ünal,Enes,Ünal,3,4,55,0,0,u,0,Has joined Getafe permanently,2026-08-14T14:14:21.881112Z,0.0,0,0.0,0,0,0.0,0,43,0,0,0,0,0,0,0,0,0,0.0,0.0,0.0,0.0,0.00,0.00,0.00,0,0,0,0,0,0,,,,0.0,0.0,0.0
81,Rodríguez,Álvaro,Rodríguez,3,4,60,0,0,a,100,,2026-08-15T16:30:07.054142Z,0.5,2,1.0,10,0,0.1,592,602,0,0,0,1,0,0,0,0,7,0.0,0.5,0.0,0.1,0.00,0.00,0.00,0.0,0.0,0.0,1.62,1,9.0,,,,0.3,0.5,0.5
566,Silva,António João,Pereira de Albuquerque Tavares da Silva,3,2,50,0,0,a,,,,2.8,13,2.6,450,5,0.4,4485,2361,0,0,0,8,2,0,0,0,30,124.6,10.1,43.0,17.7,0.85,0.29,1.14,0.17,0.06,0.23,1.39,56,11.2,,,,2.6,2.8,2.8
573,Sanchez,Juanlu,Sánchez,3,2,44,-1,0,a,,,,0.0,0,0.0,0,0,0.2,126,361,0,0,0,0,0,0,0,0,0,0.0,0.0,0.0,0.0,0.00,0.00,0.00,0,0,0,0,0,0,,,,0.0,0.0,0.0
608,Jebbison,Daniel,Jebbison,3,4,50,0,0,a,,,,0.5,3,1.0,31,0,0.1,730,760,0,0,0,2,0,0,0,0,13,3.6,1.6,21.0,2.6,0.10,0.00,0.10,0.29,0.0,0.29,1.77,1,2.9,,,,0.6,0.5,0.5
615,Di Gregorio,Michele,Di Gregorio,3,1,45,0,0,a,,,,0.0,0,0.0,0,0,0.0,161,164,0,0,0,0,0,0,0,0,0,0.0,0.0,0.0,0.0,0.00,0.00,0.00,0,0,0,0,0,0,,,,0.0,0.0,0.0
82,Kelleher,Caoimhín,Kelleher,4,1,50,0,0,a,,,,3.2,20,4.0,450,5,6.1,17401,10634,0,0,2,4,0,0,17,0,97,118.0,0.0,0.0,11.7,0.00,0.01,0.01,0.0,0.0,0.0,1.26,0,0.0,,,,4.0,3.2,3.2
83,Valdimarsson,Hákon Rafn,Valdimarsson,4,1,45,0,0,a,,,,0.0,0,0.0,0,0,0.1,237,279,0,0,0,0,0,0,0,0,0,0.0,0.0,0.0,0.0,0.00,0.00,0.00,0,0,0,0,0,0,,,,0.0,0.0,0.0
84,Collins,Nathan,Collins,4,2,54,-1,0,i,0,Calf injury - Unknown return date,2026-09-05T18:00:06.182495Z,1.0,10,3.3,196,3,1.0,98,7956,0,0,1,1,1,0,0,0,39,40.6,22.4,51.0,11.4,0.51,0.05,0.56,0.23,0.02,0.25,0.98,17,7.81,,,,1.9,0.0,0.0
85,Van den Berg,Sepp,van den Berg,4,2,49,-1,0,i,0,Groin injury - Unknown return date,2026-08-15T15:30:06.416627Z,0.0,0,0.0,0,0,0.1,31,271,0,0,0,0,0,0,0,0,0,0.0,0.0,0.0,0.0,0.00,0.00,0.00,0,0,0,0,0,0,,,,0.0,0.0,0.0
86,Lewis-Potter,Keane,Lewis-Potter,4,3,55,0,0,a,,,,3.0,22,4.4,406,5,1.7,3260,10695,1,1,2,4,0,0,0,3,85,113.6,109.3,73.0,29.5,1.21,0.79,2.00,0.27,0.18,0.45,1.26,38,8.42,,,1,4.0,3.0,3.0
87,Ajer,Kristoffer,Ajer,4,2,45,0,0,a,,,,3.2,21,4.2,450,5,3.9,9783,19105,0,0,2,4,1,0,0,1,73,104.2,34.0,49.0,18.8,0.13,0.08,0.21,0.03,0.02,0.05,1.26,50,10.0,,,,4.7,3.2,3.2
88,Kayode,Michael,Kayode,4,2,46,1,0,a,,,,2.5,23,4.6,294,4,7.6,11411,18114,1,0,2,1,0,0,0,1,72,63.8,32.9,56.0,15.3,0.55,0.43,0.98,0.17,0.13,0.3,0.99,16,4.9,,,,5.0,2.5,2.5
89,Henry,Rico,Henry,4,2,44,-1,0,a,,,,0.2,1,1.0,2,0,0.2,136,501,0,0,0,0,0,0,0,0,3,0.0,0.0,0.0,0.0,0.00,0.00,0.00,0.0,0.0,0.0,0.0,0,0.0,,,,0.2,0.2,0.2
90,Hickey,Aaron,Hickey,4,2,45,0,0,a,,,,1.0,5,1.0,152,1,0.1,151,209,0,0,0,3,0,0,0,0,17,32.8,7.8,6.0,4.7,0.03,0.06,0.09,0.02,0.04,0.06,1.82,17,10.07,,,,1.1,1.0,1.0
92,Ji-soo,Kim,Ji-soo,4,2,44,-1,-1,a,,,,0.0,0,0.0,0,0,0.0,54,78,0,0,0,0,0,0,0,0,0,0.0,0.0,0.0,0.0,0.00,0.00,0.00,0,0,0,0,0,0,,,,0.0,0.0,0.0
93,Schuster,Jannik,Schuster,4,2,45,0,0,a,,,,5.2,21,7.0,253,2,0.3,13621,1677,0,1,1,3,0,0,0,3,59,92.4,11.5,16.0,12.0,0.10,0.54,0.64,0.04,0.19,0.23,1.49,38,13.52,,,,4.7,5.2,5.2
94,Schade,Kevin,Schade,4,3,62,2,1,a,,,,9.0,39,7.8,447,5,11.0,343399,18865,3,2,2,4,0,0,0,6,138,146.2,48.0,160.0,35.4,1.52,0.32,1.84,0.31,0.06,0.37,1.27,34,6.85,2,,,6.3,9.0,9.0
95,O.Dango,Dango,Ouattara,4,3,63,-2,0,a,,,,1.0,7,1.4,179,2,0.5,664,3141,0,0,1,1,0,0,0,0,34,25.4,59.3,23.0,10.8,0.09,0.39,0.48,0.05,0.2,0.25,1.41,28,14.08,,4,,1.1,1.0,1.0
96,Damsgaard,Mikkel,Damsgaard,4,3,54,-1,0,a,,,,3.8,16,3.2,283,3,0.4,1270,1772,0,1,2,1,0,0,0,3,74,47.4,118.2,42.0,20.7,0.17,0.73,0.90,0.05,0.23,0.28,0.97,31,9.86,,2,3,3.0,3.8,3.8
97,Jensen,Mathias,Jensen,4,3,54,-1,0,i,0,Unspecified injury - Expected back 10 Oct,2026-08-30T12:30:08.176795Z,0.0,6,6.0,66,1,0.1,14,533,0,1,1,0,0,0,0,0,22,12.6,46.2,13.0,7.2,0.08,0.34,0.42,0.11,0.46,0.57,0.64,5,6.82,3,1,2,1.1,0.0,0.0
98,Janelt,Vitaly,Janelt,4,3,50,0,0,a,,,,4.8,28,5.6,450,5,2.5,16968,15469,2,0,2,4,3,0,0,3,109,164.0,97.5,47.0,30.9,0.53,0.44,0.97,0.11,0.09,0.2,1.26,64,12.8,,3,,5.6,4.8,4.8
99,Milambo,Antoni,Milambo,4,3,50,0,0,i,0,Knee injury - Unknown return date,2026-07-23T12:01:23.384798Z,0.0,0,0.0,0,0,0.0,6,6,0,0,0,0,0,0,0,0,0,0.0,0.0,0.0,0.0,0.00,0.00,0.00,0,0,0,0,0,0,,,,0.0,0.0,0.0
100,Carvalho,Fábio,Freitas Gouveia Carvalho,4,3,50,0,0,a,100,,2026-08-18T13:58:17.442072Z,1.5,6,6.0,3,0,0.0,549,144,1,0,0,0,0,0,0,0,23,33.2,0.3,33.0,6.7,0.43,0.00,0.43,12.9,0.0,12.9,3.9,0,0.0,,,,1.2,1.5,1.5
102,Yarmoliuk,Yehor,Yarmoliuk,4,3,48,-2,0,a,,,,2.0,9,1.8,216,2,0.6,1116,2799,0,1,1,4,1,0,0,0,50,53.0,60.5,20.0,13.4,0.10,0.30,0.40,0.04,0.12,0.16,1.91,26,10.83,,,,1.9,2.0,2.0
103,Dasilva,Josh,Dasilva,4,3,49,-1,0,i,0,Hamstring injury - Expected back 10 Oct,2026-09-04T13:30:08.371955Z,0.0,0,0.0,0,0,0.0,8,89,0,0,0,0,0,0,0,0,0,0.0,0.0,0.0,0.0,0.00,0.00,0.00,0,0,0,0,0,0,,,,0.0,0.0,0.0
105,Anthony,Jaidon,Anthony,4,3,59,-1,0,a,,,,3.5,15,3.0,267,3,0.1,2000,496,1,0,2,3,1,0,0,2,59,65.0,89.3,58.0,21.2,1.15,0.54,1.69,0.39,0.18,0.57,1.18,26,8.76,,,,2.5,3.5,3.5
106,Thiago,Igor Thiago,Nascimento Rodrigues,4,4,78,-2,0,a,,,,2.5,10,2.0,442,5,9.0,45937,31998,1,0,2,4,2,0,0,0,37,48.8,43.6,146.0,23.6,3.13,0.16,3.29,0.64,0.03,0.67,1.27,19,3.87,1,,,1.3,2.5,2.5
107,Furo,Kaye,Furo,4,4,45,0,0,i,0,Unspecified injury - Unknown return date,2026-09-14T14:00:09.985723Z,0.0,0,0.0,0,0,0.9,508,8353,0,0,0,0,0,0,0,0,0,0.0,0.0,0.0,0.0,0.00,0.00,0.00,0,0,0,0,0,0,,,,0.0,0.0,0.0
108,Wilson,Callum,Wilson,4,4,54,-1,-1,a,,,,0.5,3,1.0,13,0,0.3,978,2162,0,0,0,0,0,0,0,0,9,3.2,10.4,12.0,2.6,0.07,0.04,0.11,0.48,0.28,0.76,1.04,2,13.85,,,,0.6,0.5,0.5
565,M.Sangaré,Mamadou,Sangaré,4,3,56,1,-1,a,,,,2.0,22,4.4,321,4,10.0,7328,127641,0,2,1,3,2,0,0,3,76,76.4,57.8,40.0,17.1,0.41,0.65,1.06,0.11,0.18,0.29,1.21,48,13.46,,,,3.9,2.0,2.0
620,Diouf,El Hadji Malick,Diouf,4,2,45,0,0,a,,,,0.5,2,1.0,39,0,0.1,406,601,0,0,0,0,0,0,0,0,7,5.6,1.3,0.0,0.7,0.00,0.01,0.01,0.0,0.02,0.02,1.45,2,4.62,,,,0.4,0.5,0.5
657,Nunes,Gustavo,Nunes Fernandes Gomes,4,3,45,0,0,a,,,,0.0,0,0.0,0,0,0.0,294,234,0,0,0,0,0,0,0,0,0,0.0,0.0,0.0,0.0,0.00,0.00,0.00,0,0,0,0,0,0,,,,0.0,0.0,0.0
660,Fredrick,Benjamin,Fredrick,4,2,40,0,0,a,,,,0.0,0,0.0,0,0,0.0,441,56,0,0,0,0,0,0,0,0,0,0.0,0.0,0.0,0.0,0.00,0.00,0.00,0,0,0,0,0,0,,,,0.0,1.1,1.1
661,Balcombe,Ellery,Balcombe,4,1,40,0,0,a,,,,0.0,0,0.0,0,0,0.0,2521,428,0,0,0,0,0,0,0,0,0,0.0,0.0,0.0,0.0,0.00,0.00,0.00,0,0,0,0,0,0,,,,0.0,1.0,1.0
109,Verbruggen,Bart,Verbruggen,5,1,45,0,0,a,,,,4.2,23,4.6,450,5,21.6,61210,60358,0,0,3,5,0,0,12,0,107,113.8,3.0,0.0,11.7,0.00,0.20,0.20,0.0,0.04,0.04,1.73,0,0.0,,,,5.1,4.2,4.2
111,Steele,Jason,Steele,5,1,40,0,0,a,,,,0.0,0,0.0,0,0,4.1,6193,12800,0,0,0,0,0,0,0,0,0,0.0,0.0,0.0,0.0,0.00,0.00,0.00,0,0,0,0,0,0,,,,0.0,0.0,0.0
113,F.Kadıoğlu,Ferdi,Kadıoğlu,5,2,44,-1,0,a,100,,2026-08-23T13:00:07.595211Z,3.2,13,3.2,332,4,1.6,3463,5966,0,0,2,5,1,0,0,0,46,31.2,58.1,32.0,12.2,0.12,0.13,0.25,0.03,0.04,0.07,2.05,10,2.71,,3,,3.0,3.2,3.2
114,Boscagli,Olivier,Boscagli,5,2,45,0,0,a,,,,3.2,19,3.8,437,5,0.3,1701,639,0,0,3,5,1,0,0,0,93,77.2,115.7,21.0,21.4,0.07,0.53,0.60,0.01,0.11,0.12,1.74,29,5.97,,,,4.2,3.2,3.2
115,De Cuyper,Maxim,De Cuyper,5,2,49,4,0,a,,,,5.2,38,7.6,423,5,27.4,254236,16355,1,3,3,5,2,0,0,5,132,108.4,171.8,57.0,33.8,1.55,0.67,2.22,0.33,0.14,0.47,1.83,16,3.4,,2,4,7.8,5.2,5.2
116,Dunk,Lewis,Dunk,5,2,45,0,0,d,75,Neck injury - 75% chance of playing,2026-09-22T09:30:09.629652Z,4.0,22,5.5,360,4,1.5,7335,7624,1,0,2,5,1,0,0,1,79,116.2,14.6,11.0,14.3,0.03,0.09,0.12,0.01,0.02,0.03,1.76,23,5.75,,,3,4.9,4.0,3.0
117,Coppola,Diego,Coppola,5,2,45,0,0,a,,,,0.0,0,0.0,0,0,0.0,93,77,0,0,0,0,0,0,0,0,0,0.0,0.0,0.0,0.0,0.00,0.00,0.00,0,0,0,0,0,0,,,,0.0,0.0,0.0
118,Igor,Igor Julio,dos Santos de Paulo,5,2,45,0,0,u,0,Has joined Burnley permanently,2026-09-02T15:38:15.529699Z,0.0,0,0.0,0,0,0.0,0,242,0,0,0,0,0,0,0,0,0,0.0,0.0,0.0,0.0,0.00,0.00,0.00,0,0,0,0,0,0,,,,0.0,0.0,0.0
119,Costinha,João Pedro,Loureiro da Costa,5,2,45,0,0,a,,,,0.8,4,0.8,68,0,0.0,138,112,0,0,0,0,1,0,0,0,18,16.4,20.0,18.0,5.4,0.12,0.30,0.42,0.16,0.4,0.56,1.35,7,9.26,,,,0.9,0.8,0.8
120,Svoboda,Michael,Svoboda,5,2,50,0,0,a,,,,0.2,1,1.0,4,0,0.1,1195,386,0,0,0,0,0,0,0,0,5,2.4,0.0,0.0,0.2,0.00,0.00,0.00,0.0,0.0,0.0,3.15,1,22.5,,,,0.2,0.2,0.2
121,Mitoma,Mitoma,Kaoru,5,3,59,-1,0,i,0,Hamstring injury - Expected back 10 Oct,2026-07-24T18:30:10.661894Z,0.0,0,0.0,0,0,0.0,94,143,0,0,0,0,0,0,0,0,0,0.0,0.0,0.0,0.0,0.00,0.00,0.00,0,0,0,0,0,0,,,,0.0,0.0,0.0
122,Minteh,Yankuba,Minteh,5,3,58,-2,-1,i,0,Leg injury - Expected back 28 Nov,2026-08-14T18:00:06.418033Z,0.0,0,0.0,0,0,0.0,38,174,0,0,0,0,0,0,0,0,0,0.0,0.0,0.0,0.0,0.00,0.00,0.00,0,0,0,0,0,0,,5,,0.0,0.0,0.0
123,Hinshelwood,Jack,Hinshelwood,5,3,59,-1,0,i,0,Ankle injury - Expected back 10 Oct,2026-08-27T19:30:07.780933Z,0.0,16,16.0,63,1,0.6,216,5831,2,0,1,0,0,0,0,3,54,72.8,13.4,59.0,14.5,1.41,0.02,1.43,2.01,0.03,2.04,0.27,3,4.29,,,,2.7,0.0,0.0
124,Groß,Pascal,Groß,5,3,58,3,1,a,,,,11.2,47,9.4,450,5,28.1,714895,9177,3,4,3,5,2,0,0,9,166,211.0,216.0,84.0,50.8,1.77,0.86,2.63,0.35,0.17,0.52,1.73,26,5.2,1,1,1,8.1,11.2,11.2
125,Georginio,Georginio,Rutter,5,4,53,-2,-1,a,100,,2026-08-26T16:00:07.608056Z,0.2,6,3.0,104,1,0.5,2210,3345,0,1,1,0,0,0,0,0,24,20.2,11.7,19.0,5.1,0.17,0.45,0.62,0.15,0.39,0.54,0.89,9,7.79,,,,1.1,0.2,0.2
126,O'Riley,Matt,O'Riley,5,3,54,-1,0,a,,,,0.5,2,1.0,10,0,0.1,341,480,0,0,0,0,0,0,0,0,6,8.2,10.5,19.0,3.8,0.28,0.01,0.29,2.52,0.09,2.61,1.62,3,27.0,3,,,0.4,0.5,0.5
127,Gomez,Diego,Gómez Amarilla,5,3,50,0,0,a,,,,4.5,24,4.8,433,5,4.0,10550,34547,0,3,3,5,0,0,0,0,80,84.2,103.4,126.0,31.4,0.79,0.78,1.57,0.16,0.16,0.32,1.76,36,7.48,,,5,4.8,4.5,4.5
128,Buonanotte,Facundo,Buonanotte,5,3,50,0,0,u,0,Has joined Elche on loan for the rest of the season,2026-08-10T14:03:07.561436Z,0.0,0,0.0,0,0,0.0,0,6,0,0,0,0,0,0,0,0,0,0.0,0.0,0.0,0.0,0.00,0.00,0.00,0,0,0,0,0,0,,,,0.0,0.0,0.0
129,Ayari,Yasin,Ayari,5,3,54,-1,0,a,100,,2026-08-30T18:00:07.935334Z,3.2,15,3.8,333,4,0.4,1894,1730,1,0,3,1,1,0,0,0,71,56.0,48.9,68.0,16.9,0.70,0.18,0.88,0.19,0.05,0.24,1.52,21,5.68,,4,2,2.8,3.2,3.2
130,Wieffer,Mats,Wieffer,5,2,49,-1,0,i,0,Knee injury - Unknown return date,2026-09-04T09:30:08.612904Z,0.0,7,3.5,156,2,0.2,25,1672,0,0,1,4,0,0,0,1,38,37.0,35.5,10.0,8.3,0.12,0.13,0.25,0.07,0.08,0.15,1.83,15,8.65,,,,1.4,0.0,0.0
132,Howell,Harry,Howell,5,3,45,0,0,u,0,Has joined Leicester City on loan for the rest of the season,2026-08-17T13:53:19.019938Z,0.0,0,0.0,0,0,0.0,0,175,0,0,0,0,0,0,0,0,0,0.0,0.0,0.0,0.0,0.00,0.00,0.00,0,0,0,0,0,0,,,,0.0,0.0,0.0
133,Watson,Tom,Watson,5,3,50,0,0,u,0,Has joined Leicester City on loan for the rest of the season,2026-08-03T14:05:44.459483Z,0.0,0,0.0,0,0,0.0,0,3,0,0,0,0,0,0,0,0,0,0.0,0.0,0.0,0.0,0.00,0.00,0.00,0,0,0,0,0,0,,,,0.0,0.0,0.0
134,Oriola,Nehemiah,Oriola,5,3,45,0,0,a,,,,0.0,0,0.0,0,0,0.2,297,1200,0,0,0,0,0,0,0,0,0,0.0,0.0,0.0,0.0,0.00,0.00,0.00,0,0,0,0,0,0,,,,0.0,0.0,0.0
135,Yohanna,Zadok,Yohanna,5,3,49,-1,0,i,0,Unspecified injury - Expected back 10 Oct,2026-09-10T13:00:08.617941Z,0.0,1,1.0,12,0,0.0,16,334,0,0,0,0,0,0,0,0,3,0.2,1.3,0.0,0.2,0.00,0.03,0.03,0.0,0.22,0.22,0.0,0,0.0,,,,0.2,0.0,0.0
137,Tzimas,Stefanos,Tzimas,5,4,54,-1,0,i,0,Knee injury - Unknown return date,2026-07-23T12:01:23.432796Z,0.0,0,0.0,0,0,0.0,27,40,0,0,0,0,0,0,0,0,0,0.0,0.0,0.0,0.0,0.00,0.00,0.00,0,0,0,0,0,0,,,,0.0,0.0,0.0
138,Kostoulas,Charalampos,Kostoulas,5,4,56,1,1,a,,,,6.8,28,5.6,353,4,3.7,269142,13237,2,3,2,5,1,0,0,3,105,95.8,39.1,127.0,26.1,1.35,0.06,1.41,0.34,0.02,0.36,1.96,27,6.88,,,,5.0,6.8,6.8
139,Ferguson,Evan,Ferguson,5,4,50,0,0,i,0,Ankle injury - Expected back 10 Oct,2026-07-23T12:01:23.448357Z,0.0,0,0.0,0,0,0.0,106,224,0,0,0,0,0,0,0,0,0,0.0,0.0,0.0,0.0,0.00,0.00,0.00,0,0,0,0,0,0,,,,0.0,0.0,0.0
328,Struijk,Pascal,Struijk,5,2,49,-1,0,d,75,Hamstring injury - 75% chance of playing,2026-09-22T10:00:09.404233Z,1.8,7,2.3,98,1,0.2,626,595,0,0,1,0,1,0,0,0,31,32.2,1.5,7.0,4.0,0.16,0.01,0.17,0.15,0.01,0.16,1.56,10,9.18,,,,1.4,1.8,1.4
504,Vuskovic,Luka,Vušković,5,2,50,0,0,a,,,,6.5,32,6.4,437,5,3.6,46857,10199,1,0,3,5,0,0,0,2,98,128.2,18.0,72.0,21.8,0.46,0.07,0.53,0.09,0.01,0.1,1.74,43,8.86,,,,6.4,6.5,6.5
594,David,Promise,David,5,4,59,-1,-1,a,,,,0.2,1,0.5,23,0,0.2,2634,1909,0,0,0,0,1,0,0,0,-4,0.0,3.7,4.0,0.4,0.42,0.00,0.42,1.64,0.0,1.64,0.55,0,0.0,2,,,0.2,0.2,0.2
600,Osman,Ibrahim,Osman,5,3,50,0,0,a,,,,0.5,3,1.0,40,0,0.0,97,110,0,0,0,1,0,0,0,0,15,7.2,17.8,19.0,4.2,0.05,0.07,0.12,0.11,0.16,0.27,0.72,4,9.0,,,,0.6,0.5,0.5
605,Yalcouyé,Malick,Yalcouyé,5,3,45,0,0,a,,,,4.8,20,4.0,236,3,4.0,22478,29472,2,0,1,4,0,0,0,1,96,109.2,70.3,111.0,29.1,1.46,0.45,1.91,0.56,0.17,0.73,2.51,19,7.25,,,,4.4,4.8,4.8
614,Hadjam,Jaouen,Hadjam,5,2,45,0,0,a,,,,0.0,0,0.0,0,0,0.0,220,219,0,0,0,0,0,0,0,0,0,0.0,0.0,0.0,0.0,0.00,0.00,0.00,0,0,0,0,0,0,,,,0.0,0.0,0.0
624,Cozier-Duberry,Amario,Cozier-Duberry,5,3,50,0,0,u,0,Has joined Middlesbrough on loan for the rest of the season,2026-09-02T15:38:15.552951Z,0.0,0,0.0,0,0,0.0,0,4,0,0,0,0,0,0,0,0,0,0.0,0.0,0.0,0.0,0.00,0.00,0.00,0,0,0,0,0,0,,,,0.0,0.0,0.0
639,Andrés,José María,Andrés Baixauli,5,3,55,0,0,a,,,,4.0,12,6.0,109,1,0.0,2390,248,1,1,1,0,0,0,0,0,37,52.2,17.9,39.0,10.9,0.52,0.12,0.64,0.43,0.1,0.53,1.4,13,10.73,,,,2.2,4.0,4.0
652,Azeez,Femi,Azeez,5,3,55,0,0,i,0,Hamstring injury - Expected back 10 Oct,2026-09-04T11:30:08.661589Z,0.0,0,0.0,0,0,0.0,14,37,0,0,0,0,0,0,0,0,0,0.0,0.0,0.0,0.0,0.00,0.00,0.00,0,0,0,0,0,0,,,,0.0,0.0,0.0
658,Ibrahim,Younes,Ibrahim,5,3,45,0,0,a,,,,0.0,0,0.0,0,0,0.0,263,188,0,0,0,0,0,0,0,0,0,0.0,0.0,0.0,0.0,0.00,0.00,0.00,0,0,0,0,0,0,,,,0.0,0.0,0.0
28,Martinez,Emiliano,Martínez Romero,6,1,50,0,0,a,,,,2.2,9,2.2,360,4,4.8,6189,19283,0,0,0,10,0,0,18,0,61,145.0,30.0,0.0,17.5,0.00,0.01,0.01,0.0,0.0,0.0,1.87,0,0.0,,,,1.8,2.2,2.2
40,Rogers,Morgan,Rogers,6,3,77,2,0,a,,,,5.2,29,5.8,437,5,40.4,122035,60648,3,1,0,12,1,0,0,2,135,159.0,140.1,140.0,43.9,1.72,1.23,2.95,0.35,0.25,0.6,1.8,31,6.38,,3,,3.8,5.2,5.2
101,Henderson,Jordan,Henderson,6,3,49,-1,0,a,100,,2026-08-09T09:30:07.136250Z,0.5,2,2.0,90,1,0.0,431,123,0,0,0,3,0,0,0,0,16,16.6,10.4,0.0,2.7,0.00,0.08,0.08,0.0,0.08,0.08,2.65,10,10.0,,,,0.4,0.2,0.5
136,Welbeck,Danny,Welbeck,6,4,59,-1,0,a,100,,2026-08-20T14:00:07.949090Z,1.0,4,1.3,85,1,1.0,6063,8068,0,0,0,1,0,0,0,0,15,14.4,32.7,14.0,6.1,0.00,0.14,0.14,0.0,0.15,0.15,2.11,5,5.29,,,,0.7,1.0,1.0
140,Sánchez,Robert,Lynch Sánchez,6,1,49,-1,0,u,0,Has joined Como on loan for the rest of the season,2026-09-02T16:20:41.841936Z,0.0,2,2.0,90,1,0.7,0,3728,0,0,0,2,0,0,4,0,6,21.4,0.0,0.0,2.1,0.00,0.01,0.01,0.0,0.01,0.01,1.33,0,0.0,,,,0.4,0.0,0.0
141,Jörgensen,Filip,Jörgensen,6,1,50,0,0,u,0,Has joined RC Strasbourg on loan for the rest of the season,2026-08-12T14:07:02.607115Z,0.0,0,0.0,0,0,0.0,0,28,0,0,0,0,0,0,0,0,0,0.0,0.0,0.0,0.0,0.00,0.00,0.00,0,0,0,0,0,0,,,,0.0,0.0,0.0
142,James,Reece,James,6,2,54,-1,0,d,75,Hamstring injury - 75% chance of playing,2026-09-18T10:30:09.719371Z,0.8,3,0.8,292,3,5.9,521,69158,0,0,0,7,1,0,0,0,24,56.2,42.6,49.0,14.8,0.33,0.26,0.59,0.1,0.08,0.18,1.51,13,4.01,,1,1,0.6,0.6,0.6
143,Chalobah,Trevoh,Chalobah,6,2,55,0,0,u,0,Has joined Como permanently,2026-08-10T14:03:50.769483Z,0.0,0,0.0,0,0,0.1,0,253,0,0,0,0,0,0,0,0,0,0.0,0.0,0.0,0.0,0.00,0.00,0.00,0,0,0,0,0,0,,,,0.0,0.0,0.0
144,Gusto,Malo,Gusto,6,2,49,-1,-1,a,,,,0.8,4,1.0,272,3,1.0,1418,6211,0,0,0,7,0,0,0,0,12,32.0,37.2,13.0,8.2,0.08,0.12,0.20,0.03,0.04,0.07,1.16,15,4.96,,,,0.8,0.8,0.8
145,Fofana,Wesley,Fofana,6,2,50,0,0,a,100,,2026-07-23T12:01:23.464591Z,2.0,8,2.0,312,4,0.2,2016,1047,0,0,0,7,1,0,0,0,35,100.4,29.2,4.0,13.4,0.00,0.08,0.08,0.0,0.02,0.02,1.63,47,13.56,,,,1.6,2.0,2.0
146,B.Badiashile,Benoît,Badiashile Mukinayi,6,2,45,0,0,u,0,Has joined Napoli on loan for the rest of the season,2026-08-25T14:03:47.079414Z,0.0,0,0.0,0,0,0.0,0,37,0,0,0,0,0,0,0,0,0,0.0,0.0,0.0,0.0,0.00,0.00,0.00,0,0,0,0,0,0,,,,0.0,0.0,0.0
148,Hato,Jorrel,Hato,6,2,45,0,0,a,,,,1.8,8,2.0,258,4,0.8,680,6640,0,2,0,9,0,0,0,0,14,77.0,47.1,15.0,14.0,0.01,0.21,0.22,0.0,0.07,0.07,1.68,18,6.28,,,,1.8,1.8,1.8
149,Colwill,Levi,Samuels Colwill,6,2,48,-2,-1,a,,,,0.8,3,0.8,341,4,0.9,889,4766,0,0,0,9,1,0,0,0,17,61.6,16.6,13.0,9.2,0.01,0.05,0.06,0.0,0.01,0.01,1.76,26,6.86,,,,0.6,0.8,0.8
150,M.Sarr,Mamadou,Sarr,6,2,45,0,0,u,0,Has joined Real Sociedad on loan for the rest of the season,2026-08-29T00:34:23.077418Z,0.0,0,0.0,0,0,0.0,0,129,0,0,0,0,0,0,0,0,0,0.0,0.0,0.0,0.0,0.00,0.00,0.00,0,0,0,0,0,0,,,,0.0,0.0,0.0
151,Acheampong,Josh,Acheampong,6,2,45,0,0,a,,,,0.5,5,1.2,221,2,0.3,348,1658,0,0,0,7,0,0,0,0,5,43.0,5.5,6.0,5.4,0.00,0.03,0.03,0.0,0.01,0.01,1.92,20,8.14,,,,1.1,0.5,0.5
152,Palestra,Marco,Palestra,6,2,53,-2,0,d,50,Thigh injury - 50% chance of playing,2026-08-24T18:30:07.421239Z,0.0,0,0.0,0,0,0.6,170,3295,0,0,0,0,0,0,0,0,0,0.0,0.0,0.0,0.0,0.00,0.00,0.00,0,0,0,0,0,0,,,,0.0,0.0,0.0
154,Palmer,Cole,Palmer,6,3,97,2,0,d,75,Muscular injury - 75% chance of playing,2026-09-21T13:00:09.022726Z,3.8,28,5.6,442,5,26.0,42185,134467,2,2,0,12,1,0,0,3,148,151.0,145.3,144.0,44.1,1.31,0.79,2.10,0.27,0.16,0.43,1.78,29,5.9,1,,2,2.9,3.8,2.8
156,Neto,Pedro,Lomba Neto,6,3,65,0,0,a,,,,3.2,14,2.8,332,4,1.4,3990,8535,1,0,0,8,0,0,0,0,81,82.0,92.6,108.0,28.2,0.68,0.58,1.26,0.18,0.16,0.34,1.8,28,7.59,,2,3,2.2,3.2,3.2
157,Estêvão,Estêvão,Almeida de Oliveira Gonçalves,6,3,63,-2,0,a,,,,0.8,4,1.0,23,0,0.7,1371,3786,0,0,0,1,0,0,0,0,17,8.6,1.6,38.0,5.0,0.07,0.07,0.14,0.27,0.27,0.54,3.95,2,7.83,2,4,,0.6,0.8,0.8
158,Gittens,Jamie,Bynoe-Gittens,6,3,58,-2,-1,a,,,,0.0,0,0.0,0,0,0.0,131,180,0,0,0,0,0,0,0,0,0,0.0,0.0,0.0,0.0,0.00,0.00,0.00,0,0,0,0,0,0,,,,0.0,0.0,0.0
159,Caicedo,Moisés,Caicedo Corozo,6,3,53,-2,0,d,50,Calf injury - 50% chance of playing,2026-08-30T16:00:08.393562Z,0.2,1,1.0,13,0,1.1,348,7727,0,0,0,0,0,0,0,0,3,0.0,0.1,0.0,0.0,0.00,0.00,0.00,0.0,0.0,0.0,0.48,0,0.0,,,,0.2,0.1,0.1
161,Lavia,Roméo,Lavia,6,3,50,0,0,a,,,,2.5,11,2.8,258,4,0.2,346,2201,1,0,0,8,1,0,0,0,61,65.8,29.1,66.0,16.1,0.75,0.11,0.86,0.26,0.04,0.3,1.77,31,10.81,,,,2.2,2.5,2.5
163,D.Essugo,Dário,Luís Essugo,6,3,45,0,0,u,0,Has joined RC Strasbourg on loan for the rest of the season,2026-09-02T16:20:41.865225Z,0.0,0,0.0,0,0,0.1,0,609,0,0,0,0,0,0,0,0,0,0.0,0.0,0.0,0.0,0.00,0.00,0.00,0,0,0,0,0,0,,,,0.0,0.0,0.0
164,Quenda,Geovany,Quenda,6,3,53,-2,0,a,100,,2026-07-24T20:30:10.609931Z,0.2,2,1.0,27,0,0.0,57,151,0,0,0,2,0,0,0,0,5,1.6,2.1,8.0,1.2,0.03,0.01,0.04,0.1,0.03,0.13,4.3,1,3.33,,,,0.4,0.2,0.2
165,João Pedro,João Pedro,Junqueira de Jesus,6,4,77,2,-1,d,75,Knee injury - 75% chance of playing,2026-09-16T19:00:09.919929Z,5.5,33,8.2,360,4,65.5,48420,350214,3,3,0,9,1,0,0,7,141,158.4,90.0,123.0,37.0,2.17,0.19,2.36,0.54,0.05,0.59,1.54,9,2.25,,,,4.3,4.1,4.1
168,Marc Guiu,Marc,Guiu Paz,6,4,50,0,0,u,0,Has joined RB Leipzig permanently,2026-09-01T13:24:48.857362Z,0.0,0,0.0,0,0,0.2,0,1308,0,0,0,0,0,0,0,0,0,0.0,0.0,0.0,0.0,0.00,0.00,0.00,0,0,0,0,0,0,,,,0.0,0.0,0.0
169,Mheuka,Shumaira,Mheuka,6,4,45,0,0,a,,,,0.0,0,0.0,0,0,0.5,3727,3018,0,0,0,0,0,0,0,0,0,0.0,0.0,0.0,0.0,0.00,0.00,0.00,0,0,0,0,0,0,,,,0.0,0.0,0.0
170,Emegha,Emmanuel,Emegha,6,4,50,0,0,i,0,Hamstring injury - Expected back 10 Oct,2026-09-09T15:00:09.063849Z,0.0,0,0.0,0,0,0.1,64,920,0,0,0,0,0,0,0,0,0,0.0,0.0,0.0,0.0,0.00,0.00,0.00,0,0,0,0,0,0,,,,0.0,0.0,0.0
200,Lacroix,Maxence,Lacroix,6,2,59,-1,-1,a,,,,1.8,13,2.6,364,4,6.8,6378,25560,0,1,0,10,1,0,0,0,28,116.2,13.9,14.0,14.4,0.15,0.22,0.37,0.04,0.05,0.09,1.96,47,11.62,,,,2.2,1.8,1.8
560,Penders,Mike,Penders,6,1,44,-1,0,a,,,,0.0,0,0.0,0,0,0.1,208,247,0,0,0,0,0,0,0,0,0,0.0,0.0,0.0,0.0,0.00,0.00,0.00,0,0,0,0,0,0,,,,0.0,0.0,0.0
561,Anselmino,Aaron,Anselmino,6,2,45,0,0,a,100,,2026-08-23T19:00:08.536705Z,0.0,0,0.0,0,0,0.0,51,95,0,0,0,0,0,0,0,0,0,0.0,0.0,0.0,0.0,0.00,0.00,0.00,0,0,0,0,0,0,,,,0.0,0.0,0.0
568,Barco,Valentín,Barco,6,3,54,-1,0,a,,,,0.8,3,1.0,115,1,0.1,188,383,0,0,0,3,1,0,0,0,29,12.8,7.2,11.0,3.0,0.07,0.11,0.18,0.05,0.09,0.14,2.21,12,9.39,,,,0.6,0.8,0.8
583,Chavarria,Pep,Chavarría,6,2,49,-1,0,a,,,,1.0,5,1.0,208,1,0.1,343,454,0,0,0,4,0,0,0,0,17,30.8,31.4,12.0,7.5,0.04,0.07,0.11,0.02,0.03,0.05,1.77,16,6.92,,,,1.0,1.0,1.0
662,Nicoll-Jazuli,Mahdi,Nicoll-Jazuli,6,3,45,0,0,a,,,,1.0,1,1.0,3,0,0.0,288,53,0,0,0,1,0,0,0,0,5,4.6,1.7,0.0,0.6,0.00,0.00,0.00,0.0,0.0,0.0,12.9,2,60.0,,,,0.2,1.1,1.1
91,Pinnock,Ethan,Pinnock,7,2,45,0,0,a,,,,3.5,14,3.5,282,3,0.1,314,187,0,0,1,7,1,0,0,0,15,90.8,1.7,10.0,10.3,0.12,0.00,0.12,0.04,0.0,0.04,2.1,44,14.04,,,,3.1,3.5,3.5
104,Onyeka,Frank,Onyeka,7,3,49,-1,0,a,100,,2026-09-15T09:00:07.851220Z,1.8,9,2.2,314,4,0.1,140,390,0,0,1,7,0,0,0,0,34,19.4,4.7,21.0,4.5,0.03,0.02,0.05,0.01,0.01,0.02,1.81,28,8.03,,,,1.8,1.8,1.8
110,Rushworth,Carl,Rushworth,7,1,45,0,0,a,,,,3.8,16,3.2,450,5,0.8,2139,4865,0,1,1,10,0,0,9,2,56,90.6,10.0,0.0,10.1,0.00,0.02,0.02,0.0,0.0,0.0,1.73,0,0.0,,,,3.6,3.8,3.8
171,Dovin,Oliver,Dovin,7,1,40,0,0,u,0,Has joined Leyton Orient on loan for the rest of the season,2026-09-02T15:44:14.839336Z,0.0,0,0.0,0,0,1.0,0,4068,0,0,0,0,0,0,0,0,0,0.0,0.0,0.0,0.0,0.00,0.00,0.00,0,0,0,0,0,0,,,,0.0,0.0,0.0
172,Wilson,Ben,Wilson,7,1,44,-1,0,a,,,,0.0,0,0.0,0,0,0.4,190,559,0,0,0,0,0,0,0,0,0,0.0,0.0,0.0,0.0,0.00,0.00,0.00,0,0,0,0,0,0,,,,0.0,0.0,0.0
173,Thomas,Bobby,Thomas,7,2,40,0,0,a,,,,5.2,24,4.8,437,5,8.6,21144,24836,0,0,2,9,0,0,0,3,78,94.8,33.7,56.0,18.4,0.49,0.30,0.79,0.1,0.06,0.16,1.67,52,10.71,,,,6.0,5.2,5.2
174,Kitching,Liam,Kitching,7,2,40,0,0,u,0,Has joined Sheffield United on loan for the rest of the season,2026-09-02T16:21:03.612394Z,0.0,0,0.0,0,0,0.3,0,1504,0,0,0,0,0,0,0,0,0,0.0,0.0,0.0,0.0,0.00,0.00,0.00,0,0,0,0,0,0,,,,0.0,0.0,0.0
175,van Ewijk,Milan,van Ewijk,7,2,40,0,0,d,75,Hamstring injury - 75% chance of playing,2026-09-19T16:00:09.486751Z,1.2,6,1.5,360,4,8.8,1054,66470,0,0,0,10,1,0,0,0,7,61.6,52.7,14.0,12.8,0.00,0.30,0.30,0.0,0.08,0.08,1.88,27,6.75,,,,1.5,1.2,0.9
176,Dasilva,Jay,Dasilva,7,2,40,0,0,a,,,,4.8,20,4.0,444,5,0.7,5110,1330,1,0,1,10,0,0,0,3,54,110.6,67.7,35.0,21.5,0.50,0.52,1.02,0.1,0.11,0.21,1.75,23,4.66,,,,5.0,4.8,4.8
177,Kesler-Hayden,Kaine,Kesler-Hayden,7,2,39,-1,-1,i,0,Hamstring injury - Unknown return date,2026-08-27T14:56:28.704361Z,0.0,0,0.0,0,0,0.0,879,347,0,0,0,0,0,0,0,0,0,0.0,0.0,0.0,0.0,0.00,0.00,0.00,0,0,0,0,0,0,,,,0.0,0.0,0.0
178,Bidwell,Jake,Bidwell,7,2,40,0,0,a,,,,0.0,0,0.0,0,0,0.1,161,253,0,0,0,0,0,0,0,0,0,0.0,0.0,0.0,0.0,0.00,0.00,0.00,0,0,0,0,0,0,,,,0.0,0.0,0.0
179,Latibeaudiere,Joel,Latibeaudiere,7,2,40,0,0,a,,,,0.2,1,1.0,1,0,0.0,60,114,0,0,0,0,0,0,0,0,3,7.0,0.0,0.0,0.7,0.00,0.00,0.00,0.0,0.0,0.0,1.8,2,180.0,,,,0.2,0.2,0.2
180,Woolfenden,Luke,Woolfenden,7,2,40,0,0,i,0,Knee injury - Unknown return date,2026-08-27T14:56:28.718566Z,0.0,0,0.0,0,0,0.1,20,445,0,0,0,0,0,0,0,0,0,0.0,0.0,0.0,0.0,0.00,0.00,0.00,0,0,0,0,0,0,,,,0.0,0.0,0.0
181,Brau,Miguel,Brau,7,2,40,0,0,u,0,Has joined Academico de Viseu on loan for the rest of the season,2026-08-29T00:35:59.980316Z,0.0,0,0.0,0,0,0.0,0,85,0,0,0,0,0,0,0,0,0,0.0,0.0,0.0,0.0,0.00,0.00,0.00,0,0,0,0,0,0,,,,0.0,0.0,0.0
182,Amenda,Aurèle,Amenda,7,2,40,0,0,i,0,Calf injury - Unknown return date,2026-09-17T07:30:09.329041Z,0.8,4,1.0,360,4,0.6,26,5805,0,0,0,10,1,0,0,0,-3,62.8,14.5,15.0,9.4,0.02,0.39,0.41,0.0,0.1,0.1,1.88,24,6.0,,,,1.0,0.2,0.0
183,Rudoni,Jack,Rudoni,7,3,49,-1,0,a,100,,2026-07-23T12:01:23.481435Z,3.0,13,2.6,297,4,0.1,742,563,0,0,2,4,0,0,0,0,51,51.2,140.8,80.0,27.2,0.92,1.11,2.03,0.28,0.34,0.62,1.36,34,10.3,,5,1,2.7,3.0,3.0
184,Grimes,Matt,Grimes,7,3,49,-1,0,a,,,,2.2,11,2.2,443,5,0.1,154,753,0,0,1,9,0,0,0,0,62,64.4,48.0,6.0,11.8,0.12,0.13,0.25,0.02,0.03,0.05,1.71,38,7.72,3,1,,2.2,2.2,2.2
185,Sakamoto,Tatsuhiro,Sakamoto,7,3,48,-2,0,a,,,,0.2,1,1.0,31,0,0.1,109,336,0,0,0,1,0,0,0,0,8,6.2,5.9,7.0,1.9,0.02,0.02,0.04,0.06,0.06,0.12,2.0,4,11.61,,,,0.2,0.2,0.2
186,Mason-Clark,Ephron,Mason-Clark,7,3,53,-2,-1,a,100,,2026-08-19T18:00:08.310507Z,1.2,5,1.2,231,4,0.1,62,318,0,0,0,3,0,0,0,0,19,15.4,51.6,52.0,11.7,0.51,0.12,0.63,0.2,0.05,0.25,1.23,15,5.84,,,,0.9,1.2,1.2
187,Eccles,Josh,Eccles,7,3,48,-2,-1,i,0,Unspecified injury - Expected back 12 Oct,2026-09-10T18:30:08.877110Z,0.0,0,0.0,0,0,0.0,11,81,0,0,0,0,0,0,0,0,0,0.0,0.0,0.0,0.0,0.00,0.00,0.00,0,0,0,0,0,0,,,,0.0,0.0,0.0
188,Torp,Victor,Torp,7,3,53,-2,-1,a,,,,0.5,3,1.0,53,0,0.1,39,375,0,0,0,2,0,0,0,0,13,7.2,20.4,0.0,2.7,0.00,0.12,0.12,0.0,0.2,0.2,2.07,3,5.09,2,2,2,0.6,0.5,0.5
189,Shepherd,George,Shepherd,7,3,44,-1,0,a,,,,0.0,0,0.0,0,0,0.3,3526,1966,0,0,0,0,0,0,0,0,0,0.0,0.0,0.0,0.0,0.00,0.00,0.00,0,0,0,0,0,0,,,,0.0,0.0,0.0
190,Tchaouna,Loum,Tchaouna,7,3,54,-1,0,a,,,,0.8,5,1.2,211,2,0.1,17,296,0,0,0,3,0,0,0,0,32,25.4,50.5,46.0,12.3,0.23,0.18,0.41,0.1,0.08,0.18,1.38,18,7.68,,3,,0.9,0.8,0.8
191,Borges Rodrigues,Raphael,Borges Rodrigues,7,3,45,0,0,u,0,Has joined Burton Albion on loan for the rest of the season,2026-09-02T15:44:14.868001Z,0.0,0,0.0,0,0,0.1,0,582,0,0,0,0,0,0,0,0,0,0.0,0.0,0.0,0.0,0.00,0.00,0.00,0,0,0,0,0,0,,,,0.0,0.0,0.0
192,Andrews,Kai,Andrews,7,3,45,0,0,u,0,Has joined Oxford United on loan for the rest of the season,2026-08-29T00:35:59.998520Z,0.0,0,0.0,0,0,0.3,0,1705,0,0,0,0,0,0,0,0,0,0.0,0.0,0.0,0.0,0.00,0.00,0.00,0,0,0,0,0,0,,,,0.0,0.0,0.0
193,Wright,Haji,Wright,7,4,54,-1,0,i,0,Thigh injury - Unknown return date,2026-08-14T22:00:07.214508Z,0.0,0,0.0,0,0,0.1,37,452,0,0,0,0,0,0,0,0,0,0.0,0.0,0.0,0.0,0.00,0.00,0.00,0,0,0,0,0,0,1,,,0.0,0.0,0.0
194,Thomas-Asante,Brandon,Thomas-Asante,7,4,50,0,0,a,,,,1.8,9,1.8,227,2,0.8,6464,4943,0,0,1,6,0,0,0,0,43,29.8,4.5,49.0,8.4,0.34,0.06,0.39,0.13,0.02,0.15,1.97,27,10.7,4,,,1.8,1.8,1.8
195,Simms,Ellis,Simms,7,4,49,-1,-1,a,,,,0.5,4,1.3,104,1,0.6,1255,4630,0,0,0,3,0,0,0,0,13,7.8,22.6,37.0,6.8,0.30,0.01,0.31,0.26,0.01,0.27,2.41,3,2.6,,,,0.8,0.5,0.5
196,Markelo,Jahnoah,Markelo,7,4,50,0,0,u,0,Has joined Shabab Al-Ahli Dubai permanently,2026-08-17T13:53:55.791223Z,0.0,0,0.0,0,0,0.0,0,56,0,0,0,0,0,0,0,0,0,0.0,0.0,0.0,0.0,0.00,0.00,0.00,0,0,0,0,0,0,,,,0.0,0.0,0.0
197,Bassette,Norman,Bassette,7,4,45,0,0,u,0,Has joined KVC Westerlo on loan for the rest of the season,2026-07-28T12:58:50.001768Z,0.0,0,0.0,0,0,0.0,0,127,0,0,0,0,0,0,0,0,0,0.0,0.0,0.0,0.0,0.00,0.00,0.00,0,0,0,0,0,0,,,,0.0,0.0,0.0
492,Awoniyi,Taiwo,Awoniyi,7,4,54,-1,-1,s,0,Suspended until 19 Oct,2026-09-13T15:00:09.305127Z,0.5,3,0.8,232,3,0.4,52,4423,0,0,0,7,0,1,0,0,11,13.6,46.2,78.0,13.6,1.30,0.04,1.34,0.5,0.02,0.52,1.38,11,4.27,5,,,0.6,0.0,0.0
575,Yirenkyi,Caleb,Yirenkyi,7,3,48,-2,-1,a,,,,2.0,9,1.8,265,3,0.1,240,862,0,0,2,5,1,0,0,0,36,15.4,41.6,7.0,6.0,0.03,0.15,0.18,0.01,0.05,0.06,1.44,21,7.13,,,,1.9,2.0,2.0
584,Hamer,Gustavo,Hamer,7,3,54,-1,0,a,,,,0.5,3,1.0,32,0,0.1,38,339,0,0,0,1,0,0,0,0,6,0.6,1.8,0.0,0.3,0.00,0.02,0.02,0.0,0.06,0.06,2.31,3,8.44,,4,,0.6,0.5,0.5
599,Cherif,Sidiki,Cherif,7,4,50,0,0,a,,,,0.2,1,1.0,30,0,0.1,429,662,0,0,0,3,0,0,0,0,3,1.0,0.2,0.0,0.1,0.00,0.00,0.00,0.0,0.0,0.0,4.29,1,3.0,,,,0.2,0.2,0.2
623,Bentley,Dan,Bentley,7,1,40,0,0,a,,,,0.0,0,0.0,0,0,0.6,7297,1858,0,0,0,0,0,0,0,0,0,0.0,0.0,0.0,0.0,0.00,0.00,0.00,0,0,0,0,0,0,,,,0.0,0.0,0.0
655,Gboho,Yann,Gboho,7,3,55,0,0,a,,,,0.0,0,0.0,0,0,0.0,59,46,0,0,0,0,0,0,0,0,0,0.0,0.0,0.0,0.0,0.00,0.00,0.00,0,0,0,0,0,0,,,,0.0,0.0,0.0
656,Mfuni,Stephen,Mfuni,7,2,40,0,0,a,,,,3.0,6,6.0,90,1,0.1,1571,709,0,0,1,0,0,0,0,0,27,17.6,0.7,4.0,2.2,0.00,0.01,0.01,0.0,0.01,0.01,1.1,8,8.0,,,,1.5,3.0,3.0
42,Guessand,Evann,Guessand,8,3,54,-1,0,a,,,,0.2,2,1.0,54,0,0.0,89,226,0,0,0,1,0,0,0,0,6,5.4,2.1,7.0,1.5,0.03,0.03,0.06,0.05,0.05,0.1,0.57,2,3.33,,,,0.4,0.2,0.2
153,Disasi,Axel,Disasi,8,2,45,0,0,s,0,Suspended until 25 Oct,2026-09-12T15:30:09.445078Z,0.2,1,0.3,139,2,0.1,20,664,0,0,0,6,0,1,0,0,-6,34.8,13.4,2.0,5.0,0.00,0.04,0.04,0.0,0.03,0.03,2.41,20,12.95,,,,0.2,0.0,0.0
198,Henderson,Dean,Henderson,8,1,50,0,0,i,0,Foot injury - Expected back 11 Oct,2026-09-12T14:00:09.378740Z,0.8,5,1.7,270,3,1.3,106,9428,0,0,0,8,0,0,12,0,37,96.8,0.0,0.0,9.6,0.00,0.00,0.00,0.0,0.0,0.0,2.16,0,0.0,,,,1.0,0.0,0.0
199,Benitez,Walter,Benítez,8,1,45,0,0,a,,,,2.0,8,4.0,180,2,0.1,546,278,0,0,1,3,0,0,5,0,29,37.4,0.0,0.0,3.8,0.00,0.00,0.00,0.0,0.0,0.0,1.5,0,0.0,,,,1.8,2.0,2.0
202,Richards,Chris,Richards,8,2,50,0,0,a,,,,2.8,14,2.8,450,5,0.6,1338,1864,0,0,1,11,1,0,0,0,48,131.4,7.7,24.0,16.2,0.08,0.07,0.15,0.02,0.01,0.03,1.89,54,10.8,,,,2.8,2.8,2.8
203,Canvot,Jaydee,Canvot,8,2,48,-2,-1,a,,,,2.2,10,2.5,360,4,0.2,316,742,0,0,1,8,0,0,0,0,38,83.0,25.3,7.0,11.5,0.05,0.13,0.18,0.01,0.03,0.04,1.94,34,8.5,,,,2.1,2.2,2.2
204,Mitchell,Tyrick,Mitchell,8,2,45,0,0,a,,,,5.8,24,4.8,419,5,6.0,11525,13483,2,0,1,10,0,0,0,3,68,128.2,67.9,62.0,25.8,0.77,0.26,1.03,0.17,0.06,0.23,1.79,25,5.37,,,,5.3,5.8,5.8
205,Sosa,Borna,Sosa,8,2,45,0,0,u,0,Has joined FC Cologne on loan for the rest of the season,2026-09-02T16:03:25.710518Z,0.0,0,0.0,0,0,0.0,0,88,0,0,0,0,0,0,0,0,0,0.0,0.0,0.0,0.0,0.00,0.00,0.00,0,0,0,0,0,0,,,,0.0,0.0,0.0
206,Chadi Riad,Chadi,Riad Dnanou,8,2,43,-2,-1,i,0,Knee injury - Unknown return date,2026-08-22T18:00:07.352049Z,0.0,1,1.0,72,1,0.0,20,107,0,0,0,2,0,0,0,0,7,12.6,1.3,0.0,1.4,0.00,0.01,0.01,0.0,0.01,0.01,1.22,7,8.75,,,,0.2,0.0,0.0
207,Mingueza,Oscar,Mingueza,8,2,44,-1,0,a,,,,0.5,2,1.0,16,0,0.1,65,241,0,0,0,1,0,0,0,0,5,3.2,0.4,0.0,0.3,0.00,0.00,0.00,0.0,0.0,0.0,1.86,2,11.25,,,,0.5,0.5,0.5
208,Sarr,Ismaïla,Sarr,8,3,62,-3,0,a,100,,2026-08-22T18:00:07.363165Z,0.2,1,1.0,8,0,0.6,2121,1838,0,0,0,0,0,0,0,0,3,0.0,0.5,0.0,0.1,0.00,0.01,0.01,0.0,0.11,0.11,0.68,0,0.0,2,,,0.2,0.2,0.2
210,Wharton,Adam,Wharton,8,3,54,-1,-1,a,100,,2026-07-23T12:01:23.498963Z,2.0,12,2.4,436,5,0.7,991,3992,0,0,1,10,1,0,0,0,77,73.0,97.0,18.0,18.9,0.15,0.58,0.73,0.03,0.12,0.15,1.84,41,8.46,,2,,2.2,2.0,2.0
211,Yeremy,Yéremy,Pino Santos,8,3,55,0,0,a,,,,3.2,14,2.8,307,4,0.3,608,2312,0,2,1,6,1,0,0,0,70,30.2,94.1,33.0,15.8,0.52,0.55,1.07,0.15,0.16,0.31,2.03,26,7.62,,1,1,2.5,3.2,3.2
212,Hughes,Will,Hughes,8,3,44,-1,0,a,,,,0.5,2,1.0,29,0,7.4,7762,38513,0,0,0,1,0,0,0,0,9,8.0,15.3,0.0,2.4,0.00,0.04,0.04,0.0,0.12,0.12,3.48,7,21.72,,4,,0.5,0.5,0.5
213,Lerma,Jefferson,Lerma Solís,8,3,48,-2,-1,a,,,,0.2,1,0.5,51,0,0.1,67,314,0,0,0,1,1,0,0,0,6,17.6,0.8,11.0,3.0,0.26,0.00,0.26,0.46,0.0,0.46,2.21,12,21.18,,,,0.2,0.2,0.2
214,Kamada,Daichi,Kamada,8,3,50,0,0,a,,,,4.5,21,4.2,441,5,0.5,2673,2530,0,3,1,10,1,0,0,0,109,95.6,81.2,42.0,21.9,0.47,0.38,0.85,0.1,0.08,0.18,1.81,38,7.76,,3,,4.2,4.5,4.5
215,Devenny,Justin,Devenny,8,3,50,0,0,u,0,Has joined Stoke City permanently,2026-09-02T15:41:07.346849Z,0.0,0,0.0,0,0,0.0,0,30,0,0,0,0,0,0,0,0,0,0.0,0.0,0.0,0.0,0.00,0.00,0.00,0,0,0,0,0,0,3,,2,0.0,0.0,0.0
216,Esse,Romain,Esse,8,3,50,0,0,u,0,Has joined Millwall on loan for the rest of the season,2026-09-02T15:41:07.376544Z,0.0,0,0.0,0,0,0.0,0,99,0,0,0,0,0,0,0,0,0,0.0,0.0,0.0,0.0,0.00,0.00,0.00,0,0,0,0,0,0,,,,0.0,0.0,0.0
217,M.França,Matheus,França de Oliveira,8,3,49,-1,0,u,0,Has joined Alverca on loan for the rest of the season,2026-09-11T14:42:19.322912Z,0.0,0,0.0,0,0,0.0,0,126,0,0,0,0,0,0,0,0,0,0.0,0.0,0.0,0.0,0.00,0.00,0.00,0,0,0,0,0,0,,,,0.0,0.0,0.0
218,Doucouré,Cheick,Doucouré,8,3,48,-2,-1,a,,,,0.0,0,0.0,0,0,0.0,85,251,0,0,0,0,0,0,0,0,0,0.0,0.0,0.0,0.0,0.00,0.00,0.00,0,0,0,0,0,0,,,,0.0,0.0,0.0
219,J.Rak-Sakyi,Jesurun,Rak-Sakyi,8,3,49,-1,0,u,0,has joined  Kasimpasa on loan for the rest of the seaon.,2026-09-10T09:12:47.224598Z,0.0,0,0.0,0,0,0.0,0,19,0,0,0,0,0,0,0,0,0,0.0,0.0,0.0,0.0,0.00,0.00,0.00,0,0,0,0,0,0,,,,0.0,0.0,0.0
220,Cardines,Rio,Cardines,8,2,45,0,0,u,0,Has joined Bristol City on loan for the rest of the season,2026-08-12T14:08:46.501813Z,0.0,0,0.0,0,0,0.0,0,3,0,0,0,0,0,0,0,0,0,0.0,0.0,0.0,0.0,0.00,0.00,0.00,0,0,0,0,0,0,,,,0.0,0.0,0.0
221,Drakes-Thomas,Joél,Drakes-Thomas,8,3,45,0,0,a,,,,0.0,0,0.0,0,0,0.1,121,359,0,0,0,0,0,0,0,0,0,0.0,0.0,0.0,0.0,0.00,0.00,0.00,0,0,0,0,0,0,,,,0.0,0.0,0.0
222,Strand Larsen,Jørgen,Strand Larsen,8,4,60,0,0,a,,,,3.2,14,2.8,298,3,0.6,3793,3294,1,0,1,5,0,0,0,2,69,62.6,32.5,65.0,16.1,0.43,0.20,0.63,0.13,0.06,0.19,1.86,13,3.93,,,,2.3,3.2,3.2
223,Mateta,Jean-Philippe,Mateta,8,4,63,-2,0,i,0,Hamstring injury - Expected back 11 Oct,2026-08-28T21:00:08.020382Z,0.0,2,2.0,62,1,1.3,167,7563,0,0,0,2,0,0,0,0,-3,1.4,12.3,11.0,2.5,0.70,0.02,0.72,1.02,0.03,1.05,1.42,5,7.26,1,,,0.3,0.0,0.0
224,Nketiah,Eddie,Nketiah,8,4,55,0,0,a,100,,2026-09-12T14:00:09.427136Z,1.8,8,2.0,175,3,0.5,1011,2917,0,1,0,7,0,0,0,0,38,34.2,46.4,50.0,13.0,1.10,0.60,1.70,0.57,0.31,0.88,2.32,12,6.17,,,,1.5,1.8,1.8
225,Uche,Christantus,Uche,8,4,50,0,0,u,0,has returned to Getafe CF,2026-07-23T12:18:56.275922Z,0.0,0,0.0,0,0,0.0,0,0,0,0,0,0,0,0,0,0,0,0.0,0.0,0.0,0.0,0.00,0.00,0.00,0,0,0,0,0,0,,,,0.0,0.0,0.0
241,McNeil,Dwight,McNeil,8,3,54,-1,0,a,,,,0.2,3,1.5,84,1,0.1,55,404,0,0,0,3,0,0,0,0,13,10.0,5.0,2.0,1.7,0.05,0.02,0.07,0.05,0.02,0.07,1.26,7,7.5,,,,0.6,0.2,0.2
555,Matthews,Remi,Matthews,8,1,40,0,0,a,,,,0.0,0,0.0,0,0,1.7,912,2595,0,0,0,0,0,0,0,0,0,0.0,0.0,0.0,0.0,0.00,0.00,0.00,0,0,0,0,0,0,,,,0.0,0.0,0.0
577,Tomiyasu,Takehiro,Tomiyasu,8,2,44,-1,0,d,75,Calf injury - 75% chance of playing,2026-09-21T13:30:09.030724Z,0.5,3,0.8,189,2,0.3,143,868,0,0,0,5,0,0,0,0,10,35.8,15.6,8.0,6.0,0.00,0.03,0.03,0.0,0.01,0.01,1.9,17,8.1,,,,0.7,0.5,0.4
588,Khalaili,Anan,Khalaili,8,2,50,0,0,a,,,,4.5,19,3.8,379,4,0.3,1656,880,1,0,1,8,1,0,0,0,54,128.2,48.8,48.0,22.5,0.96,0.33,1.29,0.23,0.08,0.31,2.0,44,10.45,,,,3.8,4.5,4.5
595,Gozo,Zavier,Gozo,8,3,50,0,0,a,,,,0.5,2,1.0,28,0,0.0,33,67,0,0,0,2,0,0,0,0,6,1.4,1.6,0.0,0.3,0.00,0.00,0.00,0.0,0.0,0.0,2.19,1,3.21,,,,0.4,0.5,0.5
633,Ahanor,Honest,Ahanor,8,2,45,0,0,a,,,,1.0,3,3.0,90,1,0.0,114,97,0,0,0,3,0,0,0,0,10,24.6,11.9,4.0,4.1,0.00,0.01,0.01,0.0,0.01,0.01,1.68,11,11.0,,,,0.7,1.0,1.0
643,Chilwell,Ben,Chilwell,8,2,45,0,0,a,,,,2.7,8,4.0,29,0,0.4,470,2592,1,0,0,1,0,0,0,0,21,33.4,4.2,21.0,5.9,0.27,0.01,0.28,0.84,0.03,0.87,3.48,1,3.1,,,,1.8,2.7,2.7
644,Timber,Quinten,Timber,8,3,50,0,0,a,,,,3.0,9,3.0,253,3,0.0,390,260,0,0,1,5,0,0,0,0,45,37.8,29.1,34.0,10.0,0.24,0.06,0.30,0.09,0.02,0.11,1.98,27,9.6,,,,1.8,3.0,3.0
647,Osorio,Darío,Osorio,8,3,55,0,0,a,,,,0.3,1,1.0,1,0,0.0,20,62,0,0,0,0,0,0,0,0,2,2.0,0.3,0.0,0.2,0.00,0.00,0.00,0.0,0.0,0.0,11.7,1,90.0,,,,0.2,0.3,0.3
21,Nørgaard,Christian,Nørgaard,9,3,49,-1,0,i,0,Groin injury - Unknown return date,2026-08-15T20:00:06.779594Z,0.0,0,0.0,0,0,0.0,32,256,0,0,0,0,0,0,0,0,0,0.0,0.0,0.0,0.0,0.00,0.00,0.00,0,0,0,0,0,0,,,,0.0,0.0,0.0
209,Johnson,Brennan,Johnson,9,3,59,-1,0,a,,,,2.0,9,1.8,238,3,0.1,309,608,0,0,2,1,1,0,0,0,26,23.0,52.8,25.0,10.0,1.03,0.22,1.25,0.39,0.08,0.47,1.41,26,9.83,,,,1.5,2.0,2.0
226,Pickford,Jordan,Pickford,9,1,55,0,0,a,,,,4.5,25,5.0,450,5,9.1,24748,12361,0,0,3,3,0,0,15,1,121,119.2,0.0,0.0,12.0,0.00,0.02,0.02,0.0,0.0,0.0,1.39,0,0.0,,,,4.5,4.5,4.5
227,Travers,Mark,Travers,9,1,50,0,0,a,,,,0.0,0,0.0,0,0,0.0,205,221,0,0,0,0,0,0,0,0,0,0.0,0.0,0.0,0.0,0.00,0.00,0.00,0,0,0,0,0,0,,,,0.0,0.0,0.0
228,King,Tom,King,9,1,45,0,0,a,,,,0.0,0,0.0,0,0,0.0,90,141,0,0,0,0,0,0,0,0,0,0.0,0.0,0.0,0.0,0.00,0.00,0.00,0,0,0,0,0,0,,,,0.0,0.0,0.0
229,Tarkowski,James,Tarkowski,9,2,61,1,0,a,,,,9.2,43,8.6,450,5,16.1,188563,15335,1,1,3,3,0,0,0,7,138,149.6,25.6,30.0,20.5,0.18,0.04,0.22,0.04,0.01,0.05,1.39,51,10.2,,,,7.0,9.2,9.2
230,Branthwaite,Jarrad,Branthwaite,9,2,55,0,0,a,,,,5.2,27,5.4,450,5,2.4,16481,5455,0,0,3,3,0,0,0,0,97,145.4,7.2,73.0,22.5,0.17,0.02,0.19,0.03,0.0,0.03,1.39,54,10.8,,,,4.9,5.2,5.2
231,Keane,Michael,Keane,9,2,48,-2,0,a,,,,0.0,0,0.0,0,0,0.7,330,3323,0,0,0,0,0,0,0,0,0,0.0,0.0,0.0,0.0,0.00,0.00,0.00,0,0,0,0,0,0,,,,0.0,0.0,0.0
232,O'Brien,Jake,O'Brien,9,2,48,-2,-1,a,,,,0.5,2,1.0,16,0,0.3,279,958,0,0,0,0,0,0,0,0,5,3.0,0.0,0.0,0.3,0.00,0.00,0.00,0.0,0.0,0.0,2.36,2,11.25,,,,0.4,0.5,0.5
233,Mykolenko,Vitalii,Mykolenko,9,2,46,1,1,a,,,,5.2,27,5.4,450,5,4.2,38043,14074,0,0,3,3,1,0,0,3,109,105.6,35.7,13.0,15.5,0.04,0.16,0.20,0.01,0.03,0.04,1.39,39,7.8,,,,5.9,5.2,5.2
234,Patterson,Nathan,Patterson,9,2,45,0,0,u,0,Has joined Torino permanently,2026-09-02T16:05:23.326971Z,0.0,0,0.0,0,0,0.0,0,98,0,0,0,0,0,0,0,0,0,0.0,0.0,0.0,0.0,0.00,0.00,0.00,0,0,0,0,0,0,,,,0.0,0.0,0.0
235,Aznou,Adam,Aznou,9,2,40,0,0,u,0,Has joined Malaga on loan for the rest of the season,2026-09-01T13:23:16.934847Z,0.0,0,0.0,0,0,0.1,0,469,0,0,0,0,0,0,0,0,0,0.0,0.0,0.0,0.0,0.00,0.00,0.00,0,0,0,0,0,0,,,,0.0,0.0,0.0
236,Dewsbury-Hall,Kiernan,Dewsbury-Hall,9,3,66,1,1,a,,,,2.2,20,4.0,450,5,6.0,31690,39207,1,0,3,3,1,0,0,3,110,102.8,160.8,125.0,38.9,0.99,0.83,1.82,0.2,0.17,0.37,1.35,42,8.4,,2,,3.0,2.2,2.2
238,Grealish,Jack,Grealish,9,3,65,0,0,a,100,,2026-07-29T10:00:10.492904Z,1.2,6,1.5,135,1,0.5,2985,2552,0,0,1,1,0,0,0,0,36,21.6,71.7,20.0,11.4,0.02,0.44,0.46,0.01,0.29,0.3,1.11,13,8.67,,,,0.9,1.2,1.2
239,Garner,James,Garner,9,3,60,0,0,a,100,,2026-09-06T18:00:08.301702Z,2.5,11,2.2,328,4,0.2,1385,1699,0,0,2,2,2,0,0,0,71,51.4,68.3,13.0,13.4,0.20,0.17,0.37,0.05,0.05,0.1,0.95,45,12.35,2,1,1,1.8,2.5,2.5
242,George,Tyrique,George,9,3,55,0,0,a,,,,4.0,19,3.8,309,4,0.9,2055,9734,1,0,2,3,0,0,0,3,77,64.0,86.2,75.0,22.5,0.35,0.32,0.67,0.1,0.09,0.19,1.08,18,5.24,,,,3.5,4.0,4.0
243,Alcaraz,Carlos,Alcaraz Durán,9,3,49,-1,0,a,,,,0.0,1,0.5,5,0,0.1,137,355,0,0,0,0,1,0,0,0,5,5.0,0.8,25.0,2.7,0.05,0.02,0.07,0.9,0.36,1.26,0.72,3,54.0,,,,0.2,0.0,0.0
244,Armstrong,Harrison,Armstrong,9,3,50,0,0,a,100,,2026-09-17T08:30:08.942299Z,2.0,16,3.2,446,5,0.4,682,2991,0,1,3,3,2,0,0,0,61,62.6,64.5,19.0,14.7,0.21,0.49,0.70,0.04,0.1,0.14,1.4,40,8.07,,,,3.2,1.5,2.0
245,Dibling,Tyler,Dibling,9,3,54,-1,0,a,,,,0.2,1,1.0,24,0,0.0,103,131,0,0,0,0,0,0,0,0,10,7.2,24.4,26.0,5.8,0.17,0.16,0.33,0.64,0.6,1.24,1.42,0,0.0,,,,0.2,0.2,0.2
246,Röhl,Merlin,Röhl,9,3,49,-1,0,i,0,Unspecified injury - Expected back 11 Oct,2026-09-16T18:00:09.541933Z,0.8,6,2.0,249,3,0.0,6,525,0,0,1,2,1,0,0,0,35,26.6,32.1,2.0,6.1,0.00,0.20,0.20,0.0,0.07,0.07,1.63,24,8.67,,,,1.2,0.0,0.0
247,Hackney,Hayden,Hackney,9,3,54,-1,-1,a,100,,2026-08-26T22:00:07.797766Z,1.8,10,2.0,137,1,0.2,170,963,0,1,1,1,0,0,0,0,39,40.4,50.0,21.0,11.1,0.05,0.13,0.18,0.03,0.09,0.12,2.57,12,7.88,,3,,1.9,1.8,1.8
248,Beto,Norberto Bercique,Gomes Betuncal,9,4,54,-1,0,u,0,Has joined Fiorentina permanently,2026-09-02T16:05:23.357221Z,0.2,2,1.0,31,0,0.6,0,6266,0,0,0,0,0,0,0,0,5,3.0,0.3,5.0,0.8,0.09,0.00,0.09,0.26,0.0,0.26,5.57,1,2.9,,,,0.4,0.0,0.0
249,Barry,Thierno,Barry,9,4,56,1,0,a,,,,3.0,20,4.0,417,5,8.2,65642,32170,2,0,3,3,0,0,0,2,83,85.8,72.0,207.0,36.5,3.50,0.15,3.65,0.76,0.03,0.79,1.08,17,3.67,1,,,3.6,3.0,3.0
649,Maitland-Niles,Ainsley,Maitland-Niles,9,2,45,0,0,a,,,,7.0,21,7.0,177,2,1.3,16762,3556,1,0,2,1,0,0,0,2,75,67.2,38.8,8.0,11.4,0.06,0.25,0.31,0.03,0.13,0.16,1.02,13,6.61,,,,4.7,7.0,7.0
654,Graham,Braiden,Graham,9,3,45,0,0,a,,,,0.0,0,0.0,0,0,0.1,200,878,0,0,0,0,0,0,0,0,0,0.0,0.0,0.0,0.0,0.00,0.00,0.00,0,0,0,0,0,0,,,,0.0,0.0,0.0
250,Leno,Bernd,Leno,10,1,45,0,0,a,,,,4.0,18,3.6,450,5,3.3,31462,8081,0,0,1,8,0,0,16,2,77,127.6,0.0,0.0,12.8,0.00,0.00,0.00,0.0,0.0,0.0,1.82,0,0.0,,,,4.0,4.0,4.0
251,Lecomte,Benjamin,Lecomte,10,1,40,0,0,a,,,,0.0,0,0.0,0,0,1.1,2092,2063,0,0,0,0,0,0,0,0,0,0.0,0.0,0.0,0.0,0.00,0.00,0.00,0,0,0,0,0,0,,,,0.0,0.0,0.0
252,McNally,Alfie,McNally,10,1,40,0,0,u,0,Has joined York City on loan for the rest of the season,2026-09-01T13:25:11.231240Z,0.0,0,0.0,0,0,0.1,0,525,0,0,0,0,0,0,0,0,0,0.0,0.0,0.0,0.0,0.00,0.00,0.00,0,0,0,0,0,0,,,,0.0,0.0,0.0
253,Andersen,Joachim,Andersen,10,2,50,0,0,a,100,,2026-07-23T12:01:23.516350Z,0.8,3,1.0,190,2,0.1,2309,917,0,0,0,5,1,0,0,0,12,52.2,35.8,8.0,9.6,0.00,0.10,0.10,0.0,0.05,0.05,2.06,20,9.47,,,,0.6,0.8,0.8
254,Robinson,Antonee,Robinson,10,2,45,0,0,a,,,,2.8,12,2.4,429,5,1.4,13237,5189,0,0,1,8,0,0,0,0,65,93.6,106.7,18.0,21.8,0.26,0.30,0.56,0.05,0.06,0.11,1.9,31,6.5,2,,,2.7,2.8,2.8
255,J.Cuenca,Jorge,Cuenca Barreno,10,2,45,0,0,a,,,,0.0,3,3.0,90,1,0.0,51,86,0,0,0,3,0,0,0,0,7,32.8,21.3,0.0,5.4,0.00,0.03,0.03,0.0,0.03,0.03,2.24,10,10.0,,,,0.7,0.0,0.0
256,Tete,Kenny,Tete,10,2,44,-1,0,a,100,,2026-09-18T12:30:09.546158Z,0.0,0,0.0,27,0,0.2,39,952,0,0,0,0,1,0,0,0,-1,1.6,0.3,2.0,0.4,0.00,0.00,0.00,0.0,0.0,0.0,2.17,3,10.0,,,,0.0,0.0,0.0
257,Bassey,Calvin,Bassey,10,2,45,0,0,a,,,,3.8,15,3.0,450,5,0.7,4174,1378,0,1,1,8,1,0,0,1,69,97.0,15.3,40.0,15.2,0.13,0.08,0.21,0.03,0.02,0.05,1.82,29,5.8,,,,3.3,3.8,3.8
258,Castagne,Timothy,Castagne,10,2,45,0,0,a,,,,3.5,20,4.0,408,5,0.9,12595,3864,0,2,2,7,2,0,0,0,64,90.4,58.6,57.0,20.6,0.67,0.39,1.06,0.15,0.09,0.24,1.5,29,6.4,,,,4.4,3.5,3.5
261,Iwobi,Alex,Iwobi,10,3,54,-1,0,a,,,,3.0,14,2.8,408,5,0.7,2679,2711,0,0,2,7,0,0,0,2,94,60.6,167.5,49.0,27.7,0.39,1.22,1.61,0.09,0.27,0.36,1.8,29,6.4,3,1,1,2.6,3.0,3.0
262,Smith Rowe,Emile,Smith Rowe,10,3,54,-1,0,a,,,,0.8,3,1.0,38,0,0.2,241,1144,0,0,0,0,0,0,0,0,11,6.6,23.8,9.0,4.0,0.06,0.02,0.08,0.14,0.05,0.19,2.06,3,7.11,,,,0.6,0.8,0.8
263,Kevin,Kevin,Santos Lopes de Macedo,10,3,53,-2,0,a,,,,0.8,4,1.0,61,0,0.0,164,229,0,0,0,1,0,0,0,0,14,10.6,6.8,18.0,3.5,0.07,0.12,0.19,0.1,0.18,0.28,1.81,8,11.8,,4,,0.8,0.8,0.8
264,Bobb,Oscar,Bobb,10,3,55,0,0,a,,,,2.8,13,2.6,343,5,0.3,1753,1494,0,0,3,6,0,0,0,0,53,42.0,118.7,77.0,23.8,0.54,1.14,1.68,0.14,0.3,0.44,1.62,28,7.35,,2,,2.4,2.8,2.8
265,Berge,Sander,Berge,10,3,49,-1,0,a,,,,2.2,11,2.2,349,4,0.3,498,1099,0,0,2,5,0,0,0,0,67,51.4,81.0,22.0,15.4,0.08,0.36,0.44,0.02,0.09,0.11,1.9,19,4.9,,,,2.2,2.2,2.2
266,Cairney,Tom,Cairney,10,3,49,-1,0,i,0,Knee injury - Expected back 10 Oct,2026-08-14T18:00:06.460944Z,0.0,0,0.0,0,0,0.0,7,19,0,0,0,0,0,0,0,0,0,0.0,0.0,0.0,0.0,0.00,0.00,0.00,0,0,0,0,0,0,,,,0.0,0.0,0.0
268,King,Josh,King,10,3,55,0,0,a,,,,4.2,24,4.8,425,5,2.5,71540,14291,2,0,2,7,1,0,0,3,109,111.4,67.2,179.0,35.8,1.54,0.46,2.00,0.33,0.1,0.43,1.76,28,5.93,,,,4.4,4.2,4.2
269,Sessegnon,Ryan,Sessegnon,10,2,43,-2,-1,a,100,,2026-09-14T11:30:07.403957Z,0.5,3,1.0,50,0,0.3,224,1135,0,0,0,1,0,0,0,0,13,17.2,26.3,31.0,7.5,0.13,0.44,0.57,0.23,0.79,1.02,3.24,3,5.4,,3,,0.7,0.4,0.5
270,Reed,Harrison,Reed,10,3,44,-1,0,a,,,,0.0,0,0.0,0,0,1.1,2461,5903,0,0,0,0,0,0,0,0,0,0.0,0.0,0.0,0.0,0.00,0.00,0.00,0,0,0,0,0,0,,,,0.0,0.0,0.0
271,Muniz,Rodrigo,Muniz Carvalho,10,4,54,-1,0,a,,,,0.5,3,0.8,38,0,0.4,1381,2315,0,0,0,1,1,0,0,0,14,11.4,22.2,36.0,7.0,0.40,0.00,0.40,0.95,0.0,0.95,2.01,3,7.11,,,,0.6,0.5,0.5
272,Kusi-Asare,Jonah,Kusi-Asare,10,4,45,0,0,a,,,,0.0,0,0.0,0,0,5.4,8957,28886,0,0,0,0,0,0,0,0,0,0.0,0.0,0.0,0.0,0.00,0.00,0.00,0,0,0,0,0,0,,,,0.0,0.0,0.0
569,Gonzalo,Gonzalo,García,10,4,60,0,0,a,,,,2.0,14,2.8,425,5,3.9,51032,27041,1,0,2,7,0,0,0,0,53,53.0,46.8,125.0,22.1,2.33,0.58,2.91,0.49,0.12,0.61,1.76,18,3.81,1,,,2.3,2.0,2.0
570,Palacios,César,Palacios,10,3,54,-1,0,a,,,,2.5,12,3.0,226,3,0.2,630,828,1,0,0,7,1,0,0,1,48,45.4,32.6,62.0,14.0,0.98,0.03,1.01,0.39,0.01,0.4,2.17,17,6.77,,,,2.2,2.5,2.5
580,Charles,Shea,Charles,10,3,50,0,0,a,,,,3.0,13,2.6,303,3,0.1,453,328,0,0,1,5,0,0,0,0,60,85.4,46.1,14.0,14.5,0.09,0.16,0.25,0.03,0.05,0.08,1.98,46,13.66,,,,2.6,3.0,3.0
610,De Fougerolles,Luc,De Fougerolles,10,2,40,0,0,u,0,has joined  Real Salt Lake on loan for the rest of the seaon.,2026-08-28T11:30:08.336405Z,0.0,0,0.0,0,0,0.1,0,436,0,0,0,0,0,0,0,0,0,0.0,0.0,0.0,0.0,0.00,0.00,0.00,0,0,0,0,0,0,,,,0.0,0.0,0.0
626,Zepa,Macaulay,Zepa,10,3,45,0,0,a,,,,0.0,0,0.0,0,0,0.3,107,1923,0,0,0,0,0,0,0,0,0,0.0,0.0,0.0,0.0,0.00,0.00,0.00,0,0,0,0,0,0,,,,0.0,0.0,0.0
635,Larsson,Hugo,Larsson,10,3,50,0,0,a,,,,1.0,3,1.0,37,0,0.0,77,60,0,0,0,1,0,0,0,0,9,6.8,1.9,9.0,1.8,0.13,0.23,0.36,0.32,0.56,0.88,2.14,6,14.59,,,,0.6,1.0,1.0
636,Ángel,Manuel Ángel,Morán Ibáñez,10,3,50,0,0,a,,,,0.0,0,0.0,0,0,0.0,25,21,0,0,0,0,0,0,0,0,0,0.0,0.0,0.0,0.0,0.00,0.00,0.00,0,0,0,0,0,0,,,,0.0,0.0,0.0
650,Affengruber,David,Affengruber,10,2,45,0,0,a,,,,4.0,12,6.0,180,2,0.0,2514,551,0,0,1,1,0,0,0,0,40,51.0,14.6,0.0,6.6,0.00,0.02,0.02,0.0,0.01,0.01,1.44,23,11.5,,,,2.7,4.0,4.0
240,Iroegbunam,Tim,Iroegbunam,11,3,50,0,0,a,100,,2026-08-15T20:00:06.878792Z,0.5,2,0.7,70,0,0.0,68,121,0,0,0,0,1,0,0,0,10,9.2,11.5,10.0,3.1,0.12,0.01,0.13,0.15,0.01,0.16,0.77,9,11.57,,,,0.4,0.5,0.5
273,Phillips,Dillon,Phillips,11,1,40,0,0,a,,,,0.0,0,0.0,0,0,1.4,2483,2862,0,0,0,0,0,0,0,0,0,0.0,0.0,0.0,0.0,0.00,0.00,0.00,0,0,0,0,0,0,,,,0.0,0.0,0.0
274,Butland,Jack,Butland,11,1,44,-1,-1,i,0,Arm injury - Unknown return date,2026-08-08T19:00:05.601633Z,0.0,0,0.0,0,0,0.1,58,264,0,0,0,0,0,0,0,0,0,0.0,0.0,0.0,0.0,0.00,0.00,0.00,0,0,0,0,0,0,,,,0.0,0.0,0.0
275,Cartwright,Harvey,Cartwright,11,1,40,0,0,u,0,Has joined Grimsby Town on loan for the rest of the season,2026-07-29T13:00:27.959925Z,0.0,0,0.0,0,0,0.0,0,22,0,0,0,0,0,0,0,0,0,0.0,0.0,0.0,0.0,0.00,0.00,0.00,0,0,0,0,0,0,,,,0.0,0.0,0.0
276,Lo-Tutala,Thimothée,Lo-Tutala,11,1,40,0,0,u,0,Has joined Colchester United on loan for the rest of the season,2026-08-17T13:50:27.125537Z,0.0,0,0.0,0,0,0.0,0,100,0,0,0,0,0,0,0,0,0,0.0,0.0,0.0,0.0,0.00,0.00,0.00,0,0,0,0,0,0,,,,0.0,0.0,0.0
277,Egan,John,Egan,11,2,41,1,0,a,,,,4.5,26,5.2,437,5,7.0,23644,24823,0,0,3,4,1,0,0,1,71,110.8,1.3,21.0,13.4,0.05,0.00,0.05,0.01,0.0,0.01,1.5,59,12.15,,,,6.3,4.5,4.5
278,Hughes,Charlie,Hughes,11,2,39,-1,0,i,0,Groin injury - Unknown return date,2026-08-02T09:00:11.030017Z,0.0,0,0.0,0,0,0.2,965,1570,0,0,0,0,0,0,0,0,0,0.0,0.0,0.0,0.0,0.00,0.00,0.00,0,0,0,0,0,0,,,,0.0,0.0,0.0
279,Ajayi,Semi,Ajayi,11,2,42,2,0,a,100,,2026-08-22T17:30:07.668197Z,3.2,27,5.4,423,5,14.0,38887,50818,1,0,3,4,1,0,0,2,79,85.6,4.2,51.0,14.1,0.66,0.01,0.67,0.14,0.0,0.14,1.37,27,5.74,,,,6.4,3.2,3.2
280,Coyle,Lewie,Coyle,11,2,40,0,0,a,100,,2026-08-29T16:30:08.151841Z,2.0,14,2.8,348,5,0.7,1791,1712,0,0,2,4,1,0,0,0,49,24.0,29.9,11.0,6.5,0.13,0.07,0.20,0.03,0.02,0.05,1.61,11,2.84,,,,3.5,2.0,2.0
281,Drameh,Cody,Drameh,11,2,40,0,0,u,0,Has joined Genoa permanently,2026-09-02T16:09:06.479140Z,0.2,2,1.0,65,0,0.0,0,209,0,0,0,0,0,0,0,0,8,6.4,0.4,1.0,0.8,0.05,0.00,0.05,0.07,0.0,0.07,1.2,6,8.31,,,,0.5,0.0,0.0
282,Giles,Ryan,Giles,11,2,40,0,0,a,,,,4.5,24,4.8,444,5,2.9,19049,11594,0,1,3,4,1,0,0,2,94,82.8,132.5,6.0,22.2,0.02,0.43,0.45,0.0,0.09,0.09,1.49,24,4.86,,3,1,6.0,4.5,4.5
283,Jacob,Matty,Jacob,11,2,40,0,0,u,0,Has joined Newport County on loan until January,2026-08-02T09:00:11.038361Z,0.0,0,0.0,0,0,0.0,0,31,0,0,0,0,0,0,0,0,0,0.0,0.0,0.0,0.0,0.00,0.00,0.00,0,0,0,0,0,0,,,,0.0,0.0,0.0
284,McCarthy,Cathal,McCarthy,11,2,40,0,0,a,,,,0.0,0,0.0,0,0,0.1,339,377,0,0,0,0,0,0,0,0,0,0.0,0.0,0.0,0.0,0.00,0.00,0.00,0,0,0,0,0,0,,,,0.0,0.0,0.0
285,McNair,Paddy,McNair,11,2,40,0,0,a,100,,2026-09-09T13:30:08.327907Z,0.0,1,1.0,26,0,0.1,165,353,0,0,0,0,0,0,0,0,3,4.2,0.0,0.0,0.4,0.00,0.00,0.00,0.0,0.0,0.0,3.32,2,6.92,,,,0.2,0.0,0.0
286,Belloumi,Mohamed,Belloumi,11,3,51,1,0,a,,,,7.0,31,6.2,394,5,5.0,64705,20600,2,2,3,3,1,0,0,2,111,157.8,67.5,100.0,32.5,0.72,0.43,1.15,0.16,0.1,0.26,1.47,44,10.05,,2,2,6.1,7.0,7.0
287,Millar,Liam,Millar,11,3,50,0,0,u,0,Has joined Birmingham on loan for the rest of the season,2026-09-02T15:36:41.038103Z,1.5,6,3.0,50,0,0.0,0,254,1,0,0,0,1,0,0,0,26,36.0,1.1,15.0,5.2,0.58,0.00,0.58,1.04,0.0,1.04,1.57,4,7.2,,,,1.2,0.0,0.0
288,Dowell,Kieran,Dowell,11,3,45,0,0,a,,,,0.0,0,0.0,0,0,0.3,504,1733,0,0,0,0,0,0,0,0,0,0.0,0.0,0.0,0.0,0.00,0.00,0.00,0,0,0,0,0,0,,,,0.0,0.0,0.0
289,Crooks,Matt,Crooks,11,3,44,-1,-1,a,100,,2026-08-29T15:00:08.569326Z,0.2,3,1.0,203,3,0.5,4440,3598,0,0,1,4,3,0,0,0,17,37.8,17.3,0.0,5.4,0.00,0.12,0.12,0.0,0.05,0.05,1.58,21,9.31,,,,0.7,0.2,0.2
290,Slater,Regan,Slater,11,3,45,0,0,a,,,,2.2,15,3.0,437,5,5.3,13437,32619,0,1,3,4,1,0,0,0,67,62.2,85.1,26.0,17.4,0.21,0.59,0.80,0.04,0.12,0.16,1.5,33,6.8,,1,,3.3,2.2,2.2
291,Matazo,Eliot,Matazo,11,3,45,0,0,i,0,Knee injury - Unknown return date,2026-07-23T12:01:23.532635Z,0.0,0,0.0,0,0,0.0,27,50,0,0,0,0,0,0,0,0,0,0.0,0.0,0.0,0.0,0.00,0.00,0.00,0,0,0,0,0,0,,,,0.0,0.0,0.0
292,Ömür,Abdülkadir,Ömür,11,3,49,-1,0,a,,,,0.0,0,0.0,0,0,0.0,76,127,0,0,0,0,0,0,0,0,0,0.0,0.0,0.0,0.0,0.00,0.00,0.00,0,0,0,0,0,0,,,,0.0,0.0,0.0
293,Kamara,Abu,Kamara,11,3,50,0,0,u,0,Has joined Portsmouth permanently,2026-08-12T14:08:23.542043Z,0.0,0,0.0,0,0,0.0,0,11,0,0,0,0,0,0,0,0,0,0.0,0.0,0.0,0.0,0.00,0.00,0.00,0,0,0,0,0,0,,,,0.0,0.0,0.0
294,Zambrano,Óscar,Zambrano,11,3,45,0,0,a,100,,2026-08-04T18:30:11.016909Z,0.0,0,0.0,0,0,0.1,121,434,0,0,0,0,0,0,0,0,0,0.0,0.0,0.0,0.0,0.00,0.00,0.00,0,0,0,0,0,0,,,,0.0,0.0,0.0
295,McBurnie,Oli,McBurnie,11,4,55,0,0,a,,,,2.0,13,2.6,441,5,1.9,6408,15908,0,2,3,4,3,0,0,0,52,47.2,69.1,114.0,23.0,1.23,0.13,1.36,0.25,0.03,0.28,1.47,21,4.29,1,,,2.4,2.0,2.0
296,Akintola,David,Akintola,11,3,50,0,0,u,0,Has joined Omonoia FC permanently,2026-09-11T14:42:38.120231Z,0.0,0,0.0,0,0,0.0,0,230,0,0,0,0,0,0,0,0,0,0.0,0.0,0.0,0.0,0.00,0.00,0.00,0,0,0,0,0,0,,,,0.0,0.0,0.0
297,Gyabi,Darko,Gyabi,11,3,44,-1,-1,i,0,Thigh injury - Unknown return date,2026-08-04T18:30:11.027155Z,0.0,0,0.0,0,0,0.0,38,111,0,0,0,0,0,0,0,0,0,0.0,0.0,0.0,0.0,0.00,0.00,0.00,0,0,0,0,0,0,,,,0.0,0.0,0.0
298,Destan,Enis,Destan,11,4,45,0,0,u,0,Has joined Konyaspor permanently,2026-08-17T13:50:27.145733Z,0.0,0,0.0,0,0,0.2,0,1095,0,0,0,0,0,0,0,0,0,0.0,0.0,0.0,0.0,0.00,0.00,0.00,0,0,0,0,0,0,,,,0.0,0.0,0.0
299,Burstow,Mason,Burstow,11,4,45,0,0,u,0,Has joined Sheffield Wednesday on loan for the rest of the season,2026-08-03T14:05:20.234842Z,0.0,0,0.0,0,0,0.0,0,195,0,0,0,0,0,0,0,0,0,0.0,0.0,0.0,0.0,0.00,0.00,0.00,0,0,0,0,0,0,,,,0.0,0.0,0.0
340,Gelhardt,Joe,Gelhardt,11,3,50,0,0,a,100,,2026-08-17T21:30:07.799839Z,0.2,1,1.0,7,0,0.0,79,94,0,0,0,0,0,0,0,0,5,1.6,1.3,12.0,1.5,0.10,0.02,0.12,1.29,0.26,1.55,1.67,1,12.86,,,,0.2,0.2,0.2
556,Targett,Matt,Targett,11,2,40,0,0,d,75,Ankle injury - 75% chance of playing,2026-09-17T14:00:26.419938Z,0.0,1,1.0,5,0,1.6,92,8524,0,0,0,0,0,0,0,0,3,0.4,0.0,0.0,0.0,0.00,0.00,0.00,0.0,0.0,0.0,1.26,0,0.0,,,,0.2,0.0,0.0
563,Morita,Hidemasa,Morita,11,3,50,0,0,i,0,Calf injury - Expected back 11 Oct,2026-09-09T14:00:08.474217Z,0.2,1,1.0,45,1,0.0,10,132,0,0,0,0,0,0,0,0,6,11.0,13.4,0.0,2.4,0.00,0.00,0.00,0.0,0.0,0.0,2.18,3,6.0,,,,0.2,0.0,0.0
572,Tzolakis,Konstantinos,Tzolakis,11,1,46,1,0,a,,,,6.0,34,6.8,450,5,12.5,102292,17062,0,0,3,4,1,0,17,6,129,150.0,0.0,0.0,15.0,0.00,0.00,0.00,0.0,0.0,0.0,1.48,0,0.0,,,,7.4,6.0,6.0
574,Hjertø-Dahl,Jens,Hjertø-Dahl,11,3,49,-1,0,a,,,,0.2,1,1.0,8,0,0.1,65,279,0,0,0,0,0,0,0,0,4,0.0,0.0,0.0,0.0,0.00,0.00,0.00,0.0,0.0,0.0,0.0,1,11.25,,,,0.2,0.2,0.2
576,Stroud,Elliot,Stroud,11,3,50,0,0,a,,,,1.0,7,1.8,249,4,0.1,109,401,0,0,2,1,1,0,0,0,17,8.4,22.7,12.0,3.8,0.06,0.05,0.11,0.02,0.02,0.04,1.56,20,7.23,,,,1.4,1.0,1.0
585,Herrington,Lucas,Herrington,11,2,40,0,0,a,,,,1.0,5,1.0,197,1,0.6,891,1411,0,0,0,3,0,0,0,0,19,42.8,23.1,11.0,7.7,0.02,0.04,0.06,0.01,0.02,0.03,1.54,16,7.31,,,,1.2,1.0,1.0
586,Mendy,Nobel,Mendy,11,2,41,1,0,a,100,,2026-09-12T18:00:09.334142Z,2.5,25,6.2,249,4,6.3,5779,30825,1,0,2,1,0,0,0,1,69,108.2,1.4,54.0,16.4,0.32,0.00,0.32,0.12,0.0,0.12,1.45,39,14.1,,,,6.1,0.0,2.5
589,Gourna-Douath,Lucas,Gourna-Douath,11,3,50,0,0,a,,,,1.0,4,1.3,138,1,0.0,29,93,0,0,1,0,1,0,0,0,18,29.4,33.5,2.0,6.5,0.03,0.03,0.06,0.02,0.02,0.04,1.47,17,11.09,,,,0.8,1.0,1.0
617,Cho,Mohamed-Ali,Cho,11,3,50,0,0,a,,,,2.2,9,2.2,72,0,0.0,299,122,1,0,0,1,0,0,0,0,36,49.8,43.9,55.0,14.9,0.79,0.36,1.15,0.99,0.45,1.44,1.22,2,2.5,,,,1.8,2.2,2.2
632,Ansah,Ilyas,Ansah,11,4,50,0,0,i,0,Back injury - Unknown return date,2026-09-09T10:00:08.919489Z,0.0,0,0.0,0,0,0.0,56,358,0,0,0,0,0,0,0,0,0,0.0,0.0,0.0,0.0,0.00,0.00,0.00,0,0,0,0,0,0,,,,0.0,0.0,0.0
637,Vaz,Robinio,Vaz,11,4,50,0,0,a,,,,0.7,2,1.0,20,0,0.1,1526,997,0,0,0,0,0,0,0,0,8,2.4,11.7,2.0,1.6,0.00,0.01,0.01,0.0,0.04,0.04,1.4,2,9.0,,,,0.4,0.7,0.7
638,Norton-Cuffy,Brooke,Norton-Cuffy,11,2,40,0,0,d,75,Hamstring injury - 75% chance of playing,2026-09-21T08:30:09.561308Z,0.3,1,0.5,34,0,0.2,441,2122,0,0,0,0,1,0,0,0,3,2.2,0.6,9.0,1.2,0.05,0.00,0.05,0.13,0.0,0.13,0.79,1,2.65,,,,0.2,0.3,0.2
642,Thomas,Sorba,Thomas,11,3,55,0,0,a,,,,1.3,4,1.3,119,1,0.0,383,295,0,0,0,3,0,0,0,0,13,8.8,40.9,12.0,5.8,0.21,0.11,0.32,0.16,0.08,0.24,1.54,8,6.05,,,,0.7,1.3,1.3
645,Mouzakitis,Christos,Mouzakitis,11,3,50,0,0,a,,,,0.0,0,0.0,0,0,0.0,71,79,0,0,0,0,0,0,0,0,0,0.0,0.0,0.0,0.0,0.00,0.00,0.00,0,0,0,0,0,0,,,,0.0,0.0,0.0
259,Diop,Issa,Diop,12,2,40,0,0,a,,,,2.5,12,2.4,450,5,12.8,6021,47895,0,0,0,11,0,0,0,0,45,121.6,24.2,9.0,15.5,0.06,0.16,0.22,0.01,0.03,0.04,1.8,45,9.0,,,,3.0,2.5,2.5
267,Lukić,Saša,Lukić,12,3,49,-1,-1,a,,,,1.5,11,2.2,400,5,0.1,164,448,0,1,0,10,2,0,0,0,68,71.0,81.2,6.0,15.8,0.02,0.41,0.43,0.0,0.09,0.09,1.66,37,8.32,,1,,2.2,1.5,1.5
300,Walton,Christian,Walton,12,1,44,-1,0,a,,,,0.5,2,2.0,90,1,0.4,1397,794,0,0,0,1,0,0,1,0,10,12.0,0.0,0.0,1.2,0.00,0.01,0.01,0.0,0.01,0.01,2.24,0,0.0,,,,0.5,0.5,0.5
301,Palmer,Alex,Palmer,12,1,40,0,0,a,,,,0.0,0,0.0,0,0,3.9,3381,10202,0,0,0,0,0,0,0,0,0,0.0,0.0,0.0,0.0,0.00,0.00,0.00,0,0,0,0,0,0,,,,0.0,0.0,0.0
302,Button,David,Button,12,1,40,0,0,a,,,,0.0,0,0.0,0,0,0.6,1260,1110,0,0,0,0,0,0,0,0,0,0.0,0.0,0.0,0.0,0.00,0.00,0.00,0,0,0,0,0,0,,,,0.0,0.0,0.0
303,Kipré,Cédric,Kipré,12,2,39,-1,0,a,,,,0.0,0,0.0,0,0,0.9,3854,3689,0,0,0,0,0,0,0,0,0,0.0,0.0,0.0,0.0,0.00,0.00,0.00,0,0,0,0,0,0,,,,0.0,0.0,0.0
304,O'Shea,Dara,O'Shea,12,2,40,0,0,a,,,,1.5,10,2.0,450,5,2.7,1608,12084,0,0,0,11,0,0,0,0,24,130.0,71.0,21.0,22.1,0.07,0.26,0.33,0.01,0.05,0.06,1.8,48,9.6,,,,2.5,1.5,1.5
305,Davis,Leif,Davis,12,2,40,0,0,a,,,,5.8,25,5.0,450,5,6.9,42373,21879,2,2,0,11,0,0,0,1,52,144.8,61.9,117.0,32.5,1.59,0.46,2.05,0.32,0.09,0.41,1.8,24,4.8,,,2,6.2,5.8,5.8
306,Greaves,Jacob,Greaves,12,2,40,0,0,a,,,,0.2,3,0.8,357,4,1.1,401,2871,0,0,0,10,1,0,0,0,12,68.6,16.9,4.0,9.0,0.00,0.06,0.06,0.0,0.02,0.02,1.7,30,7.56,,,,0.8,0.2,0.2
307,Johnson,Ben,Johnson,12,2,40,0,0,u,0,Has joined Stoke City on loan for the rest of the season,2026-09-04T12:36:56.236331Z,0.0,0,0.0,0,0,0.1,0,307,0,0,0,0,0,0,0,0,0,0.0,0.0,0.0,0.0,0.00,0.00,0.00,0,0,0,0,0,0,,,,0.0,0.0,0.0
308,Furlong,Darnell,Furlong,12,2,39,-1,0,a,,,,0.2,1,1.0,17,0,0.6,5493,2308,0,0,0,1,0,0,0,0,-1,5.0,0.5,0.0,0.6,0.00,0.00,0.00,0.0,0.0,0.0,4.55,3,15.88,,,,0.3,0.2,0.2
309,Núñez,Marcelino,Núñez,12,3,49,-1,0,a,,,,0.5,6,3.0,140,2,0.1,74,536,0,0,0,4,0,0,0,0,32,24.6,19.4,6.0,5.0,0.03,0.05,0.08,0.02,0.03,0.05,2.24,21,13.5,,3,1,1.2,0.5,0.5
310,Matusiwa,Azor,Matusiwa,12,3,49,-1,0,a,100,,2026-07-29T18:00:10.305484Z,0.0,0,0.0,0,0,0.0,14,15,0,0,0,0,0,0,0,0,0,0.0,0.0,0.0,0.0,0.00,0.00,0.00,0,0,0,0,0,0,,,,0.0,0.0,0.0
311,Burns,Wes,Burns,12,3,50,0,0,u,0,Has joined Leicester City permanently,2026-08-10T14:02:47.597478Z,0.0,0,0.0,0,0,0.0,0,8,0,0,0,0,0,0,0,0,0,0.0,0.0,0.0,0.0,0.00,0.00,0.00,0,0,0,0,0,0,,,,0.0,0.0,0.0
312,Taylor,Jack,Taylor,12,3,44,-1,-1,i,0,Knee injury - Unknown return date,2026-07-29T18:00:10.319370Z,0.0,0,0.0,0,0,0.0,319,216,0,0,0,0,0,0,0,0,0,0.0,0.0,0.0,0.0,0.00,0.00,0.00,0,0,0,0,0,0,,,,0.0,0.0,0.0
313,Clarke,Jack,Clarke,12,3,54,-1,0,a,,,,1.0,11,2.8,170,2,0.2,108,807,1,0,0,2,1,0,0,1,48,52.0,55.4,45.0,15.2,0.30,0.37,0.67,0.16,0.2,0.36,1.04,10,5.29,1,4,3,2.0,1.0,1.0
314,Ogbene,Chiedozie,Ogbene,12,3,49,-1,0,u,0,Has joined Lincoln City on loan until January,2026-09-02T16:04:17.497385Z,0.0,0,0.0,0,0,0.0,0,56,0,0,0,0,0,0,0,0,0,0.0,0.0,0.0,0.0,0.00,0.00,0.00,0,0,0,0,0,0,,,,0.0,0.0,0.0
315,Fatawu,Abdul,Fatawu,12,3,54,-1,0,s,0,Suspended until 17 Oct,2026-09-19T15:30:10.126897Z,1.5,8,1.6,352,5,0.2,50,2187,0,1,0,10,2,1,0,0,71,64.8,133.7,41.0,24.0,0.17,1.11,1.28,0.04,0.28,0.32,1.99,28,7.16,,2,,1.5,1.5,0.0
316,Emersonn,Emersonn,Correia da Silva,12,4,55,0,0,a,100,,2026-08-31T09:30:08.306145Z,4.2,26,5.2,317,5,3.5,28171,20055,2,1,0,6,0,0,0,6,110,98.8,50.4,104.0,25.3,1.61,0.12,1.73,0.46,0.03,0.49,1.22,10,2.84,2,,,4.7,4.2,4.2
317,Hirst,George,Hirst,12,4,50,0,0,u,0,Has joined Stoke City permanently,2026-08-21T13:06:08.606019Z,0.0,0,0.0,0,0,0.1,0,391,0,0,0,0,0,0,0,0,0,0.0,0.0,0.0,0.0,0.00,0.00,0.00,0,0,0,0,0,0,,,,0.0,0.0,0.0
318,Philogene,Jaden,Philogene,12,3,54,-1,0,a,100,,2026-08-25T11:30:07.532993Z,0.5,2,1.0,52,0,0.1,24,133,0,0,0,1,0,0,0,0,11,4.8,4.6,13.0,2.2,0.08,0.01,0.08,0.14,0.02,0.16,1.68,4,6.92,3,5,,0.4,0.5,0.5
319,Szmodics,Sam,Szmodics,12,3,50,0,0,u,0,Has joined Derby County on loan for the rest of the season,2026-08-17T13:51:41.713979Z,0.0,0,0.0,0,0,0.0,0,6,0,0,0,0,0,0,0,0,0,0.0,0.0,0.0,0.0,0.00,0.00,0.00,0,0,0,0,0,0,,,,0.0,0.0,0.0
320,Akpom,Chuba,Akpom,12,4,50,0,0,a,,,,1.5,7,2.3,78,0,1.2,4365,8490,1,0,0,4,0,0,0,0,36,34.6,2.5,24.0,6.1,1.14,0.00,1.14,1.32,0.0,1.32,4.85,3,3.46,,,,1.4,1.5,1.5
321,Walle Egeli,Sindre,Walle Egeli,12,4,45,0,0,a,,,,0.0,1,1.0,10,0,3.5,15229,23107,0,0,0,0,0,0,0,0,3,0.0,0.1,0.0,0.0,0.00,0.00,0.00,0.0,0.0,0.0,0.27,0,0.0,,,,0.2,0.0,0.0
322,Al-Hamadi,Ali,Al-Hamadi,12,4,50,0,0,u,0,Has joined Sheffield Wednesday on loan for the rest of the season,2026-08-27T14:54:10.215357Z,0.0,0,0.0,0,0,0.1,0,322,0,0,0,0,0,0,0,0,0,0.0,0.0,0.0,0.0,0.00,0.00,0.00,0,0,0,0,0,0,,,,0.0,0.0,0.0
323,McAteer,Kasey,McAteer,12,3,44,-1,-1,a,,,,0.5,3,1.0,42,0,1.0,927,5593,0,0,0,0,0,0,0,0,12,4.6,1.8,7.0,1.4,0.05,0.00,0.05,0.11,0.0,0.11,0.45,5,10.71,,,,0.7,0.5,0.5
324,Mehmeti,Anis,Mehmeti,12,3,48,-2,-1,a,,,,0.0,0,0.0,0,0,0.0,58,121,0,0,0,0,0,0,0,0,0,0.0,0.0,0.0,0.0,0.00,0.00,0.00,0,0,0,0,0,0,,,,0.0,0.0,0.0
554,Van Oevelen,Kayne,van Oevelen,12,1,45,0,0,u,0,Has joined Valencia on loan for the rest of the season,2026-08-25T14:04:09.529320Z,0.0,0,0.0,0,0,0.0,0,69,0,0,0,0,0,0,0,0,0,0.0,0.0,0.0,0.0,0.00,0.00,0.00,0,0,0,0,0,0,,,,0.0,0.0,0.0
562,Maeda,Daizen,Maeda,12,3,53,-2,-1,a,,,,1.5,8,1.6,259,3,0.2,109,1303,0,0,0,8,0,0,0,0,32,31.0,5.5,47.0,8.1,0.71,0.02,0.73,0.25,0.01,0.26,2.1,20,6.95,,,,1.5,1.5,1.5
564,Scherpen,Kjell,Scherpen,12,1,45,0,0,a,,,,1.2,7,1.8,360,4,0.6,489,2097,0,0,0,10,0,0,15,0,40,103.6,0.0,0.0,10.3,0.00,0.01,0.01,0.0,0.0,0.0,1.68,0,0.0,,,,1.6,1.2,1.2
571,Florentino,Florentino Ibrain,Morris Luís,12,3,48,-2,-1,a,100,,2026-08-25T11:30:07.678802Z,0.5,2,1.0,30,0,0.1,87,281,0,0,0,0,0,0,0,0,9,9.0,22.3,2.0,3.2,0.00,0.01,0.01,0.0,0.03,0.03,2.25,2,6.0,,,,0.4,0.5,0.5
591,Enciso,Julio,Enciso,12,3,55,0,0,a,100,,2026-08-22T18:00:07.551930Z,2.5,15,3.0,413,5,0.8,1792,5425,0,2,0,11,1,0,0,0,83,60.2,75.6,100.0,23.6,1.26,0.89,2.15,0.27,0.19,0.46,1.85,31,6.76,,,,2.7,2.5,2.5
592,Ouattara,Abdoul,Ouattara,12,2,40,0,0,a,,,,1.2,6,1.2,131,1,0.9,589,1760,0,0,0,2,0,0,0,0,29,31.6,36.2,9.0,7.6,0.02,0.03,0.05,0.01,0.02,0.03,2.15,11,7.56,,,,1.5,1.2,1.2
602,Humphreys,Cameron,Humphreys,12,3,45,0,0,u,0,Has joined Huddersfield Town on loan for the rest of the season,2026-09-02T16:04:17.524642Z,0.0,0,0.0,0,0,0.0,0,203,0,0,0,0,0,0,0,0,0,0.0,0.0,0.0,0.0,0.00,0.00,0.00,0,0,0,0,0,0,,,,0.0,0.0,0.0
619,Palacios,Exequiel,Palacios,12,3,50,0,0,a,,,,2.8,11,2.8,275,3,0.1,436,714,0,0,0,7,0,0,0,0,64,55.4,46.6,4.0,10.6,0.00,0.09,0.09,0.0,0.03,0.03,1.73,44,14.4,,,,2.2,2.8,2.8
640,Flemming,Zian,Flemming,12,4,55,0,0,a,,,,2.0,6,2.0,60,0,0.1,723,858,1,0,0,1,1,0,0,0,34,38.2,12.1,55.0,10.5,0.64,0.01,0.65,0.96,0.02,0.98,0.94,5,7.5,,,,1.1,2.0,2.0
260,Wilson,Harry,Wilson,13,3,62,-3,0,i,0,Thigh injury - Unknown return date,2026-09-18T13:30:09.626858Z,0.5,5,1.2,145,1,1.7,59,35682,0,0,1,1,1,0,0,0,19,19.2,52.4,12.0,8.5,0.01,0.09,0.10,0.01,0.06,0.07,2.04,11,6.83,,2,2,0.8,0.0,0.0
326,Perri,Lucas Estella,Perri,13,1,45,0,0,u,0,Has joined Torino on loan for the rest of the season,2026-09-01T13:12:39.210133Z,0.0,0,0.0,0,0,0.3,0,1051,0,0,0,0,0,0,0,0,0,0.0,0.0,0.0,0.0,0.00,0.00,0.00,0,0,0,0,0,0,,,,0.0,0.0,0.0
327,Bijol,Jaka,Bijol,13,2,50,0,0,a,,,,0.5,12,4.0,164,2,0.7,694,4758,0,0,1,2,0,0,0,2,29,38.2,0.6,15.0,5.4,0.11,0.00,0.11,0.06,0.0,0.06,1.73,21,11.52,,,,2.4,0.5,0.5
329,Rodon,Joe,Rodon,13,2,43,-2,-1,i,0,Hamstring injury - Expected back 21 Nov,2026-08-30T16:00:08.564382Z,0.2,7,3.5,123,2,0.8,40,7797,0,0,1,0,0,0,0,0,25,23.0,14.7,7.0,4.5,0.03,0.06,0.09,0.02,0.04,0.06,0.74,11,8.05,,,,1.6,0.0,0.0
330,Bogle,Jayden,Bogle,13,2,46,1,0,a,,,,9.0,42,8.4,365,5,6.9,105689,20240,2,0,4,1,2,0,0,6,122,108.8,34.6,119.0,26.2,1.38,0.08,1.46,0.34,0.02,0.36,0.71,16,3.95,,,,9.1,9.0,9.0
331,Gudmundsson,Gabriel,Gudmundsson,13,2,45,0,0,a,100,,2026-08-08T20:00:07.546568Z,3.5,14,4.7,252,3,0.1,418,245,0,0,2,1,0,0,0,0,62,38.6,29.5,8.0,7.7,0.00,0.21,0.21,0.0,0.08,0.08,1.37,14,5.0,,,,3.1,3.5,3.5
332,Justin,James,Justin,13,2,45,0,0,a,,,,4.0,26,5.2,450,5,1.5,3410,4868,0,0,2,3,0,0,0,4,91,103.6,56.1,41.0,20.0,0.22,0.42,0.64,0.04,0.08,0.12,1.29,44,8.8,,,,5.8,4.0,4.0
333,Bornauw,Sebastiaan,Bornauw,13,2,45,0,0,u,0,Has joined Hamburg SV on loan for the rest of the season,2026-08-19T13:56:14.645970Z,0.0,0,0.0,0,0,0.0,0,4,0,0,0,0,0,0,0,0,0,0.0,0.0,0.0,0.0,0.00,0.00,0.00,0,0,0,0,0,0,,,,0.0,0.0,0.0
334,Muharemović,Tarik,Muharemović,13,2,50,0,0,a,,,,5.2,27,5.4,450,5,4.3,22402,18191,0,1,2,3,0,0,0,0,101,147.4,13.6,41.0,20.2,0.49,0.05,0.54,0.1,0.01,0.11,1.29,58,11.6,,,,5.4,5.2,5.2
335,Stach,Anton,Stach,13,3,60,0,0,a,,,,3.5,27,5.4,447,5,2.5,4028,17156,1,0,3,2,0,0,0,3,86,116.4,93.3,55.0,26.5,0.97,0.31,1.28,0.2,0.06,0.26,1.24,61,12.28,,1,1,4.5,3.5,3.5
336,Okafor,Noah,Okafor,13,3,58,-2,0,a,,,,4.2,18,3.6,299,4,0.4,1472,2941,1,0,3,1,0,0,0,1,82,67.0,41.4,40.0,14.8,0.17,0.27,0.44,0.05,0.08,0.13,0.71,18,5.42,,,,3.1,4.2,4.2
337,Aaronson,Brenden,Aaronson,13,3,53,-2,-1,a,,,,1.0,7,1.4,194,2,0.5,170,2941,0,0,1,3,0,0,0,0,36,11.8,3.7,9.0,2.5,0.01,0.02,0.03,0.0,0.01,0.01,1.75,15,6.96,,,4,1.3,1.0,1.0
338,Ampadu,Ethan,Ampadu,13,3,54,-1,0,a,,,,4.0,21,4.2,450,5,0.9,1295,4176,0,1,2,3,0,0,0,0,87,88.6,67.1,5.0,16.1,0.08,0.26,0.34,0.02,0.05,0.07,1.29,60,12.0,,,,3.9,4.0,4.0
339,Longstaff,Sean,Longstaff,13,3,49,-1,0,a,,,,0.2,2,1.0,10,0,0.1,109,546,0,0,0,1,0,0,0,0,7,0.0,0.2,0.0,0.0,0.00,0.00,0.00,0.0,0.0,0.0,3.15,0,0.0,,3,3,0.4,0.2,0.2
341,Gnonto,Wilfried,Gnonto,13,3,50,0,0,u,0,Has joined ACF Fiorentina on loan for the rest of the season,2026-09-02T16:04:47.189648Z,0.0,0,0.0,0,0,0.0,0,47,0,0,0,0,0,0,0,0,0,0.0,0.0,0.0,0.0,0.00,0.00,0.00,0,0,0,0,0,0,,,,0.0,0.0,0.0
342,Harrison,Jack,Harrison,13,3,50,0,0,u,0,Has joined New England Revolution permanently,2026-07-28T12:59:09.492431Z,0.0,0,0.0,0,0,0.0,0,5,0,0,0,0,0,0,0,0,0,0.0,0.0,0.0,0.0,0.00,0.00,0.00,0,0,0,0,0,0,,,,0.0,0.0,0.0
343,James,Daniel,James,13,3,49,-1,0,a,,,,0.8,3,1.0,52,0,0.1,163,492,0,0,0,1,0,0,0,0,9,1.2,1.3,19.0,1.9,0.35,0.01,0.36,0.61,0.02,0.63,2.79,5,8.65,,,,0.6,0.8,0.8
344,Gruev,Ilia,Gruev,13,3,50,0,0,a,100,,2026-08-14T23:00:06.272027Z,0.0,0,0.0,0,0,0.0,41,12,0,0,0,0,0,0,0,0,0,0.0,0.0,0.0,0.0,0.00,0.00,0.00,0,0,0,0,0,0,,,,0.0,0.0,0.0
345,Tanaka,Tanaka,Ao,13,3,49,-1,0,a,,,,3.5,14,3.5,255,3,0.3,1818,1926,0,2,2,1,1,0,0,0,48,50.0,18.3,20.0,8.6,0.73,0.05,0.78,0.26,0.02,0.28,1.14,29,10.24,,4,,2.9,3.5,3.5
346,Calvert-Lewin,Dominic,Calvert-Lewin,13,4,60,0,0,a,,,,5.2,22,4.4,419,5,24.9,77787,147584,2,1,3,2,3,0,0,4,73,104.0,29.6,153.0,28.2,3.00,0.08,3.08,0.64,0.02,0.66,1.04,22,4.73,1,,,3.7,5.2,5.2
347,Nmecha,Lukas,Nmecha,13,4,54,-1,0,a,,,,1.8,7,1.8,64,0,0.5,1597,3245,0,1,0,1,0,0,0,0,28,20.4,22.4,15.0,5.7,0.27,0.15,0.42,0.38,0.21,0.59,4.08,4,5.62,2,,,1.3,1.8,1.8
348,Piroe,Joël,Piroe,13,4,50,0,0,u,0,Has joined West Ham United on loan for the rest of the season,2026-08-19T13:56:14.666726Z,0.0,0,0.0,0,0,0.1,0,365,0,0,0,0,0,0,0,0,0,0.0,0.0,0.0,0.0,0.00,0.00,0.00,0,0,0,0,0,0,3,,,0.0,0.0,0.0
349,Mateo Joseph,Mateo,Joseph Fernández-Regatillo,13,4,45,0,0,i,0,Knee injury - Unknown return date,2026-07-29T18:00:10.338170Z,0.0,0,0.0,0,0,0.1,263,413,0,0,0,0,0,0,0,0,0,0.0,0.0,0.0,0.0,0.00,0.00,0.00,0,0,0,0,0,0,,,,0.0,0.0,0.0
385,Trafford,James,Trafford,13,1,50,0,0,a,,,,4.8,28,5.6,450,5,5.5,17341,12045,0,0,2,3,0,0,20,5,117,148.6,0.0,0.0,14.9,0.00,0.00,0.00,0.0,0.0,0.0,1.29,0,0.0,,,,5.6,4.8,4.8
598,Elvedi,Nico,Elvedi,13,2,45,0,0,a,,,,3.2,13,3.2,326,3,0.1,188,180,0,0,1,3,0,0,0,0,56,83.0,25.4,39.0,14.8,0.12,0.58,0.70,0.03,0.16,0.19,1.5,29,8.01,,,,2.9,3.2,3.2
603,Lienou,Jayden,Lienou,13,2,40,0,0,a,,,,0.0,0,0.0,0,0,0.1,212,441,0,0,0,0,0,0,0,0,0,0.0,0.0,0.0,0.0,0.00,0.00,0.00,0,0,0,0,0,0,,,,0.0,0.0,0.0
604,Cresswell,Alfie,Cresswell,13,3,45,0,0,a,,,,0.0,0,0.0,0,0,0.1,256,780,0,0,0,0,0,0,0,0,0,0.0,0.0,0.0,0.0,0.00,0.00,0.00,0,0,0,0,0,0,,,,0.0,0.0,0.0
625,Cairns,Alex,Cairns,13,1,40,0,0,a,,,,0.0,0,0.0,0,0,0.2,728,658,0,0,0,0,0,0,0,0,0,0.0,0.0,0.0,0.0,0.00,0.00,0.00,0,0,0,0,0,0,,,,0.0,0.0,0.0
629,Zetterer,Michael,Zetterer,13,1,40,0,0,a,,,,0.0,0,0.0,0,0,0.7,2627,2346,0,0,0,0,0,0,0,0,0,0.0,0.0,0.0,0.0,0.00,0.00,0.00,0,0,0,0,0,0,,,,0.0,0.0,0.0
641,Bard,Melvin,Bard,13,2,45,0,0,a,,,,0.3,1,1.0,18,0,0.0,86,67,0,0,0,1,0,0,0,0,1,4.4,10.3,0.0,1.5,0.00,0.00,0.00,0.0,0.0,0.0,1.5,2,10.0,,,,0.2,0.3,0.3
648,Bahoya,Jean-Mattéo,Bahoya,13,3,50,0,0,a,,,,0.3,1,1.0,1,0,0.0,91,155,0,0,0,0,0,0,0,0,5,1.0,0.3,0.0,0.1,0.00,0.00,0.00,0.0,0.0,0.0,0.0,0,0.0,,,,0.2,0.3,0.3
350,A.Becker,Alisson,Becker,14,1,55,0,0,a,,,,6.2,27,5.4,450,5,4.0,9948,9514,0,0,3,4,1,0,14,5,96,99.2,0.0,0.0,9.9,0.00,0.00,0.00,0.0,0.0,0.0,1.22,0,0.0,,,,4.9,6.2,6.2
351,Mamardashvili,Giorgi,Mamardashvili,14,1,49,-1,0,a,,,,0.0,0,0.0,0,0,0.1,210,512,0,0,0,0,0,0,0,0,0,0.0,0.0,0.0,0.0,0.00,0.00,0.00,0,0,0,0,0,0,,,,0.0,0.0,0.0
352,Woodman,Freddie,Woodman,14,1,40,0,0,a,,,,0.0,0,0.0,0,0,1.0,668,1997,0,0,0,0,0,0,0,0,0,0.0,0.0,0.0,0.0,0.00,0.00,0.00,0,0,0,0,0,0,,,,0.0,0.0,0.0
353,Pecsi,Armin,Pecsi,14,1,40,0,0,u,0,Has joined TSV Hartberg on loan for the rest of the season,2026-08-18T14:11:18.638344Z,0.0,0,0.0,0,0,0.0,0,52,0,0,0,0,0,0,0,0,0,0.0,0.0,0.0,0.0,0.00,0.00,0.00,0,0,0,0,0,0,,,,0.0,0.0,0.0
354,Jaros,Vitezslav,Jaros,14,1,40,0,0,i,0,Knee injury - Unknown return date,2026-07-29T18:00:10.351066Z,0.0,0,0.0,0,0,0.0,173,134,0,0,0,0,0,0,0,0,0,0.0,0.0,0.0,0.0,0.00,0.00,0.00,0,0,0,0,0,0,,,,0.0,0.0,0.0
355,Davies,Harvey,Davies,14,1,40,0,0,a,,,,0.0,0,0.0,0,0,0.2,246,387,0,0,0,0,0,0,0,0,0,0.0,0.0,0.0,0.0,0.00,0.00,0.00,0,0,0,0,0,0,,,,0.0,0.0,0.0
356,Virgil,Virgil,van Dijk,14,2,65,0,0,a,,,,5.8,25,5.0,450,5,16.2,17232,36823,0,0,3,4,1,0,0,0,96,125.0,22.3,26.0,17.4,0.25,0.08,0.33,0.05,0.02,0.07,1.22,48,9.6,,,,3.8,5.8,5.8
357,Frimpong,Jeremie,Frimpong,14,2,53,-2,0,a,,,,0.5,2,0.7,178,2,1.8,1337,10893,0,0,0,4,1,0,0,0,24,39.4,76.5,16.0,13.2,0.01,0.23,0.24,0.01,0.12,0.13,1.98,12,6.07,,,,0.4,0.5,0.5
358,Kerkez,Milos,Kerkez,14,2,54,-1,0,a,,,,3.2,13,2.6,385,4,2.2,2165,8624,0,0,2,4,2,0,0,0,63,75.4,47.3,14.0,13.7,0.07,0.08,0.15,0.02,0.02,0.04,1.32,30,7.01,,,,2.4,3.2,3.2
359,Gomez,Joe,Gomez,14,2,49,-1,0,a,100,,2026-07-26T08:30:10.078473Z,0.0,0,0.0,0,0,0.0,267,100,0,0,0,0,0,0,0,0,0,0.0,0.0,0.0,0.0,0.00,0.00,0.00,0,0,0,0,0,0,,,,0.0,0.0,0.0
360,Bradley,Conor,Bradley,14,2,50,0,0,i,0,Knee injury - Unknown return date,2026-07-23T12:01:23.565711Z,0.0,0,0.0,0,0,0.0,41,61,0,0,0,0,0,0,0,0,0,0.0,0.0,0.0,0.0,0.00,0.00,0.00,0,0,0,0,0,0,,,,0.0,0.0,0.0
361,Lucky,Wellity,Lucky,14,2,40,0,0,a,,,,0.0,0,0.0,0,0,0.1,239,456,0,0,0,0,0,0,0,0,0,0.0,0.0,0.0,0.0,0.00,0.00,0.00,0,0,0,0,0,0,,,,0.0,0.0,0.0
362,Jacquet,Jeremy,Jacquet,14,2,50,0,0,a,100,,2026-07-23T12:01:23.581126Z,5.8,24,4.8,415,5,3.4,27774,10817,0,0,3,4,1,0,0,3,112,106.2,44.5,4.0,15.5,0.00,0.14,0.14,0.0,0.03,0.03,1.19,36,7.81,,,,4.8,5.8,5.8
363,Leoni,Giovanni,Leoni,14,2,40,0,0,i,0,Knee injury - Unknown return date,2026-07-23T12:01:23.596909Z,0.0,0,0.0,0,0,0.0,56,150,0,0,0,0,0,0,0,0,0,0.0,0.0,0.0,0.0,0.00,0.00,0.00,0,0,0,0,0,0,,,,0.0,0.0,0.0
364,Tsimikas,Kostas,Tsimikas,14,2,49,-1,0,a,,,,0.5,2,1.0,64,1,0.1,65,337,0,0,0,0,0,0,0,0,6,6.4,2.9,9.0,1.8,0.04,0.02,0.06,0.06,0.03,0.09,0.66,3,4.22,,,,0.4,0.5,0.5
365,Ramsay,Calvin,Ramsay,14,2,40,0,0,u,0,Has joined St Mirren on loan for the rest of the season,2026-08-26T14:05:26.748768Z,0.0,0,0.0,0,0,0.1,0,380,0,0,0,0,0,0,0,0,0,0.0,0.0,0.0,0.0,0.00,0.00,0.00,0,0,0,0,0,0,,,,0.0,0.0,0.0
366,Wirtz,Florian,Wirtz,14,3,73,-2,0,a,,,,4.0,18,3.6,402,5,5.8,2336,37340,0,2,3,4,1,0,0,0,92,65.0,147.3,101.0,31.4,1.00,0.40,1.40,0.22,0.09,0.31,1.08,36,8.06,4,3,2,2.5,4.0,4.0
367,Gakpo,Cody,Gakpo,14,3,72,2,0,a,100,,2026-09-09T18:30:08.772955Z,5.0,32,6.4,370,4,12.6,44117,69066,1,3,2,4,0,0,0,5,113,133.4,148.8,70.0,35.2,0.64,1.71,2.35,0.16,0.42,0.58,1.34,32,7.78,3,2,,4.4,5.0,5.0
368,Szoboszlai,Dominik,Szoboszlai,14,3,70,0,0,a,,,,3.0,20,4.0,440,5,33.0,29524,186187,1,0,3,4,1,0,0,1,103,108.8,178.0,57.0,34.4,1.42,0.82,2.24,0.29,0.17,0.46,1.23,41,8.39,1,1,1,2.9,3.0,3.0
369,Ngumoha,Rio,Ngumoha,14,3,57,-3,-1,a,,,,0.5,4,1.3,99,1,0.5,627,3666,0,0,0,2,0,0,0,0,13,4.4,8.1,11.0,2.1,0.15,0.05,0.20,0.14,0.05,0.19,0.62,4,3.64,,,,0.7,0.5,0.5
370,Chiesa,Federico,Chiesa,14,3,53,-2,-1,i,0,Back injury - Unknown return date,2026-08-27T13:30:07.598926Z,0.0,0,0.0,0,0,0.0,13,206,0,0,0,0,0,0,0,0,0,0.0,0.0,0.0,0.0,0.00,0.00,0.00,0,0,0,0,0,0,,,,0.0,0.0,0.0
371,Gravenberch,Ryan,Gravenberch,14,3,58,-2,-1,a,,,,1.0,9,1.8,190,2,1.1,1003,7886,0,1,0,2,0,0,0,0,51,50.6,42.7,6.0,9.9,0.10,0.08,0.18,0.05,0.04,0.09,0.96,25,11.84,,,,1.6,1.0,1.0
372,Mac Allister,Alexis,Mac Allister,14,3,54,-1,0,a,,,,2.5,11,2.2,306,3,1.3,3287,5845,0,0,2,2,1,0,0,0,59,58.2,50.8,26.0,13.5,0.10,0.49,0.59,0.03,0.14,0.17,1.43,41,12.06,5,,,2.0,2.5,2.5
373,C.Jones,Curtis,Jones,14,3,55,0,0,u,0,Has joined Internazionale permanently,2026-08-16T18:30:07.426408Z,0.0,0,0.0,0,0,0.0,0,50,0,0,0,0,0,0,0,0,0,0.0,0.0,0.0,0.0,0.00,0.00,0.00,0,0,0,0,0,0,,,,0.0,0.0,0.0
374,Endo,Endo,Wataru,14,3,49,-1,0,a,100,,2026-07-23T12:01:23.612529Z,0.0,0,0.0,0,0,0.1,131,364,0,0,0,0,0,0,0,0,0,0.0,0.0,0.0,0.0,0.00,0.00,0.00,0,0,0,0,0,0,,,,0.0,0.0,0.0
375,Nyoni,Trey,Nyoni,14,3,49,-1,0,a,,,,0.8,3,1.0,38,0,0.0,66,261,0,0,0,0,0,0,0,0,9,16.2,2.9,0.0,1.9,0.00,0.00,0.00,0.0,0.0,0.0,0.85,10,23.68,,,,0.6,0.8,0.8
376,Bajcetic,Stefan,Bajčetić Maquieira,14,3,50,0,0,u,0,Has joined Celta Vigo permanently,2026-07-23T12:01:23.628373Z,0.0,0,0.0,0,0,0.0,0,1,0,0,0,0,0,0,0,0,0,0.0,0.0,0.0,0.0,0.00,0.00,0.00,0,0,0,0,0,0,,,,0.0,0.0,0.0
377,Munoz,Victor,Munoz,14,3,65,0,0,a,,,,2.8,15,3.0,257,3,0.9,1160,10237,1,1,1,2,1,0,0,0,60,56.2,42.4,86.0,18.5,0.52,0.31,0.83,0.18,0.11,0.29,1.62,16,5.6,,,,2.3,2.8,2.8
378,McConnell,James,McConnell,14,3,44,-1,0,a,,,,0.0,0,0.0,0,0,0.2,916,1239,0,0,0,0,0,0,0,0,0,0.0,0.0,0.0,0.0,0.00,0.00,0.00,0,0,0,0,0,0,,,,0.0,0.0,0.0
379,Isak,Alexander,Isak,14,4,91,1,0,a,,,,7.8,33,6.6,413,5,22.4,98104,59312,4,0,3,4,1,0,0,8,133,146.2,47.5,207.0,40.0,3.54,0.08,3.62,0.77,0.02,0.79,1.27,7,1.53,2,,,3.6,7.8,7.8
380,Ekitiké,Hugo,Ekitiké,14,4,74,-1,0,i,0,Achilles injury - Unknown return date,2026-07-23T12:01:23.643771Z,0.0,0,0.0,0,0,0.1,287,664,0,0,0,0,0,0,0,0,0,0.0,0.0,0.0,0.0,0.00,0.00,0.00,0,0,0,0,0,0,,,,0.0,0.0,0.0
381,Koumas,Lewis,Koumas,14,3,50,0,0,a,,,,0.5,3,1.0,22,0,0.0,115,151,0,0,0,0,0,0,0,0,14,4.2,0.5,24.0,2.9,0.28,0.00,0.28,1.15,0.0,1.15,2.95,1,4.09,,,,0.6,0.5,0.5
382,Danns,Jayden,Danns,14,4,45,0,0,a,100,,2026-07-23T12:01:23.659279Z,0.0,0,0.0,0,0,0.2,2923,2028,0,0,0,0,0,0,0,0,0,0.0,0.0,0.0,0.0,0.00,0.00,0.00,0,0,0,0,0,0,,,,0.0,0.0,0.0
383,Elliott,Harvey,Elliott,14,3,54,-1,0,u,0,Has joined Valencia on loan for the rest of the season,2026-09-02T16:05:49.104326Z,0.0,0,0.0,0,0,0.0,0,182,0,0,0,0,0,0,0,0,0,0.0,0.0,0.0,0.0,0.00,0.00,0.00,0,0,0,0,0,0,,,,0.0,0.0,0.0
579,Araujo,Ronald,Araujo,14,2,54,-1,0,a,,,,5.2,22,4.4,284,3,3.0,14054,8796,0,0,3,0,1,0,0,1,81,60.8,10.5,6.0,7.7,0.00,0.06,0.06,0.0,0.02,0.02,0.87,24,7.61,,,,4.1,5.2,5.2
627,Barcola,Bradley,Barcola,14,3,80,0,0,a,,,,2.3,7,2.3,168,2,1.8,7537,16387,0,0,2,0,0,0,0,0,22,10.8,27.4,31.0,7.0,0.26,0.13,0.39,0.14,0.07,0.21,0.77,8,4.29,,,,0.9,2.3,2.3
155,Enzo,Enzo,Fernández,15,3,69,-1,0,a,,,,3.0,13,3.2,271,3,3.6,25968,11727,1,0,2,3,1,0,0,0,73,63.8,72.8,42.0,17.8,0.35,0.53,0.88,0.12,0.18,0.3,1.78,21,6.97,,,,1.9,3.0,3.0
237,Ndiaye,Iliman,Ndiaye,15,3,58,-2,-1,a,,,,3.2,22,4.4,385,4,6.8,5886,61426,0,2,2,4,0,0,0,1,110,77.8,102.6,80.0,26.1,0.38,0.58,0.96,0.09,0.14,0.23,2.2,44,10.29,,,,3.8,3.2,3.2
384,Donnarumma,Gianluigi,Donnarumma,15,1,55,0,0,a,,,,4.0,19,3.8,450,5,7.6,9202,25738,0,0,2,5,0,0,14,0,84,112.6,0.0,0.0,11.4,0.00,0.00,0.00,0.0,0.0,0.0,1.45,0,0.0,,,,3.5,4.0,4.0
386,Bettinelli,Marcus,Bettinelli,15,1,45,0,0,a,,,,0.0,0,0.0,0,0,0.0,43,70,0,0,0,0,0,0,0,0,0,0.0,0.0,0.0,0.0,0.00,0.00,0.00,0,0,0,0,0,0,,,,0.0,0.0,0.0
387,O'Reilly,Nico,O'Reilly,15,2,63,-2,-1,a,100,,2026-09-05T18:00:06.379802Z,1.0,6,1.5,163,2,11.0,4288,62218,0,0,0,2,0,0,0,0,22,17.8,39.5,33.0,9.0,0.87,0.43,1.30,0.48,0.24,0.72,1.16,5,2.76,,,,1.0,1.0,1.0
388,Guéhi,Marc,Guéhi,15,2,60,0,0,a,,,,5.0,30,6.0,450,5,18.3,20497,42514,1,1,2,5,0,0,0,4,114,146.0,56.6,41.0,24.3,0.95,0.39,1.34,0.19,0.08,0.27,1.45,29,5.8,,,,5.0,5.0,5.0
389,Matheus N.,Matheus,Nunes,15,2,59,-1,0,a,100,,2026-08-27T11:30:08.171622Z,2.5,11,3.7,213,2,1.0,1399,2413,0,0,1,3,0,0,0,1,38,60.0,6.3,4.0,7.0,0.00,0.06,0.06,0.0,0.03,0.03,1.97,21,8.87,4,,,1.9,2.5,2.5
390,Rúben,Rúben,dos Santos Gato Alves Dias,15,2,55,0,0,a,,,,3.8,17,3.4,450,5,1.9,3926,7751,0,0,2,5,0,0,0,0,72,94.2,47.3,46.0,18.7,0.29,0.74,1.03,0.06,0.15,0.21,1.45,26,5.2,,,,3.1,3.8,3.8
391,Gvardiol,Joško,Gvardiol,15,2,57,2,0,a,,,,7.0,37,7.4,434,5,26.7,127324,43333,1,3,2,5,1,0,0,6,135,144.4,63.5,32.0,24.0,0.22,0.74,0.96,0.05,0.15,0.2,1.5,31,6.43,,,,6.5,7.0,7.0
392,Aït-Nouri,Rayan,Aït-Nouri,15,2,53,-2,0,a,,,,0.0,0,0.0,0,0,0.4,438,1868,0,0,0,0,0,0,0,0,0,0.0,0.0,0.0,0.0,0.00,0.00,0.00,0,0,0,0,0,0,,,,0.0,0.0,0.0
393,Khusanov,Abdukodir,Khusanov,15,2,54,-1,0,a,,,,1.8,9,3.0,268,3,1.4,1194,7987,0,0,1,2,1,0,0,0,53,51.6,12.6,4.0,6.8,0.00,0.06,0.06,0.0,0.02,0.02,0.9,17,5.71,,,,1.7,1.8,1.8
394,Alleyne,Max,Alleyne,15,2,50,0,0,u,0,Has joined Burnley on loan for the rest of the season,2026-08-18T14:11:56.324656Z,0.0,0,0.0,0,0,0.0,0,16,0,0,0,0,0,0,0,0,0,0.0,0.0,0.0,0.0,0.00,0.00,0.00,0,0,0,0,0,0,,,,0.0,0.0,0.0
395,Lewis,Rico,Lewis,15,2,44,-1,0,a,,,,0.0,1,1.0,56,1,0.2,252,1044,0,0,0,1,0,0,0,0,-1,3.8,3.8,39.0,4.7,0.17,0.02,0.19,0.27,0.03,0.3,0.88,2,3.21,,,,0.2,0.0,0.0
396,Vitor Reis,Vitor,de Oliveira Nunes dos Reis,15,2,45,0,0,a,,,,0.2,1,1.0,1,0,0.0,60,127,0,0,0,0,0,0,0,0,3,1.2,0.9,0.0,0.2,0.00,0.00,0.00,0.0,0.0,0.0,0.0,0,0.0,,,,0.2,0.2,0.2
397,Semenyo,Antoine,Semenyo,15,3,84,-1,0,d,75,Ankle injury - 75% chance of playing,2026-09-24T12:00:09.848000Z,7.8,33,6.6,450,5,15.5,117433,40417,2,3,2,5,0,0,0,2,147,155.4,148.1,130.0,43.4,0.33,1.16,1.49,0.07,0.23,0.3,1.45,22,4.4,2,,,3.9,7.8,5.8
398,Foden,Phil,Foden,15,3,69,-1,0,s,0,Suspended until 17 Oct,2026-09-13T17:00:09.433455Z,2.0,9,2.2,217,3,1.8,152,24719,0,2,0,2,1,1,0,1,52,57.6,122.3,45.0,22.3,1.61,0.88,2.49,0.67,0.36,1.03,0.79,14,5.81,,2,2,1.3,0.0,0.0
399,Cherki,Rayan,Cherki,15,3,78,3,0,a,,,,6.5,34,6.8,302,4,28.3,97799,76792,3,2,1,4,1,0,0,5,150,165.8,199.0,108.0,47.3,0.72,1.54,2.26,0.21,0.46,0.67,1.49,12,3.58,,1,1,4.4,6.5,6.5
400,Doku,Jérémy,Doku,15,3,74,-1,0,a,100,,2026-08-18T17:00:08.385597Z,0.2,1,1.0,15,0,0.7,3014,1568,0,0,0,0,0,0,0,0,7,3.6,13.8,5.0,2.2,0.23,0.32,0.55,1.38,1.92,3.3,2.52,2,12.0,3,,,0.1,0.2,0.2
402,Rodrigo,Rodrigo 'Rodri',Hernandez Cascante,15,3,65,0,0,u,0,Has joined Barcelona permanently,2026-07-23T12:01:23.675537Z,0.0,0,0.0,0,0,0.0,0,22,0,0,0,0,0,0,0,0,0,0.0,0.0,0.0,0.0,0.00,0.00,0.00,0,0,0,0,0,0,,,,0.0,0.0,0.0
404,Reijnders,Tijjani,Reijnders,15,3,60,0,0,u,0,Has joined Al Qadsiah permanently,2026-08-20T14:02:58.154273Z,0.0,0,0.0,0,0,0.0,0,77,0,0,0,0,0,0,0,0,0,0.0,0.0,0.0,0.0,0.00,0.00,0.00,0,0,0,0,0,0,,,,0.0,0.0,0.0
406,Kovačić,Mateo,Kovačić,15,3,54,-1,0,a,,,,0.2,2,1.0,42,0,0.1,82,390,0,0,0,0,0,0,0,0,12,4.2,5.2,0.0,0.9,0.00,0.02,0.02,0.0,0.04,0.04,0.21,2,4.29,,,,0.4,0.2,0.2
407,Echeverri,Claudio,Echeverri,15,3,49,-1,0,u,0,Has joined Benfica on loan for the rest of the season,2026-09-03T15:41:24.710479Z,0.0,0,0.0,0,0,0.0,0,44,0,0,0,0,0,0,0,0,0,0.0,0.0,0.0,0.0,0.00,0.00,0.00,0,0,0,0,0,0,,,,0.0,0.0,0.0
408,Phillips,Kalvin,Phillips,15,3,50,0,0,u,0,Has joined Sheffield United on loan for the rest of the season,2026-08-18T14:11:56.348781Z,0.0,0,0.0,0,0,0.0,0,9,0,0,0,0,0,0,0,0,0,0.0,0.0,0.0,0.0,0.00,0.00,0.00,0,0,0,0,0,0,,,,0.0,0.0,0.0
409,Mukasa,Divine,Mukasa,15,3,45,0,0,u,0,has joined West Ham on loan for the rest of the seaon.,2026-09-03T10:34:10.733520Z,0.0,0,0.0,0,0,0.1,0,501,0,0,0,0,0,0,0,0,0,0.0,0.0,0.0,0.0,0.00,0.00,0.00,0,0,0,0,0,0,,,,0.0,0.0,0.0
410,Monga,Jeremy,Monga,15,3,49,-1,0,u,0,Has joined Swansea City on loan for the rest of the season,2026-09-02T16:02:01.136760Z,0.0,0,0.0,0,0,0.0,0,43,0,0,0,0,0,0,0,0,0,0.0,0.0,0.0,0.0,0.00,0.00,0.00,0,0,0,0,0,0,,,,0.0,0.0,0.0
411,Haaland,Erling,Haaland,15,4,156,1,0,a,,,,9.2,39,7.8,450,5,73.7,65057,15955,5,0,2,5,0,0,0,9,167,184.2,22.5,258.0,46.5,4.42,0.53,4.95,0.88,0.11,0.99,1.45,20,4.0,1,,,2.5,9.2,9.2
481,Anderson,Elliot,Anderson,15,3,63,-2,0,a,100,,2026-08-23T17:00:07.952697Z,3.2,15,3.0,413,5,4.0,6552,24221,0,0,2,5,1,0,0,0,95,87.4,77.1,19.0,18.4,0.11,0.67,0.78,0.02,0.15,0.17,1.56,54,11.77,,3,,2.4,3.2,3.2
587,Rulli,Gerónimo,Rulli,15,1,50,0,0,a,,,,0.0,0,0.0,0,0,0.0,54,88,0,0,0,0,0,0,0,0,0,0.0,0.0,0.0,0.0,0.00,0.00,0.00,0,0,0,0,0,0,,,,0.0,0.0,0.0
616,Bouaddi,Ayyoub,Bouaddi,15,3,55,0,0,a,,,,0.5,2,1.0,22,0,0.2,706,1876,0,0,0,0,0,0,0,0,8,13.0,4.8,0.0,1.8,0.00,0.12,0.12,0.0,0.49,0.49,1.51,6,24.55,,,,0.4,0.5,0.5
621,McAidoo,Ryan,McAidoo,15,3,45,0,0,a,,,,0.5,2,1.0,11,0,0.1,161,940,0,0,0,0,0,0,0,0,8,5.2,0.5,3.0,0.8,0.10,0.00,0.10,0.82,0.0,0.82,0.16,4,32.73,,,,0.4,0.5,0.5
622,Braithwaite,Kaden,Braithwaite,15,2,40,0,0,a,,,,0.2,1,1.0,1,0,0.2,492,1396,0,0,0,0,0,0,0,0,3,0.6,0.8,0.0,0.1,0.00,0.00,0.00,0.0,0.0,0.0,0.0,0,0.0,,,,0.2,0.2,0.2
628,Allan,Allan,Andrade Elias,15,3,60,0,0,a,,,,0.0,0,0.0,0,0,0.0,193,136,0,0,0,0,0,0,0,0,0,0.0,0.0,0.0,0.0,0.00,0.00,0.00,0,0,0,0,0,0,,,,0.0,0.0,0.0
653,Samba,Floyd,Samba,15,3,45,0,0,a,,,,0.0,0,0.0,0,0,0.0,212,411,0,0,0,0,0,0,0,0,0,0.0,0.0,0.0,0.0,0.00,0.00,0.00,0,0,0,0,0,0,,,,0.0,0.0,0.0
43,Tielemans,Youri,Tielemans,16,3,58,-2,0,a,100,,2026-07-23T12:01:23.321726Z,3.0,14,2.8,402,5,1.5,2518,9371,0,0,0,8,0,0,0,0,93,87.2,112.6,43.0,24.4,0.65,0.52,1.17,0.15,0.12,0.27,1.38,43,9.63,3,,,2.4,3.0,3.0
131,Baleba,Carlos,Baleba,16,3,49,-1,0,a,100,,2026-08-06T16:00:10.997714Z,0.0,0,0.0,0,0,0.1,969,615,0,0,0,0,0,0,0,0,0,0.0,0.0,0.0,0.0,0.00,0.00,0.00,0,0,0,0,0,0,,,,0.0,0.0,0.0
162,Andrey Santos,Andrey,Nascimento dos Santos,16,3,48,-2,0,a,,,,0.5,4,1.3,82,1,0.6,876,4301,0,0,0,4,0,0,0,0,23,24.8,5.5,8.0,3.9,0.00,0.24,0.24,0.0,0.26,0.26,2.23,18,19.76,,,,0.8,0.5,0.5
325,Darlow,Karl,Darlow,16,1,45,0,0,d,75,Unspecified injury - 75% chance of playing,2026-09-21T13:30:08.885505Z,0.0,0,0.0,0,0,0.0,55,163,0,0,0,0,0,0,0,0,0,0.0,0.0,0.0,0.0,0.00,0.00,0.00,0,0,0,0,0,0,,,,0.0,0.0,0.0
412,Lammens,Senne,Lammens,16,1,49,-1,0,a,,,,2.5,11,2.2,450,5,10.0,5550,41451,0,0,0,8,0,0,16,0,58,132.8,0.0,0.0,13.3,0.00,0.00,0.00,0.0,0.0,0.0,1.36,0,0.0,,,,2.2,2.5,2.5
413,Bayindir,Altay,Bayındır,16,1,45,0,0,u,0,Has joined Celta Vigo on loan for the rest of the season,2026-08-10T14:02:28.608415Z,0.0,0,0.0,0,0,0.0,0,29,0,0,0,0,0,0,0,0,0,0.0,0.0,0.0,0.0,0.00,0.00,0.00,0,0,0,0,0,0,,,,0.0,0.0,0.0
414,Heaton,Tom,Heaton,16,1,40,0,0,i,0,Hamstring injury - Unknown return date,2026-08-15T16:00:07.854151Z,0.0,0,0.0,0,0,0.1,169,225,0,0,0,0,0,0,0,0,0,0.0,0.0,0.0,0.0,0.00,0.00,0.00,0,0,0,0,0,0,,,,0.0,0.0,0.0
415,Dorgu,Patrick,Dorgu,16,3,58,-2,0,a,,,,2.5,10,2.0,171,2,0.5,880,3333,0,1,0,6,1,0,0,0,27,49.2,44.1,72.0,15.6,0.78,0.09,0.87,0.41,0.05,0.46,1.78,20,10.53,,,,1.7,2.5,2.5
416,De Ligt,Matthijs,de Ligt,16,2,50,0,0,i,0,Back injury - Unknown return date,2026-07-23T12:01:23.690880Z,0.0,0,0.0,0,0,0.0,62,97,0,0,0,0,0,0,0,0,0,0.0,0.0,0.0,0.0,0.00,0.00,0.00,0,0,0,0,0,0,,,,0.0,0.0,0.0
417,Dalot,Diogo,Dalot Teixeira,16,2,49,-1,0,a,,,,1.8,8,1.6,346,4,1.6,1000,6406,0,0,0,4,1,0,0,0,46,43.6,107.7,49.0,20.2,0.24,0.23,0.47,0.06,0.06,0.12,1.22,16,4.16,,,,1.6,1.8,1.8
418,Maguire,Harry,Maguire,16,2,48,-2,-1,a,,,,2.2,10,2.0,450,5,8.7,3484,67757,0,1,0,8,2,0,0,0,50,86.0,50.1,50.0,18.6,0.20,0.46,0.66,0.04,0.09,0.13,1.36,31,6.2,,,,2.1,2.2,2.2
419,Martinez,Lisandro,Martínez,16,2,50,0,0,a,100,,2026-07-24T20:00:10.337107Z,1.5,6,1.5,360,4,1.3,3129,5519,0,0,0,6,0,0,0,0,29,66.4,18.8,32.0,11.8,0.21,0.16,0.37,0.05,0.04,0.09,1.45,20,5.0,,,,1.2,1.5,1.5
420,Yoro,Leny,Yoro,16,2,48,-2,-1,a,,,,0.5,2,1.0,22,0,0.5,411,1877,0,0,0,2,0,0,0,0,-1,7.8,2.4,2.0,1.3,0.00,0.02,0.02,0.0,0.08,0.08,4.46,5,20.45,,,,0.4,0.5,0.5
421,Heaven,Ayden,Heaven,16,2,44,-1,0,a,,,,0.0,1,1.0,90,1,0.3,189,1247,0,0,0,2,0,0,0,0,5,6.8,2.6,11.0,2.0,0.12,0.04,0.16,0.12,0.04,0.16,1.01,2,2.0,,,,0.2,0.0,0.0
422,Mazraoui,Noussair,Mazraoui,16,2,44,-1,0,a,,,,0.5,3,1.0,97,1,0.5,502,2523,0,0,0,4,0,0,0,0,6,21.0,31.2,11.0,6.4,0.22,0.06,0.28,0.2,0.06,0.26,1.93,6,5.57,,,,0.7,0.5,0.5
423,Shaw,Luke,Shaw,16,2,43,-2,-1,a,100,,2026-09-11T13:00:09.030120Z,2.0,9,2.2,335,4,7.8,2761,69914,0,1,0,5,1,0,0,0,54,92.6,91.6,17.0,20.1,0.03,0.58,0.61,0.01,0.16,0.17,1.24,23,6.18,,3,,2.1,1.0,2.0
424,Amass,Harry,Amass,16,2,40,0,0,a,,,,0.0,0,0.0,0,0,0.2,346,660,0,0,0,0,0,0,0,0,0,0.0,0.0,0.0,0.0,0.00,0.00,0.00,0,0,0,0,0,0,,,,0.0,0.0,0.0
425,Fredricson,Tyler,Fredricson,16,2,40,0,0,u,0,Has joined Lausanne-Sport permanently,2026-08-18T14:12:31.904433Z,0.0,0,0.0,0,0,0.0,0,38,0,0,0,0,0,0,0,0,0,0.0,0.0,0.0,0.0,0.00,0.00,0.00,0,0,0,0,0,0,,,,0.0,0.0,0.0
426,B.Fernandes,Bruno,Borges Fernandes,16,3,119,-1,-1,a,,,,7.2,31,6.2,450,5,38.6,32930,175580,3,1,0,8,0,0,0,3,148,187.0,241.7,117.0,54.6,2.56,1.32,3.88,0.51,0.26,0.77,1.36,29,5.8,1,1,1,2.6,7.2,7.2
427,Mbeumo,Bryan,Mbeumo,16,3,79,-1,0,a,,,,5.8,25,5.0,450,5,20.7,28392,114743,2,1,0,8,1,0,0,3,110,120.8,164.2,156.0,44.2,3.07,0.80,3.87,0.61,0.16,0.77,1.36,26,5.2,2,2,2,3.2,5.8,5.8
428,Cunha,Matheus,Santos Carneiro da Cunha,16,3,79,-1,0,a,,,,6.0,26,5.2,407,5,5.7,16291,18655,1,2,1,5,0,0,0,4,95,73.0,111.5,114.0,30.0,0.63,0.83,1.46,0.14,0.18,0.32,1.2,13,2.87,,,,3.3,6.0,6.0
429,Rashford,Marcus,Rashford,16,3,70,0,0,d,75,Unspecified injury - 75% chance of playing,2026-09-21T10:30:09.221479Z,2.2,10,2.0,351,4,1.5,3915,14321,0,0,1,3,0,0,0,0,58,53.4,163.2,157.0,37.3,0.78,0.43,1.21,0.2,0.11,0.31,1.15,18,4.62,,,3,1.4,2.2,1.7
430,Mount,Mason,Mount,16,3,54,-1,0,a,100,,2026-08-15T16:00:07.879135Z,0.2,1,1.0,10,0,0.0,146,161,0,0,0,0,0,0,0,0,3,0.6,1.1,5.0,0.7,0.09,0.01,0.10,0.81,0.09,0.9,0.0,1,9.0,,,4,0.2,0.2,0.2
431,Amad,Amad,Diallo,16,3,57,-3,0,i,0,Unspecified injury - Unknown return date,2026-08-22T11:00:08.617283Z,0.0,0,0.0,0,0,0.3,99,1518,0,0,0,0,0,0,0,0,0,0.0,0.0,0.0,0.0,0.00,0.00,0.00,0,0,0,0,0,0,,4,,0.0,0.0,0.0
432,Mainoo,Kobbie,Mainoo,16,3,55,0,0,d,75,Unspecified injury - 75% chance of playing,2026-09-21T13:00:09.169862Z,5.2,22,4.4,354,4,1.6,7004,12025,0,1,0,4,0,0,0,2,102,83.2,88.8,21.0,19.3,0.30,0.52,0.82,0.08,0.13,0.21,1.21,56,14.24,,,,4.0,5.2,3.9
433,Ugarte,Manuel,Ugarte Ribeiro,16,3,50,0,0,i,0,Knee injury - Unknown return date,2026-07-23T12:01:23.706702Z,0.0,0,0.0,0,0,0.0,18,23,0,0,0,0,0,0,0,0,0,0.0,0.0,0.0,0.0,0.00,0.00,0.00,0,0,0,0,0,0,,,,0.0,0.0,0.0
434,J.Fletcher,Jack,Fletcher,16,3,49,-1,0,a,,,,0.0,0,0.0,0,0,0.0,35,51,0,0,0,0,0,0,0,0,0,0.0,0.0,0.0,0.0,0.00,0.00,0.00,0,0,0,0,0,0,,,,0.0,0.0,0.0
435,Lacey,Shea,Lacey,16,3,49,-1,0,a,,,,0.0,1,1.0,10,0,0.1,327,296,0,0,0,0,0,0,0,0,3,0.2,0.6,0.0,0.1,0.00,0.00,0.00,0.0,0.0,0.0,0.0,1,9.0,,,,0.2,0.0,0.0
436,Collyer,Toby,Collyer,16,3,50,0,0,u,0,Has joined West Brom permanently,2026-09-01T13:16:48.584385Z,0.0,0,0.0,0,0,0.0,0,40,0,0,0,0,0,0,0,0,0,0.0,0.0,0.0,0.0,0.00,0.00,0.00,0,0,0,0,0,0,,,,0.0,0.0,0.0
437,Bendito Mantato,Bendito,Mantato,16,3,44,-1,-1,a,,,,0.0,0,0.0,0,0,0.2,259,699,0,0,0,0,0,0,0,0,0,0.0,0.0,0.0,0.0,0.00,0.00,0.00,0,0,0,0,0,0,,,,0.0,0.0,0.0
438,Fletcher,Tyler,Fletcher,16,3,44,-1,0,a,,,,0.0,0,0.0,0,0,0.3,2197,1768,0,0,0,0,0,0,0,0,0,0.0,0.0,0.0,0.0,0.00,0.00,0.00,0,0,0,0,0,0,,,,0.0,0.0,0.0
439,Šeško,Benjamin,Sesko,16,4,70,0,0,d,75,Shin injury - 75% chance of playing,2026-09-20T19:30:08.505755Z,1.8,8,2.0,76,0,1.6,6353,20324,1,0,0,3,0,0,0,0,39,34.6,11.9,36.0,8.2,0.39,0.01,0.40,0.46,0.01,0.47,2.37,5,5.92,,,,1.1,1.8,1.4
440,Zirkzee,Joshua,Zirkzee,16,4,53,-2,-1,a,,,,0.5,2,1.0,20,0,0.4,1503,2651,0,0,0,0,0,0,0,0,8,7.6,14.9,0.0,2.2,0.00,0.01,0.01,0.0,0.04,0.04,0.09,4,18.0,,,,0.4,0.5,0.5
441,Obi,Chido,Obi,16,4,45,0,0,u,0,Has joined Willem II on loan for the rest of the season,2026-09-14T16:12:42.090874Z,0.0,0,0.0,0,0,0.9,0,9778,0,0,0,0,0,0,0,0,0,0.0,0.0,0.0,0.0,0.00,0.00,0.00,0,0,0,0,0,0,,,,0.0,0.0,0.0
405,N.Gonzalez,Nico,González Iglesias,17,3,55,0,0,a,100,,2026-09-14T21:30:07.343728Z,1.2,5,1.7,164,3,0.2,468,1687,0,0,1,2,1,0,0,0,23,13.4,42.0,2.0,5.8,0.00,0.21,0.21,0.0,0.12,0.12,1.28,12,6.59,,,,0.9,0.0,1.2
442,Pope,Nick,Pope,17,1,49,-1,0,a,,,,0.0,0,0.0,0,0,0.9,736,2722,0,0,0,0,0,0,0,0,0,0.0,0.0,0.0,0.0,0.00,0.00,0.00,0,0,0,0,0,0,,,,0.0,0.0,0.0
443,Gillespie,Mark,Gillespie,17,1,45,0,0,a,,,,0.0,0,0.0,0,0,0.0,34,71,0,0,0,0,0,0,0,0,0,0.0,0.0,0.0,0.0,0.00,0.00,0.00,0,0,0,0,0,0,,,,0.0,0.0,0.0
444,Jaouen,Ewen,Jaouen,17,1,44,-1,-1,d,50,Ankle injury - 50% chance of playing,2026-09-10T16:00:09.127466Z,0.0,0,0.0,0,0,0.0,18,100,0,0,0,0,0,0,0,0,0,0.0,0.0,0.0,0.0,0.00,0.00,0.00,0,0,0,0,0,0,,,,0.0,0.0,0.0
445,Thiaw,Malick,Thiaw,17,2,50,0,0,a,,,,2.8,14,2.8,450,5,2.2,7196,8296,0,0,1,9,0,0,0,0,32,106.2,16.3,4.0,12.7,0.00,0.08,0.08,0.0,0.02,0.02,1.83,45,9.0,,,,2.8,2.8,2.8
446,Schär,Fabian,Schär,17,2,49,-1,0,a,100,,2026-08-15T16:30:07.209742Z,0.2,2,1.0,25,0,0.2,467,800,0,0,0,2,0,0,0,0,0,25.0,10.5,0.0,3.6,0.00,0.01,0.01,0.0,0.04,0.04,6.73,7,25.2,,,2,0.4,0.2,0.2
447,Botman,Sven,Botman,17,2,50,0,0,a,,,,3.0,15,3.0,450,5,0.7,4008,2385,0,0,1,9,1,0,0,0,43,136.0,4.1,23.0,16.4,0.06,0.17,0.23,0.01,0.03,0.04,1.83,59,11.8,,,,3.0,3.0,3.0
448,Burn,Dan,Burn,17,2,48,-2,-1,i,0,Ankle injury - Expected back 12 Oct,2026-08-23T18:00:08.367241Z,0.0,0,0.0,0,0,0.7,84,4950,0,0,0,0,0,0,0,0,0,0.0,0.0,0.0,0.0,0.00,0.00,0.00,0,0,0,0,0,0,,,,0.0,0.0,0.0
449,Hall,Lewis,Hall,17,2,53,3,1,a,,,,7.0,31,6.2,449,5,17.0,217672,15100,1,1,1,9,0,0,0,6,127,175.6,89.0,38.0,30.2,0.25,0.79,1.04,0.05,0.16,0.21,1.83,46,9.22,,1,1,5.8,7.0,7.0
450,Livramento,Tino,Livramento,17,2,49,-1,0,d,75,Unspecified injury - 75% chance of playing,2026-09-19T14:00:09.046677Z,1.0,4,2.0,33,0,0.1,408,1332,0,1,0,1,1,0,0,0,12,5.0,3.8,4.0,1.3,0.00,0.01,0.01,0.0,0.03,0.03,0.49,3,8.18,,,,0.8,1.0,0.8
451,A.Murphy,Alex,Murphy,17,2,40,0,0,u,0,Has joined FC Kaiserslautern on loan for the rest of the season,2026-08-12T14:05:29.224600Z,0.0,0,0.0,0,0,0.1,0,244,0,0,0,0,0,0,0,0,0,0.0,0.0,0.0,0.0,0.00,0.00,0.00,0,0,0,0,0,0,,,,0.0,0.0,0.0
453,Barnes,Harvey,Barnes,17,3,61,1,1,a,,,,6.5,28,5.6,450,5,5.5,138652,13073,1,3,1,9,0,0,0,3,105,105.2,80.9,96.0,28.2,0.62,0.48,1.10,0.12,0.1,0.22,1.83,33,6.6,,3,,4.6,6.5,6.5
454,Elanga,Anthony,Elanga,17,3,61,1,-1,i,0,Unspecified injury - Unknown return date,2026-09-14T20:00:09.505598Z,2.2,18,6.0,232,3,4.7,270,153312,2,0,1,3,1,0,0,2,71,82.6,50.6,61.0,19.4,0.42,0.34,0.76,0.16,0.13,0.29,1.56,9,3.49,,2,,3.0,0.0,0.0
456,J.Ramsey,Jacob,Ramsey,17,3,49,-1,0,i,0,Thigh injury - Unknown return date,2026-09-15T09:00:08.191022Z,1.8,7,2.3,69,0,0.2,35,4194,1,0,0,1,1,0,0,0,26,40.4,6.3,21.0,6.7,0.17,0.16,0.33,0.22,0.21,0.43,2.5,11,14.35,,,,1.4,0.0,0.0
457,J.Murphy,Jacob,Murphy,17,3,59,-1,0,a,,,,0.8,3,0.6,181,2,0.1,786,661,0,0,0,5,3,0,0,0,21,13.0,26.9,10.0,4.9,0.03,0.41,0.44,0.01,0.2,0.21,2.47,18,8.95,,4,,0.5,0.8,0.8
458,Joelinton,Joelinton Cássio,Apolinário de Lira,17,3,54,-1,0,i,0,Unspecified injury - Unknown return date,2026-08-16T08:00:08.074045Z,0.0,0,0.0,0,0,0.0,11,62,0,0,0,0,0,0,0,0,0,0.0,0.0,0.0,0.0,0.00,0.00,0.00,0,0,0,0,0,0,,,,0.0,0.0,0.0
459,L.Miley,Lewis,Miley,17,3,55,0,0,a,100,,2026-07-23T12:01:23.785456Z,2.2,12,2.4,396,5,0.1,396,375,0,0,1,8,1,0,0,0,68,58.4,57.3,5.0,12.0,0.05,0.14,0.19,0.01,0.03,0.04,1.81,52,11.82,,5,,2.2,2.2,2.2
460,Willock,Joe,Willock,17,3,50,0,0,a,,,,4.0,22,4.4,284,3,0.5,8432,2155,2,0,1,5,0,0,0,3,80,92.2,41.0,68.0,19.4,0.81,0.30,1.11,0.26,0.1,0.36,1.64,18,5.7,,,,4.4,4.0,4.0
461,Touré,Bazoumana,Touré,17,3,58,-2,0,a,,,,2.0,8,2.7,50,0,0.1,273,737,1,0,0,1,0,0,0,0,29,37.6,5.3,21.0,6.4,0.28,0.01,0.29,0.5,0.02,0.52,1.37,4,7.2,,,,1.4,2.0,2.0
462,Steur,Sean,Steur,17,3,49,-1,0,a,,,,1.8,8,1.6,223,2,0.1,224,327,0,0,1,5,0,0,0,0,42,35.4,52.2,0.0,8.8,0.00,0.06,0.06,0.0,0.02,0.02,1.71,21,8.48,,,,1.6,1.8,1.8
463,Woltemade,Nick,Woltemade,17,4,59,-1,0,u,0,Has joined Juventus on loan for the rest of the season,2026-09-02T16:07:16.549304Z,1.0,4,4.0,19,0,0.5,0,3091,0,1,0,0,0,0,0,0,18,18.2,10.5,11.0,4.0,0.02,0.01,0.03,0.09,0.05,0.14,1.8,0,0.0,,,,0.7,0.0,0.0
464,Wissa,Yoane,Wissa,17,4,62,2,0,a,,,,2.8,15,3.0,441,5,18.7,70791,125897,1,1,1,8,2,0,0,2,54,66.6,60.6,106.0,23.3,2.35,0.06,2.41,0.48,0.01,0.49,1.63,27,5.51,2,,,2.4,2.8,2.8
465,Osula,William,Osula,17,4,58,-2,-1,i,0,Foot injury - Unknown return date,2026-08-25T19:00:08.004915Z,0.0,4,4.0,55,1,0.3,98,2004,0,1,0,1,0,0,0,0,18,28.2,13.7,8.0,5.0,0.06,0.14,0.20,0.1,0.23,0.33,2.42,5,8.18,1,,4,0.7,0.0,0.0
466,Neave,Sean,Neave,17,4,45,0,0,u,0,Has joined Wolves on loan for the rest of the season,2026-09-04T12:37:43.515176Z,0.0,0,0.0,0,0,0.5,0,3324,0,0,0,0,0,0,0,0,0,0.0,0.0,0.0,0.0,0.00,0.00,0.00,0,0,0,0,0,0,,,,0.0,0.0,0.0
559,Bamba,Aladji,Bamba,17,3,49,-1,0,a,,,,0.5,3,1.0,27,0,0.1,105,409,0,0,0,1,0,0,0,0,12,11.6,0.4,0.0,1.2,0.00,0.00,0.00,0.0,0.0,0.0,4.3,8,26.67,,,,0.6,0.5,0.5
567,Horníček,Lukás,Hornícek,17,1,50,0,0,a,,,,3.2,14,2.8,450,5,1.5,6162,4046,0,0,1,9,1,0,19,0,72,155.6,0.0,0.0,15.5,0.00,0.00,0.00,0.0,0.0,0.0,1.83,0,0.0,,,,2.8,3.2,3.2
593,Dedić,Amar,Dedic,17,2,45,0,0,i,0,Unspecified injury - Unknown return date,2026-09-17T14:30:09.823731Z,3.0,13,3.2,327,4,1.9,217,34157,0,1,1,7,0,0,0,2,36,70.0,40.7,15.0,12.6,0.14,0.08,0.22,0.04,0.02,0.06,2.03,24,6.61,,,3,2.9,0.0,0.0
609,Shahar,Leo,Shahar,17,2,40,0,0,u,0,has joined Arouca on loan for the rest of the seaon.,2026-09-11T14:41:57.406766Z,0.0,0,0.0,0,0,0.2,0,1619,0,0,0,0,0,0,0,0,0,0.0,0.0,0.0,0.0,0.00,0.00,0.00,0,0,0,0,0,0,,,,0.0,0.0,0.0
634,Fernandez-Pardo,Matias,Fernandez-Pardo,17,4,60,0,0,a,,,,1.3,4,1.3,157,2,0.1,1489,1206,0,0,0,4,0,0,0,0,16,3.4,12.5,15.0,3.1,0.05,0.01,0.06,0.03,0.01,0.04,1.69,5,2.87,,,,0.7,1.3,1.3
659,Miley,Mason,Miley,17,3,45,0,0,a,,,,0.0,0,0.0,0,0,0.0,1236,554,0,0,0,0,0,0,0,0,0,0.0,0.0,0.0,0.0,0.00,0.00,0.00,0,0,0,0,0,0,,,,0.0,0.0,0.0
663,Pivas,Miodrag,Pivas,17,2,40,0,0,a,,,,0.0,0,0.0,0,0,0.0,317,40,0,0,0,0,0,0,0,0,0,0.0,0.0,0.0,0.0,0.00,0.00,0.00,0,0,0,0,0,0,,,,0.0,1.1,1.1
664,Salia,Vakhtang,Salia,17,4,45,0,0,a,,,,0.0,0,0.0,0,0,0.1,7600,1118,0,0,0,0,0,0,0,0,0,0.0,0.0,0.0,0.0,0.00,0.00,0.00,0,0,0,0,0,0,,,,0.0,1.0,1.0
665,Mills,Michael,Mills,17,3,45,0,0,a,,,,0.0,0,0.0,0,0,0.0,138,23,0,0,0,0,0,0,0,0,0,0.0,0.0,0.0,0.0,0.00,0.00,0.00,0,0,0,0,0,0,,,,0.0,1.1,1.1
666,Thompson,Kyran,Thompson,17,3,45,0,0,a,,,,0.0,0,0.0,0,0,0.0,183,23,0,0,0,0,0,0,0,0,0,0.0,0.0,0.0,0.0,0.00,0.00,0.00,0,0,0,0,0,0,,,,0.0,1.1,1.1
167,Delap,Liam,Delap,18,4,56,1,1,a,,,,2.2,9,2.2,277,3,2.7,23153,25202,1,0,1,3,2,0,0,0,49,40.0,68.6,71.0,17.9,0.89,0.35,1.24,0.29,0.11,0.4,0.85,17,5.52,3,,,1.6,2.2,2.2
201,Muñoz,Daniel,Muñoz Mejía,18,2,54,-1,0,a,,,,1.2,5,1.2,257,3,5.7,6897,25974,0,0,0,4,0,0,0,0,29,39.2,62.3,79.0,18.1,0.60,0.21,0.81,0.21,0.07,0.28,0.91,15,5.25,,,,0.9,1.2,1.2
467,Sels,Matz,Sels,18,1,50,0,0,a,,,,3.0,14,2.8,450,5,1.6,1654,4983,0,0,1,5,0,0,11,0,67,82.0,0.0,0.0,8.2,0.00,0.01,0.01,0.0,0.0,0.0,0.95,0,0.0,,,,2.8,3.0,3.0
468,John,John Victor,Maciel Furtado,18,1,45,0,0,a,,,,0.0,0,0.0,0,0,0.1,47,129,0,0,0,0,0,0,0,0,0,0.0,0.0,0.0,0.0,0.00,0.00,0.00,0,0,0,0,0,0,,,,0.0,0.0,0.0
469,N.Williams,Neco,Williams,18,2,50,0,0,a,,,,4.2,19,3.8,450,5,8.8,9602,38301,0,1,1,5,0,0,0,1,85,90.4,123.7,42.0,25.6,0.41,0.61,1.02,0.08,0.12,0.2,0.95,29,5.8,,2,3,3.8,4.2,4.2
470,Morato,Felipe,Rodrigues da Silva,18,2,50,0,0,u,0,Has joined West Ham on loan for the rest of the season,2026-09-02T16:19:54.503286Z,0.0,0,0.0,0,0,0.0,0,96,0,0,0,0,0,0,0,0,0,0.0,0.0,0.0,0.0,0.00,0.00,0.00,0,0,0,0,0,0,,,,0.0,0.0,0.0
471,Milenković,Nikola,Milenković,18,2,54,-1,-1,i,0,Hamstring injury - Expected back 11 Oct,2026-09-12T14:00:09.705107Z,2.5,12,4.0,270,3,1.0,51,10580,0,0,1,3,1,0,0,0,34,53.2,1.4,16.0,7.0,0.11,0.03,0.14,0.04,0.01,0.05,1.09,31,10.33,,,,2.2,0.0,0.0
472,Murillo,Murillo,Costa dos Santos,18,2,55,0,0,a,100,,2026-07-23T12:01:23.801183Z,4.8,23,4.6,449,5,2.1,6863,6641,0,1,1,5,1,0,0,0,76,124.2,62.6,27.0,21.4,0.42,0.37,0.79,0.08,0.07,0.15,0.96,53,10.62,,,2,4.2,4.8,4.8
473,Aina,Ola,Aina,18,2,44,-1,-1,a,,,,0.8,8,2.0,306,4,2.4,931,18412,0,0,1,3,2,0,0,0,45,58.2,53.3,15.0,12.7,0.04,0.53,0.57,0.01,0.16,0.17,1.09,22,6.47,,,,1.8,0.8,0.8
474,Jair Cunha,Jair,Paula da Cunha Filho,18,2,45,0,0,a,100,,2026-09-12T14:00:09.724349Z,2.5,11,2.8,360,4,0.2,201,562,0,0,1,4,2,0,0,0,40,69.6,14.2,2.0,8.6,0.05,0.02,0.07,0.01,0.0,0.01,0.99,36,9.0,,,,2.4,1.9,2.5
475,Savona,Nicolò,Savona,18,2,45,0,0,i,0,Knee injury - Unknown return date,2026-07-23T12:01:23.816304Z,0.0,0,0.0,0,0,0.0,18,17,0,0,0,0,0,0,0,0,0,0.0,0.0,0.0,0.0,0.00,0.00,0.00,0,0,0,0,0,0,,,,0.0,0.0,0.0
476,O.Richards,Omar,Richards,18,2,40,0,0,a,,,,0.0,0,0.0,0,0,0.2,245,621,0,0,0,0,0,0,0,0,0,0.0,0.0,0.0,0.0,0.00,0.00,0.00,0,0,0,0,0,0,,,,0.0,0.0,0.0
477,Abbott,Zach,Abbott,18,2,40,0,0,u,0,Has joined Southampton on loan for the rest of the season,2026-09-02T16:19:54.536676Z,0.0,0,0.0,0,0,0.1,0,675,0,0,0,0,0,0,0,0,0,0.0,0.0,0.0,0.0,0.00,0.00,0.00,0,0,0,0,0,0,,,,0.0,0.0,0.0
478,Netz,Luca,Netz,18,2,44,-1,0,a,,,,0.5,3,1.0,27,0,0.0,47,95,0,0,0,1,0,0,0,0,8,6.0,17.5,2.0,2.6,0.00,0.02,0.02,0.0,0.07,0.07,0.43,1,3.33,,,,0.7,0.5,0.5
479,Bindon,Tyler,Bindon,18,2,40,0,0,u,0,Has joined Charlton Athletic on loan for the rest of the season,2026-09-01T13:16:05.383880Z,0.0,0,0.0,0,0,0.1,0,454,0,0,0,0,0,0,0,0,0,0.0,0.0,0.0,0.0,0.00,0.00,0.00,0,0,0,0,0,0,,,,0.0,0.0,0.0
480,Gibbs-White,Morgan,Gibbs-White,18,3,80,0,0,a,100,,2026-08-24T15:30:08.350159Z,6.5,28,5.6,450,5,15.7,53565,71099,1,2,1,5,0,0,0,6,116,123.4,204.7,78.0,40.6,1.56,1.42,2.98,0.31,0.28,0.59,0.95,21,4.2,1,,1,3.5,6.5,6.5
482,Hudson-Odoi,Callum,Hudson-Odoi,18,3,58,-2,0,a,100,,2026-07-23T12:01:23.832709Z,0.2,1,1.0,1,0,0.1,218,1020,0,0,0,0,0,0,0,0,2,0.0,0.3,0.0,0.0,0.00,0.00,0.00,0.0,0.0,0.0,0.0,0,0.0,,,4,0.2,0.2,0.2
483,Ndoye,Dan,Ndoye,18,3,55,0,0,a,,,,3.0,15,3.0,316,5,0.7,623,7326,1,0,1,3,1,0,0,2,44,39.0,63.6,90.0,19.0,1.25,0.93,2.18,0.36,0.26,0.62,1.09,20,5.7,,,,2.7,3.0,3.0
484,Hutchinson,Omari,Hutchinson,18,3,54,-1,0,u,0,Has joined AC Milan on loan for the rest of the season,2026-09-01T13:23:52.340206Z,0.0,0,0.0,0,0,0.1,0,287,0,0,0,0,0,0,0,0,0,0.0,0.0,0.0,0.0,0.00,0.00,0.00,0,0,0,0,0,0,,,,0.0,0.0,0.0
485,Bakwa,Dilane,Bakwa,18,3,55,0,0,u,0,Has joined Lille on loan for the rest of the season,2026-08-27T14:53:03.381941Z,0.0,0,0.0,0,0,0.0,0,26,0,0,0,0,0,0,0,0,0,0.0,0.0,0.0,0.0,0.00,0.00,0.00,0,0,0,0,0,0,,,,0.0,0.0,0.0
486,McAtee,James,McAtee,18,3,55,0,0,a,,,,2.2,12,2.4,416,5,0.1,299,806,0,0,2,4,2,0,0,0,91,62.4,174.8,38.0,27.6,0.37,0.96,1.33,0.08,0.21,0.29,0.98,39,8.44,,1,,2.2,2.2,2.2
487,Dominguez,Nicolás,Domínguez,18,3,49,-1,0,a,,,,0.2,1,1.0,1,0,0.1,49,261,0,0,0,0,0,0,0,0,3,0.2,0.0,0.0,0.0,0.00,0.00,0.00,0.0,0.0,0.0,0.0,0,0.0,,,,0.2,0.2,0.2
488,I.Sangaré,Ibrahim,Sangaré,18,3,49,-1,0,a,100,,2026-08-28T09:30:07.471668Z,0.5,4,1.3,105,1,0.4,262,2618,0,0,0,1,0,0,0,0,15,21.6,13.7,5.0,4.1,0.09,0.02,0.11,0.08,0.02,0.1,0.48,8,6.86,,,,0.8,0.5,0.5
489,Yates,Ryan,Yates,18,3,45,0,0,a,100,,2026-08-17T20:30:08.195072Z,0.0,0,0.0,0,0,1.2,504,6427,0,0,0,0,0,0,0,0,0,0.0,0.0,0.0,0.0,0.00,0.00,0.00,0,0,0,0,0,0,,,,0.0,0.0,0.0
490,Wood,Chris,Wood,18,4,58,-2,0,a,,,,0.8,4,1.0,62,0,0.9,1537,5614,0,0,0,1,0,0,0,0,13,1.2,4.8,3.0,0.7,0.12,0.01,0.13,0.17,0.01,0.18,0.77,1,1.45,2,,,0.7,0.8,0.8
491,Igor Jesus,Igor Jesus,Maciel da Cruz,18,4,58,-2,0,a,,,,2.5,12,2.4,257,2,2.6,5828,20458,1,0,0,3,1,0,0,2,53,54.8,40.7,100.0,19.6,1.25,0.08,1.33,0.44,0.03,0.47,0.91,15,5.25,4,,,2.1,2.5,2.5
493,Kalimuendo,Arnaud,Kalimuendo,18,4,54,-1,0,a,,,,0.0,1,1.0,1,0,0.1,179,343,0,0,0,0,0,0,0,0,3,0.0,0.0,0.0,0.0,0.00,0.00,0.00,0.0,0.0,0.0,0.0,0,0.0,,,,0.2,0.0,0.0
558,Schlager,Xaver,Schlager,18,3,50,0,0,a,,,,3.0,13,2.6,376,4,0.1,176,663,0,0,1,5,1,0,0,0,70,68.4,25.0,31.0,12.5,0.19,0.18,0.37,0.05,0.04,0.09,1.06,49,11.73,,3,,2.6,3.0,3.0
581,Diomande,Ousmane,Diomande,18,2,54,-1,0,a,,,,1.8,7,2.3,163,2,0.5,1261,1888,0,0,0,2,0,0,0,0,17,32.4,1.0,19.0,5.2,0.16,0.01,0.17,0.09,0.01,0.1,0.8,19,10.49,,,,1.3,1.8,1.8
590,Benda,Steven,Benda,18,1,45,0,0,a,,,,0.0,0,0.0,0,0,0.1,106,201,0,0,0,0,0,0,0,0,0,0.0,0.0,0.0,0.0,0.00,0.00,0.00,0,0,0,0,0,0,,,,0.0,0.0,0.0
112,Van Hecke,Jan Paul,van Hecke,19,2,49,-1,0,a,,,,5.8,24,4.8,450,5,6.6,14582,23011,1,0,2,8,1,0,0,2,85,171.8,74.9,70.0,31.6,0.69,0.42,1.11,0.14,0.08,0.22,1.56,43,8.6,,,,4.9,5.8,5.8
147,Tosin,Tosin,Adarabioyo,19,2,44,-1,0,a,,,,0.2,1,1.0,5,0,0.1,85,480,0,0,0,0,0,0,0,0,5,9.0,0.2,0.0,0.9,0.00,0.00,0.00,0.0,0.0,0.0,0.54,4,72.0,,,,0.2,0.2,0.2
401,Marmoush,Omar,Marmoush,19,4,70,0,0,a,,,,2.0,8,2.0,339,4,2.1,8233,18935,0,0,2,5,0,0,0,0,37,18.0,55.5,58.0,12.9,0.38,0.15,0.53,0.1,0.04,0.14,1.02,13,3.45,2,,5,1.1,2.0,2.0
403,Sávio,Sávio,Moreira de Oliveira,19,3,65,0,0,a,100,,2026-08-29T16:30:08.380416Z,2.0,8,2.7,240,3,0.7,2337,5875,0,0,2,3,0,0,0,0,66,51.4,130.0,96.0,27.8,0.41,0.70,1.11,0.15,0.26,0.41,1.04,11,4.12,,4,,1.2,2.0,2.0
455,Tonali,Sandro,Tonali,19,3,53,-2,-1,a,100,,2026-09-14T14:30:07.387706Z,3.0,14,2.8,427,5,1.9,1893,13301,0,0,2,8,0,0,0,0,86,63.0,89.0,28.0,18.0,0.24,0.61,0.85,0.05,0.13,0.18,1.63,42,8.85,,,,2.6,3.0,3.0
494,Vicario,Guglielmo,Vicario,19,1,45,0,0,u,0,Has joined Juventus on loan for the rest of the season,2026-08-19T13:55:33.193962Z,0.0,0,0.0,0,0,0.1,0,624,0,0,0,0,0,0,0,0,0,0.0,0.0,0.0,0.0,0.00,0.00,0.00,0,0,0,0,0,0,,,,0.0,0.0,0.0
495,Austin,Brandon,Austin,19,1,40,0,0,a,,,,0.0,0,0.0,0,0,1.0,1618,1879,0,0,0,0,0,0,0,0,0,0.0,0.0,0.0,0.0,0.00,0.00,0.00,0,0,0,0,0,0,,,,0.0,0.0,0.0
496,Kinsky,Antonín,Kinský,19,1,45,0,0,a,,,,4.0,18,3.6,450,5,17.4,14082,98319,0,0,2,8,0,0,12,0,77,104.8,10.0,0.0,11.5,0.00,0.00,0.00,0.0,0.0,0.0,1.56,0,0.0,,,,4.0,4.0,4.0
497,Dubravka,Martin,Dubravka,19,1,40,0,0,a,,,,0.0,0,0.0,0,0,17.2,21912,40953,0,0,0,0,0,0,0,0,0,0.0,0.0,0.0,0.0,0.00,0.00,0.00,0,0,0,0,0,0,,,,0.0,0.0,0.0
498,Senesi,Marcos,Senesi Barón,19,2,58,-2,0,a,,,,0.0,3,3.0,90,1,3.6,969,18559,0,0,0,3,0,0,0,0,10,36.6,2.2,0.0,3.9,0.00,0.02,0.02,0.0,0.02,0.02,3.87,16,16.0,,,,0.5,0.0,0.0
499,Pedro Porro,Pedro,Porro Sauceda,19,2,54,-1,0,d,75,Hamstring injury - 75% chance of playing,2026-09-19T12:00:08.823872Z,2.2,9,3.0,198,3,7.7,1544,64544,0,0,1,2,0,0,0,1,33,22.6,47.6,28.0,9.8,0.37,0.16,0.53,0.17,0.07,0.24,0.76,9,4.09,,3,1,1.7,2.2,1.7
500,Romero,Cristian,Romero,19,2,50,0,0,u,0,Has joined Atletico Madrid permanently,2026-08-17T13:49:05.465401Z,0.0,0,0.0,0,0,0.1,0,239,0,0,0,0,0,0,0,0,0,0.0,0.0,0.0,0.0,0.00,0.00,0.00,0,0,0,0,0,0,,,,0.0,0.0,0.0
502,Robertson,Andrew,Robertson,19,2,44,-1,0,a,,,,3.5,17,3.4,366,4,2.5,4565,10886,0,1,1,7,0,0,0,1,68,89.6,123.9,41.0,25.4,0.13,0.43,0.56,0.03,0.11,0.14,1.73,20,4.92,,1,,3.9,3.5,3.5
503,Van de Ven,Micky,van de Ven,19,2,50,0,0,a,100,,2026-08-21T15:00:07.610517Z,4.0,16,4.0,360,4,3.8,4681,17296,0,0,2,5,1,0,0,3,69,75.8,8.7,18.0,10.3,0.59,0.05,0.64,0.15,0.01,0.16,0.98,29,7.25,,,,3.2,4.0,4.0
505,Spence,Djed,Spence,19,2,45,0,0,u,0,Has joined Internazionale permanently,2026-08-18T14:13:08.454214Z,0.0,0,0.0,0,0,0.2,0,987,0,0,0,0,0,0,0,0,0,0.0,0.0,0.0,0.0,0.00,0.00,0.00,0,0,0,0,0,0,,,,0.0,0.0,0.0
506,Udogie,Destiny,Udogie,19,2,44,-1,0,a,100,,2026-09-11T18:00:09.092110Z,1.5,7,2.3,86,1,0.3,283,1411,0,0,1,1,1,0,0,0,21,9.8,13.5,4.0,2.7,0.00,0.23,0.23,0.0,0.24,0.24,1.22,4,4.19,,,,1.6,1.5,1.5
507,Phillips,Ashley,Phillips,19,2,45,0,0,u,0,Has joined Middlesbrough permanently,2026-08-18T14:13:08.474144Z,0.0,0,0.0,0,0,0.0,0,49,0,0,0,0,0,0,0,0,0,0.0,0.0,0.0,0.0,0.00,0.00,0.00,0,0,0,0,0,0,,,,0.0,0.0,0.0
508,Davies,Ben,Davies,19,2,39,-1,-1,a,,,,0.0,0,0.0,0,0,0.9,6177,3174,0,0,0,0,0,0,0,0,0,0.0,0.0,0.0,0.0,0.00,0.00,0.00,0,0,0,0,0,0,,,,0.0,0.0,0.0
509,Byfield,Jun'ai,Byfield,19,2,40,0,0,a,,,,0.0,0,0.0,0,0,0.1,112,212,0,0,0,0,0,0,0,0,0,0.0,0.0,0.0,0.0,0.00,0.00,0.00,0,0,0,0,0,0,,,,0.0,0.0,0.0
510,Rowswell,James,Rowswell,19,2,40,0,0,a,,,,0.0,0,0.0,0,0,0.1,124,284,0,0,0,0,0,0,0,0,0,0.0,0.0,0.0,0.0,0.00,0.00,0.00,0,0,0,0,0,0,,,,0.0,0.0,0.0
511,Souza,João Victor,de Souza Menezes,19,2,40,0,0,u,0,Has joined FC Porto on loan for the rest of the season,2026-09-01T13:24:26.858636Z,0.0,0,0.0,0,0,0.2,0,761,0,0,0,0,0,0,0,0,0,0.0,0.0,0.0,0.0,0.00,0.00,0.00,0,0,0,0,0,0,,,,0.0,0.0,0.0
512,Kudus,Mohammed,Kudus,19,3,65,0,0,a,100,,2026-07-23T12:01:23.848657Z,1.8,7,1.8,123,0,0.2,1857,923,0,1,0,3,0,0,0,0,49,37.2,48.7,26.0,11.2,0.11,0.42,0.53,0.08,0.31,0.39,1.07,14,10.24,3,6,3,1.1,1.8,1.8
513,Xavi,Xavi,Simons,19,3,59,-1,0,i,0,Knee injury - Unknown return date,2026-07-23T12:01:23.864304Z,0.0,0,0.0,0,0,0.0,39,66,0,0,0,0,0,0,0,0,0,0.0,0.0,0.0,0.0,0.00,0.00,0.00,0,0,0,0,0,0,4,,2,0.0,0.0,0.0
514,Tel,Mathys,Tel,19,3,57,-3,-1,a,,,,1.5,8,2.0,257,3,0.2,163,1734,0,0,1,4,0,0,0,0,41,21.6,52.7,72.0,14.6,0.21,0.23,0.44,0.07,0.08,0.15,1.94,13,4.55,,5,4,1.4,1.5,1.5
515,Maddison,James,Maddison,19,3,63,-2,0,a,100,,2026-08-25T14:30:07.623508Z,0.5,3,1.0,59,0,0.4,610,1693,0,0,0,2,0,0,0,0,18,21.8,14.5,19.0,5.6,0.06,0.04,0.10,0.09,0.06,0.15,1.57,11,16.78,,,,0.5,0.5,0.5
516,Bentancur,Rodrigo,Bentancur,19,3,55,0,0,a,,,,3.5,15,3.0,370,4,0.2,294,561,0,0,2,6,0,0,0,0,69,77.4,39.3,8.0,12.6,0.02,0.12,0.14,0.0,0.03,0.03,1.36,60,14.59,,,,2.7,3.5,3.5
517,Odobert,Wilson,Odobert,19,3,55,0,0,i,0,Knee injury - Unknown return date,2026-07-23T12:01:23.879434Z,0.0,0,0.0,0,0,0.0,13,10,0,0,0,0,0,0,0,0,0,0.0,0.0,0.0,0.0,0.00,0.00,0.00,0,0,0,0,0,0,,,,0.0,0.0,0.0
518,P.M.Sarr,Pape Matar,Sarr,19,3,49,-1,0,u,0,Has joined Juventus on loan for the rest of the season,2026-09-02T16:02:43.386849Z,0.0,0,0.0,0,0,0.1,0,584,0,0,0,0,0,0,0,0,0,0.0,0.0,0.0,0.0,0.00,0.00,0.00,0,0,0,0,0,0,,,,0.0,0.0,0.0
519,Gallagher,Conor,Gallagher,19,3,53,-2,0,a,,,,2.2,9,3.0,134,2,0.2,699,541,1,0,1,2,1,0,0,0,48,48.6,12.2,36.0,9.6,0.37,0.12,0.49,0.25,0.08,0.33,1.78,18,12.09,,,,1.7,2.2,2.2
520,Bergvall,Lucas,Bergvall,19,3,53,-2,-1,a,,,,0.5,3,1.0,78,1,0.1,83,528,0,0,0,2,0,0,0,0,13,11.0,10.8,11.0,2.9,0.06,0.27,0.33,0.07,0.31,0.38,2.55,13,15.0,,,,0.6,0.5,0.5
521,Kulusevski,Dejan,Kulusevski,19,3,65,0,0,i,0,Knee injury - Unknown return date,2026-07-23T12:01:23.895175Z,0.0,0,0.0,0,0,0.0,51,51,0,0,0,0,0,0,0,0,0,0.0,0.0,0.0,0.0,0.00,0.00,0.00,0,0,0,0,0,0,,,,0.0,0.0,0.0
522,Gray,Archie,Gray,19,3,49,-1,0,a,,,,1.8,9,2.2,307,3,0.2,401,1024,0,0,1,7,0,0,0,0,51,28.4,14.6,27.0,7.0,0.23,0.05,0.28,0.07,0.01,0.08,1.79,27,7.92,,,,1.8,1.8,1.8
523,Moore,Mikey,Moore,19,3,50,0,0,u,0,Has joined FC Köln on loan for the rest of the season,2026-09-04T12:39:48.098158Z,0.2,3,1.5,89,1,0.1,0,476,0,0,0,4,0,0,0,0,11,14.2,6.3,56.0,7.5,0.40,0.02,0.42,0.4,0.02,0.42,3.3,3,3.03,,,,0.6,0.0,0.0
524,Olusesi,Callum,Olusesi,19,3,44,-1,0,a,,,,0.0,0,0.0,0,0,1.0,5378,6686,0,0,0,0,0,0,0,0,0,0.0,0.0,0.0,0.0,0.00,0.00,0.00,0,0,0,0,0,0,,,,0.0,0.0,0.0
525,Fernandes,Mateus,Fernandes,19,3,57,-3,-1,a,,,,1.5,7,1.4,249,3,0.8,379,5822,0,0,1,4,1,0,0,0,50,24.2,92.6,34.0,14.6,0.19,0.28,0.47,0.07,0.1,0.17,1.6,21,7.59,,2,,1.2,1.5,1.5
526,Solanke,Dominic,Solanke-Mitchell,19,4,58,-2,0,a,,,,1.5,7,1.4,170,2,0.8,1421,4876,0,0,1,1,0,0,0,0,21,8.4,17.5,37.0,6.1,0.56,0.01,0.57,0.3,0.01,0.31,1.36,9,4.76,1,,,1.2,1.5,1.5
527,Richarlison,Richarlison,de Andrade,19,4,59,-1,0,u,0,not included in squad.,2026-09-04T12:32:39.183614Z,0.0,2,2.0,67,1,0.6,0,4850,0,0,0,3,0,0,0,0,6,0.0,2.2,0.0,0.2,0.00,0.00,0.00,0.0,0.0,0.0,4.06,1,1.34,,,,0.3,0.0,0.0
528,Scarlett,Dane,Scarlett,19,4,45,0,0,u,0,Has joined Leyton Orient permanently,2026-09-02T16:02:43.413625Z,0.0,0,0.0,0,0,1.1,0,7037,0,0,0,0,0,0,0,0,0,0.0,0.0,0.0,0.0,0.00,0.00,0.00,0,0,0,0,0,0,,,,0.0,0.0,0.0
578,Mudryk,Mykhailo,Mudryk,19,3,53,-2,-1,i,0,Ankle injury - Unknown return date,2026-09-11T18:00:09.154412Z,0.2,1,1.0,16,0,0.0,18,496,0,0,0,0,0,0,0,0,3,0.0,0.1,2.0,0.1,0.00,0.00,0.00,0.0,0.0,0.0,0.9,0,0.0,,,,0.2,0.0,0.0
601,Williams-Barnett,Luca,Williams-Barnett,19,3,45,0,0,a,,,,0.0,0,0.0,0,0,0.1,143,658,0,0,0,0,0,0,0,0,0,0.0,0.0,0.0,0.0,0.00,0.00,0.00,0,0,0,0,0,0,,,,0.0,0.0,0.0
501,Danso,Kevin,Danso,20,2,50,0,0,a,,,,0.8,3,1.0,270,3,0.2,1008,704,0,0,0,8,0,0,0,0,7,55.2,32.9,21.0,11.0,0.07,0.17,0.24,0.02,0.06,0.08,1.97,20,6.67,,,,0.6,0.8,0.8
529,Roefs,Robin,Roefs,20,1,49,-1,0,a,,,,2.5,11,2.2,450,5,2.5,1807,9727,0,0,1,10,0,0,6,0,41,73.4,0.0,0.0,7.3,0.00,0.01,0.01,0.0,0.0,0.0,1.73,0,0.0,,,,2.2,2.5,2.5
530,Patterson,Anthony,Patterson,20,1,40,0,0,u,0,Has joined Wrexham permanently,2026-08-12T14:08:03.064533Z,0.0,0,0.0,0,0,0.1,0,303,0,0,0,0,0,0,0,0,0,0.0,0.0,0.0,0.0,0.00,0.00,0.00,0,0,0,0,0,0,,,,0.0,0.0,0.0
531,Ellborg,Melker,Ellborg,20,1,45,0,0,a,,,,0.0,0,0.0,0,0,0.1,112,211,0,0,0,0,0,0,0,0,0,0.0,0.0,0.0,0.0,0.00,0.00,0.00,0,0,0,0,0,0,,,,0.0,0.0,0.0
532,Ballard,Daniel,Ballard,20,2,49,-1,0,a,,,,3.5,14,2.8,450,5,2.5,3352,13090,0,0,1,10,2,0,0,0,31,104.2,23.8,35.0,16.3,0.31,0.16,0.47,0.06,0.03,0.09,1.73,49,9.8,,,,2.9,3.5,3.5
533,Mukiele,Nordi,Mukiele,20,2,54,-1,0,a,100,,2026-08-09T08:30:05.954750Z,3.2,13,3.2,360,4,1.9,4489,7561,0,0,1,8,1,0,0,1,44,115.6,48.4,59.0,22.3,0.75,0.28,1.03,0.19,0.07,0.26,1.72,48,12.0,,,,2.4,3.2,3.2
534,Hume,Trai,Hume,20,2,43,-2,-1,a,,,,2.0,10,2.5,206,2,2.8,1081,26733,0,0,1,2,0,0,0,0,44,32.2,59.0,23.0,11.5,0.14,0.29,0.43,0.06,0.13,0.19,2.0,13,5.68,,3,,2.3,2.0,2.0
535,Alderete,Omar,Alderete,20,2,48,-2,-1,a,100,,2026-08-09T08:30:05.962393Z,0.0,1,1.0,23,0,0.2,190,924,0,0,0,1,0,0,0,0,2,0.0,0.6,0.0,0.0,0.00,0.01,0.01,0.0,0.04,0.04,0.39,0,0.0,,,,0.2,0.0,0.0
536,Reinildo,Reinildo,Mandava,20,2,44,-1,-1,a,100,,2026-09-12T21:30:09.421687Z,1.5,7,1.8,360,4,0.3,151,1443,0,0,1,5,0,1,0,0,37,53.8,36.4,6.0,9.5,0.00,0.32,0.32,0.0,0.08,0.08,1.26,29,7.25,,,,1.6,0.0,1.5
537,Seelt,Jenson,Seelt,20,2,45,0,0,u,0,Has joined Swansea City on loan for the rest of the season,2026-08-29T00:34:52.425076Z,0.0,0,0.0,0,0,0.0,0,19,0,0,0,0,0,0,0,0,0,0.0,0.0,0.0,0.0,0.00,0.00,0.00,0,0,0,0,0,0,,,,0.0,0.0,0.0
538,Hjelde,Leo Fuhr,Hjelde,20,2,40,0,0,u,0,Has joined KV Mechelen on loan for the rest of the season,2026-08-12T14:08:03.081789Z,0.0,0,0.0,0,0,0.0,0,130,0,0,0,0,0,0,0,0,0,0.0,0.0,0.0,0.0,0.00,0.00,0.00,0,0,0,0,0,0,,,,0.0,0.0,0.0
539,O'Nien,Luke,O'Nien,20,2,39,-1,-1,a,,,,0.0,1,1.0,66,1,2.5,15090,9794,0,0,0,1,1,0,0,0,1,11.4,1.4,4.0,1.7,0.01,0.01,0.02,0.01,0.01,0.02,2.3,5,6.82,,,,0.3,0.0,0.0
540,Masuaku,Arthur,Masuaku,20,2,40,0,0,u,0,Has joined Konyaspor permanently,2026-08-12T14:08:03.097784Z,0.0,0,0.0,0,0,0.1,0,550,0,0,0,0,0,0,0,0,0,0.0,0.0,0.0,0.0,0.00,0.00,0.00,0,0,0,0,0,0,,,,0.0,0.0,0.0
541,Meunier,Thomas,Meunier,20,2,45,0,0,a,100,,2026-08-16T08:30:07.830062Z,3.2,14,2.8,396,5,0.3,1431,691,0,1,1,8,0,0,0,0,42,70.2,41.4,43.0,15.6,0.34,0.58,0.92,0.08,0.13,0.21,1.35,20,4.55,,,,3.1,3.2,3.2
542,E.Le Fée,Enzo,Le Fée,20,3,57,-3,-1,a,,,,4.0,18,3.6,438,5,3.4,9662,20968,1,1,1,9,0,0,0,1,90,88.6,137.3,82.0,31.0,2.06,1.34,3.40,0.42,0.28,0.7,1.74,21,4.32,2,1,3,3.2,4.0,4.0
543,Diarra,Habib,Diarra,20,3,54,-1,0,i,0,Hamstring injury - Unknown return date,2026-08-30T16:30:08.428960Z,1.0,5,2.5,28,0,0.0,7,176,0,1,0,1,0,0,0,0,18,15.6,10.9,2.0,2.9,0.03,0.16,0.19,0.1,0.51,0.61,0.39,0,0.0,1,,,0.9,0.0,0.0
544,Xhaka,Granit,Xhaka,20,3,55,0,0,a,,,,3.0,21,4.2,450,5,3.6,5283,20593,0,1,1,10,2,0,0,5,116,93.6,191.1,3.0,28.8,0.06,1.32,1.38,0.01,0.26,0.27,1.73,54,10.8,,2,2,3.8,3.0,3.0
545,Sadiki,Noah,Sadiki,20,3,49,-1,0,a,,,,2.0,10,2.0,410,5,0.2,352,1177,0,0,1,9,1,0,0,0,75,52.8,59.5,81.0,19.2,0.44,0.24,0.68,0.1,0.05,0.15,1.42,29,6.37,,,,2.0,2.0,2.0
546,Adingra,Simon,Adingra,20,3,49,-1,0,u,0,Has joined Ajax on loan for the rest of the season,2026-08-20T14:00:08.416985Z,0.0,0,0.0,0,0,0.0,0,173,0,0,0,0,0,0,0,0,0,0.0,0.0,0.0,0.0,0.00,0.00,0.00,0,0,0,0,0,0,,,,0.0,0.0,0.0
547,Mundle,Romaine,Mundle,20,3,49,-1,0,i,0,Knee injury - Unknown return date,2026-09-09T14:00:08.462705Z,0.2,1,1.0,1,0,0.0,8,48,0,0,0,0,0,0,0,0,2,8.0,0.1,17.0,2.5,0.17,0.00,0.17,15.3,0.0,15.3,8.1,1,90.0,,,,0.2,0.0,0.0
548,Rigg,Chris,Rigg,20,3,49,-1,0,a,,,,0.2,2,1.0,17,0,0.0,25,197,0,0,0,1,0,0,0,0,6,0.0,0.3,0.0,0.0,0.00,0.00,0.00,0.0,0.0,0.0,2.33,1,5.29,,,,0.4,0.2,0.2
549,Talbi,Chemsdine,Talbi,20,3,53,-2,0,a,,,,0.0,1,1.0,31,0,0.1,96,485,0,0,0,1,0,0,0,0,1,0.0,0.9,0.0,0.0,0.00,0.00,0.00,0.0,0.0,0.0,0.41,2,5.81,,,,0.2,0.0,0.0
550,Jocelin.T,Djiamgone Jocelin Ta,Bi,20,3,50,0,0,a,,,,0.0,0,0.0,0,0,0.0,24,35,0,0,0,0,0,0,0,0,0,0.0,0.0,0.0,0.0,0.00,0.00,0.00,0,0,0,0,0,0,,,,0.0,0.0,0.0
551,N.Angulo,Nilson,Angulo,20,3,50,0,0,a,,,,2.8,16,3.2,313,5,0.1,440,670,1,1,1,7,1,0,0,0,67,72.2,38.3,47.0,15.7,0.60,0.13,0.73,0.17,0.04,0.21,1.31,24,6.9,,,1,3.2,2.8,2.8
552,Brobbey,Brian,Brobbey,20,4,57,-3,-1,a,,,,5.5,24,4.8,399,5,7.1,184529,24943,3,0,1,9,1,0,0,3,113,108.4,69.0,142.0,31.7,2.94,0.11,3.05,0.66,0.02,0.68,1.85,11,2.48,,,,4.2,5.5,5.5
553,Isidor,Wilson,Isidor,20,4,55,0,0,a,,,,3.5,15,3.0,117,0,1.3,2179,10316,1,1,0,3,0,0,0,3,51,30.8,1.0,35.0,6.7,1.49,0.01,1.50,1.15,0.01,1.16,2.91,5,3.85,,,,2.7,3.5,3.5
612,Methalie,Dayann,Méthalie,20,2,45,0,0,a,100,,2026-08-28T13:00:08.950445Z,-0.2,-1,-1.0,90,1,0.0,93,55,0,0,0,5,1,0,0,0,-8,8.0,2.0,2.0,1.2,0.03,0.01,0.04,0.03,0.01,0.04,2.82,3,3.0,,,,-0.2,-0.2,-0.2
613,Ahoka,Jules,Ahoka,20,3,45,0,0,a,,,,0.0,0,0.0,0,0,0.2,509,1405,0,0,0,0,0,0,0,0,0,0.0,0.0,0.0,0.0,0.00,0.00,0.00,0,0,0,0,0,0,,,,0.0,0.0,0.0
646,Fofana,Malick,Fofana,20,3,55,0,0,a,,,,1.0,3,1.0,60,0,0.0,282,266,0,0,0,2,0,0,0,0,11,12.4,2.1,44.0,5.8,0.39,0.01,0.40,0.58,0.02,0.6,4.88,3,4.5,,,,0.5,1.0,1.0
651,J.Angulo,Juan,Angulo,20,4,45,0,0,a,,,,0.0,0,0.0,0,0,0.7,7571,6322,0,0,0,0,0,0,0,0,0,0.0,0.0,0.0,0.0,0.00,0.00,0.00,0,0,0,0,0,0,,,,0.0,0.0,0.0
