id,web_name,first_name,second_name,team,element_type,now_cost,cost_change_start,cost_change_event,status,chance_of_playing_next_round,news,news_added,form,total_points,points_per_game,minutes,starts,selected_by_percent,transfers_in_event,transfers_out_event,goals_scored,assists,clean_sheets,goals_conceded,yellow_cards,red_cards,saves,bonus,bps,influence,creativity,threat,ict_index,expected_goals,expected_assists,expected_goal_involvements,expected_goals_per_90,expected_assists_per_90,expected_goal_involvements_per_90,expected_goals_conceded_per_90,defensive_contribution,defensive_contribution_per_90,penalties_order,corners_and_indirect_freekicks_order,direct_freekicks_order,value_season,ep_this,ep_next
1,Raya,David,Raya Martín,1,1,61,1,1,a,,,,6.0,30,6.0,450,5,42.1,82102,21860,0,0,3,4,0,0,9,3,104,84.0,0.2,0.0,8.5,0.00,0.01,0.01,0.0,0.0,0.0,0.81,0,0.0,,,,4.9,6.0,6.0
2,Arrizabalaga,Kepa,Arrizabalaga Revuelta,1,1,49,-1,0,a,,,,0.0,0,0.0,0,0,0.1,59,126,0,0,0,0,0,0,0,0,0,0.0,0.0,0.0,0.0,0.00,0.00,0.00,0,0,0,0,0,0,,,,0.0,0.0,0.0
3,Meslier,Illan,Meslier,1,1,49,-1,0,a,,,,0.0,0,0.0,0,0,0.0,21,50,0,0,0,0,0,0,0,0,0,0.0,0.0,0.0,0.0,0.00,0.00,0.00,0,0,0,0,0,0,,,,0.0,0.0,0.0
4,Gabriel,Gabriel,dos Santos Magalhães,1,2,80,0,0,a,,,,5.0,25,5.0,450,5,22.9,11569,37697,0,0,3,4,2,0,0,2,90,69.0,8.9,84.0,16.1,0.51,0.20,0.71,0.1,0.04,0.14,0.81,41,8.2,,,,3.1,5.0,5.0
5,J.Timber,Jurriën,Timber,1,2,65,0,0,a,100,,2026-07-23T12:01:23.272929Z,0.2,1,0.5,104,1,0.3,6337,1880,0,0,0,3,0,0,0,0,-3,6.0,1.9,0.0,0.8,0.00,0.03,0.03,0.0,0.03,0.03,1.89,5,4.33,,,,0.2,0.2,0.2
6,Saliba,William,Saliba,1,2,59,-1,0,i,0,Back injury - Unknown return date,2026-07-23T12:01:23.289376Z,0.0,0,0.0,0,0,0.2,197,568,0,0,0,0,0,0,0,0,0,0.0,0.0,0.0,0.0,0.00,0.00,0.00,0,0,0,0,0,0,,,,0.0,0.0,0.0
7,Lewis-Skelly,Myles,Lewis-Skelly,1,3,54,-1,-1,a,,,,1.5,9,2.2,271,4,0.6,461,3137,0,0,2,1,0,0,0,0,37,21.6,40.2,16.0,7.0,0.16,0.23,0.39,0.05,0.08,0.13,0.34,14,4.65,,,,1.7,1.5,1.5
8,Calafiori,Riccardo,Calafiori,1,2,58,3,0,a,,,,5.0,29,5.8,416,5,50.6,40400,34054,0,2,3,4,0,0,0,2,76,60.4,29.0,46.0,13.6,0.67,0.62,1.29,0.14,0.13,0.27,0.81,18,3.89,,,,5.0,5.0,5.0
9,Hincapie,Piero,Hincapié,1,2,52,-3,-1,a,,,,0.2,2,1.0,32,0,0.9,693,3420,0,0,0,0,0,0,0,0,6,6.4,1.0,2.0,1.0,0.00,0.00,0.00,0.0,0.0,0.0,0.79,3,8.44,,,,0.4,0.2,0.2
10,White,Benjamin,White,1,2,55,0,0,d,75,Groin injury - 75% chance of playing,2026-09-20T19:30:08.247780Z,2.5,21,5.2,315,4,5.2,2978,36070,0,1,2,1,0,0,0,3,78,69.6,53.0,29.0,15.2,0.18,0.29,0.47,0.05,0.08,0.13,0.33,18,5.14,,,,3.8,2.5,1.9
11,Mosquera,Cristhian,Mosquera,1,2,53,-2,0,a,100,,2026-09-04T14:00:08.080310Z,1.5,12,6.0,168,2,1.7,577,5203,0,0,2,0,0,0,0,0,52,24.6,2.0,0.0,2.7,0.00,0.01,0.01,0.0,0.01,0.01,0.28,10,5.36,,,,2.3,1.5,1.5
12,Saka,Bukayo,Saka,1,3,95,0,0,a,,,,5.8,32,6.4,416,5,13.4,52156,25160,3,0,3,4,0,0,0,4,137,139.8,78.8,204.0,42.2,3.22,0.98,4.20,0.7,0.21,0.91,0.77,31,6.71,1,2,2,3.4,5.8,5.8
13,Rice,Declan,Rice,1,3,74,-1,0,a,,,,4.2,20,4.0,411,5,12.2,5881,27313,0,2,3,4,1,0,0,0,91,109.6,90.3,4.0,20.4,0.12,0.69,0.81,0.03,0.15,0.18,0.77,42,9.2,,1,1,2.7,4.2,4.2
14,Eze,Eberechi,Eze,1,3,63,-2,0,a,,,,0.8,4,1.0,85,0,1.0,981,3734,0,0,0,0,0,0,0,0,18,1.8,3.8,5.0,0.9,0.04,0.09,0.13,0.04,0.1,0.14,1.41,5,5.29,,,3,0.6,0.8,0.8
15,Ødegaard,Martin,Ødegaard,1,3,68,3,0,a,,,,4.5,29,5.8,377,5,19.9,41743,52608,2,0,3,4,0,0,0,6,137,121.8,160.7,68.0,35.1,1.08,1.32,2.40,0.26,0.32,0.58,0.77,23,5.49,3,,4,4.3,4.5,4.5
16,Madueke,Noni,Madueke,1,3,62,-3,0,a,,,,0.2,2,1.0,23,0,0.2,394,878,0,0,0,0,0,0,0,0,11,11.6,43.9,0.0,5.6,0.00,0.05,0.05,0.0,0.2,0.2,0.59,3,11.74,,5,,0.3,0.2,0.2
17,Merino,Mikel,Merino Zazón,1,3,58,-2,0,a,,,,0.8,4,0.8,81,0,0.4,331,1670,0,0,0,0,1,0,0,0,19,6.6,3.4,14.0,2.4,0.14,0.15,0.29,0.16,0.17,0.33,1.07,10,11.11,,,,0.7,0.8,0.8
18,Martinelli,Gabriel,Martinelli Silva,1,3,63,-2,0,u,0,Has joined Al Hilal permanently,2026-09-04T12:34:46.738449Z,0.0,0,0.0,0,0,0.1,0,297,0,0,0,0,0,0,0,0,0,0.0,0.0,0.0,0.0,0.00,0.00,0.00,0,0,0,0,0,0,,,,0.0,0.0,0.0
19,Zubimendi,Martín,Zubimendi Ibáñez,1,3,53,-2,0,a,,,,1.0,5,1.0,89,0,0.6,244,2117,0,0,0,0,0,0,0,0,16,13.4,4.2,11.0,2.9,0.21,0.04,0.25,0.21,0.04,0.25,1.4,12,12.13,,,,0.9,1.0,1.0
20,Dowman,Max,Dowman,1,3,53,-2,0,a,,,,0.2,1,1.0,9,0,0.1,247,316,0,0,0,0,0,0,0,0,4,0.0,0.0,0.0,0.0,0.00,0.08,0.08,0.0,0.8,0.8,3.1,0,0.0,,,,0.2,0.2,0.2
22,Nwaneri,Ethan,Nwaneri,1,3,54,-1,0,u,0,Has joined Borussia Dortmund on loan for the rest of the season,2026-09-02T16:01:07.058827Z,0.0,0,0.0,0,0,0.0,0,25,0,0,0,0,0,0,0,0,0,0.0,0.0,0.0,0.0,0.00,0.00,0.00,0,0,0,0,0,0,,,,0.0,0.0,0.0
23,Fábio Vieira,Fábio,Ferreira Vieira,1,3,55,0,0,u,0,Has joined Hamburger SV permanently,2026-09-02T16:00:28.446370Z,0.0,0,0.0,0,0,0.0,0,24,0,0,0,0,0,0,0,0,0,0.0,0.0,0.0,0.0,0.00,0.00,0.00,0,0,0,0,0,0,,,,0.0,0.0,0.0
24,Nelson,Reiss,Nelson,1,3,55,0,0,u,0,has departed the club as a free agent.,2026-08-29T00:33:08.556767Z,0.0,0,0.0,0,0,0.0,0,9,0,0,0,0,0,0,0,0,0,0.0,0.0,0.0,0.0,0.00,0.00,0.00,0,0,0,0,0,0,,,,0.0,0.0,0.0
25,Gyökeres,Viktor,Gyökeres,1,4,71,-4,-1,a,,,,0.5,2,1.0,29,0,3.1,2892,9071,0,0,0,0,0,0,0,0,7,0.0,0.1,0.0,0.0,0.00,0.23,0.23,0.0,0.71,0.71,2.02,1,3.1,2,,,0.3,0.5,0.5
26,Havertz,Kai,Havertz,1,4,76,1,0,a,,,,3.2,19,3.8,437,5,8.5,33498,25930,2,0,3,4,1,0,0,2,82,84.2,66.0,137.0,28.7,1.67,0.37,2.04,0.34,0.08,0.42,0.81,13,2.68,,,,2.5,3.2,3.2
27,G.Jesus,Gabriel,Fernando de Jesus,1,4,59,-1,0,u,0,Has joined FC Barcelona permanently,2026-09-02T16:00:28.475184Z,0.0,0,0.0,0,0,0.1,0,511,0,0,0,0,0,0,0,0,0,0.0,0.0,0.0,0.0,0.00,0.00,0.00,0,0,0,0,0,0,,,,0.0,0.0,0.0
31,Konsa,Ezri,Konsa Ngoyo,1,2,46,1,1,a,,,,3.0,12,3.0,281,3,19.4,55691,23720,0,0,1,4,0,0,0,0,36,34.4,1.7,4.0,4.0,0.23,0.02,0.25,0.07,0.01,0.08,1.12,23,7.37,,,,2.6,3.0,3.0
452,Bruno G.,Bruno,Guimarães Rodriguez Moura,1,3,67,-3,0,a,100,,2026-09-04T14:00:08.328779Z,2.2,9,3.0,123,1,1.8,2530,4065,1,0,0,3,0,0,0,1,45,36.8,4.7,13.0,5.4,0.09,0.16,0.25,0.07,0.12,0.19,1.6,12,8.78,4,4,,1.3,2.2,2.2
557,Tzolis,Christos,Tzolis,1,3,63,-2,-1,a,,,,2.5,16,3.2,362,5,12.6,6469,97215,0,2,2,4,2,0,0,1,81,51.4,108.9,40.0,20.1,0.19,0.55,0.74,0.05,0.14,0.19,0.68,23,5.72,,3,,2.5,2.5,2.5
29,M.Bizot,Marco,Bizot,2,1,45,0,0,i,0,Back injury - Expected back 10 Oct,2026-09-17T07:30:09.058151Z,0.2,1,1.0,90,1,0.1,29,596,0,0,0,4,0,0,3,0,1,28.2,0.0,0.0,2.8,0.00,0.00,0.00,0.0,0.0,0.0,3.77,0,0.0,,,,0.2,0.0,0.0
30,Digne,Lucas,Digne,2,2,45,0,0,u,0,Has joined Paris Saint-Germain permanently,2026-08-10T14:03:30.089007Z,0.0,0,0.0,0,0,0.0,0,115,0,0,0,0,0,0,0,0,0,0.0,0.0,0.0,0.0,0.00,0.00,0.00,0,0,0,0,0,0,,,,0.0,0.0,0.0
32,Cash,Matty,Cash,2,2,44,-1,0,a,100,,2026-09-09T14:30:08.192142Z,1.2,6,1.5,296,3,4.9,1539,14976,0,0,1,7,2,0,0,0,16,32.4,19.2,13.0,6.5,0.15,0.04,0.19,0.05,0.01,0.06,1.81,17,5.17,,1,,1.4,1.2,1.2
33,Mings,Tyrone,Mings,2,2,45,0,0,a,,,,2.0,10,2.5,261,2,0.4,936,738,0,0,1,4,1,0,0,0,43,32.4,5.0,17.0,5.4,0.20,0.02,0.22,0.07,0.01,0.08,1.53,24,8.28,,,,2.2,2.0,2.0
34,Pau,Pau,Torres,2,2,45,0,0,i,0,Hamstring injury - Expected back 10 Oct,2026-09-12T18:00:08.712707Z,0.6,3,1.0,187,3,0.3,16,1910,0,0,0,5,0,0,0,0,-4,11.2,1.9,2.0,1.5,0.00,0.01,0.01,0.0,0.0,0.0,2.31,9,4.33,,,,0.7,0.0,0.0
35,Bogarde,Lamare,Bogarde,2,3,50,0,0,a,,,,0.2,1,1.0,16,0,0.1,96,240,0,0,0,0,0,0,0,0,3,2.2,0.5,0.0,0.3,0.00,0.00,0.00,0.0,0.0,0.0,1.24,1,5.62,,,,0.2,0.2,0.2
36,Maatsen,Ian,Maatsen,2,2,45,0,0,i,0,Ankle injury - Unknown return date,2026-09-12T18:00:08.729468Z,1.8,9,2.2,335,4,0.5,29,3789,0,0,1,7,1,0,0,1,22,34.8,24.5,43.0,10.2,0.28,0.45,0.73,0.08,0.12,0.2,1.76,24,6.45,,,,2.0,0.0,0.0
37,Lindelöf,Victor,Lindelöf,2,2,45,0,0,a,,,,1.6,8,1.6,450,5,0.3,550,659,0,0,1,9,0,0,0,0,28,55.6,27.3,37.0,12.0,0.44,0.17,0.61,0.09,0.03,0.12,1.84,22,4.4,,,,1.8,1.6,1.6
38,A.García,Andrés,García,2,2,40,0,0,a,,,,0.0,0,0.0,0,0,1.5,1054,3391,0,0,0,0,0,0,0,0,0,0.0,0.0,0.0,0.0,0.00,0.00,0.00,0,0,0,0,0,0,,,,0.0,0.0,0.0
39,Nedeljkovic,Kosta,Nedeljkovic,2,2,40,0,0,u,0,Has joined Rangers on loan for the rest of the season,2026-08-19T13:56:46.385411Z,0.0,0,0.0,0,0,0.1,0,292,0,0,0,0,0,0,0,0,0,0.0,0.0,0.0,0.0,0.00,0.00,0.00,0,0,0,0,0,0,,,,0.0,0.0,0.0
41,Buendía,Emiliano,Buendía Stati,2,3,59,-1,0,a,,,,4.2,21,4.2,401,5,0.9,6492,2153,1,0,1,8,0,0,0,3,73,5.0,44.2,24.0,6.4,0.92,0.24,1.16,0.21,0.05,0.26,1.76,34,7.63,1,3,1,3.6,4.2,4.2
44,Bailey,Leon,Bailey,2,3,54,-1,0,u,0,Has joined Olympiakos permanently,2026-09-04T12:35:14.472260Z,0.0,0,0.0,0,0,0.1,0,280,0,0,0,0,0,0,0,0,0,0.0,0.0,0.0,0.0,0.00,0.00,0.00,0,0,0,0,0,0,,,,0.0,0.0,0.0
45,McGinn,John,McGinn,2,3,54,-1,0,a,,,,3.4,17,3.4,434,5,2.2,3731,4669,0,2,2,7,2,0,0,1,65,29.4,51.4,15.0,9.1,0.77,0.24,1.01,0.16,0.05,0.21,1.72,30,6.22,,2,,3.1,3.4,3.4
46,Barkley,Ross,Barkley,2,3,50,0,0,a,,,,2.0,10,2.0,308,4,0.3,315,1023,0,0,1,8,0,0,0,0,66,41.8,81.5,31.0,15.5,0.38,0.14,0.52,0.11,0.04,0.15,2.15,28,8.18,,4,,2.0,2.0,2.0
47,Kamara,Boubacar,Kamara,2,3,50,0,0,a,100,,2026-07-23T12:01:23.337269Z,3.0,15,3.0,443,5,0.3,685,870,0,1,2,7,0,0,0,0,85,47.0,55.6,2.0,10.5,0.12,0.16,0.28,0.02,0.03,0.05,1.71,36,7.31,,,,3.0,3.0,3.0
48,Onana,Amadou,Onana,2,3,49,-1,0,i,0,Knee injury - Unknown return date,2026-07-23T12:01:23.352497Z,0.0,0,0.0,0,0,0.0,19,51,0,0,0,0,0,0,0,0,0,0.0,0.0,0.0,0.0,0.00,0.00,0.00,0,0,0,0,0,0,,,,0.0,0.0,0.0
49,Iling Jr,Samuel,Iling-Junior,2,3,50,0,0,u,0,Has joined Bolton Wanderers on loan for the rest of the season,2026-08-17T13:52:28.532616Z,0.0,0,0.0,0,0,0.0,0,7,0,0,0,0,0,0,0,0,0,0.0,0.0,0.0,0.0,0.00,0.00,0.00,0,0,0,0,0,0,,,,0.0,0.0,0.0
50,Burrowes,Bradley,Burrowes,2,3,45,0,0,a,,,,0.0,0,0.0,0,0,0.6,351,1974,0,0,0,0,0,0,0,0,0,0.0,0.0,0.0,0.0,0.00,0.00,0.00,0,0,0,0,0,0,,,,0.0,0.0,0.0
51,George Hemmings,George,Hemmings,2,3,45,0,0,a,,,,1.8,9,1.8,297,4,1.2,1847,5954,0,0,1,7,0,0,0,0,34,25.2,40.9,25.0,9.1,0.07,0.16,0.23,0.02,0.05,0.07,1.9,19,5.76,,,,2.0,1.8,1.8
52,Alysson,Alysson Edward Franco,da Rocha dos Santos,2,3,50,0,0,d,75,Unspecified injury - 75% chance of playing,2026-09-19T11:30:09.355376Z,1.6,8,2.0,87,0,0.1,51,467,1,0,0,2,1,0,0,0,34,39.8,4.9,25.0,7.0,0.06,0.00,0.06,0.06,0.0,0.06,2.48,8,8.28,,,,1.6,1.6,1.2
53,Manzambi,Johan,Manzambi,2,3,59,-1,0,a,100,,2026-08-15T15:30:06.388335Z,2.8,14,7.0,98,1,0.3,18636,1252,1,1,1,1,0,0,0,2,48,2.6,4.0,0.0,0.7,0.44,0.24,0.68,0.4,0.22,0.62,1.41,9,8.27,,,,2.4,2.8,2.8
54,Gomes,Joao,Gomes,2,3,55,0,0,a,100,,2026-09-16T19:30:08.742410Z,0.4,2,1.0,129,2,0.0,225,90,0,0,0,6,0,1,0,0,11,1.0,11.0,0.0,1.2,0.00,0.03,0.03,0.0,0.02,0.02,2.89,20,13.95,,,,0.4,0.4,0.4
55,Watkins,Ollie,Watkins,2,4,78,-2,0,u,0,Has joined Al Hilal permanently,2026-09-01T13:15:16.698799Z,0.0,0,0.0,0,0,2.6,0,6435,0,0,0,0,0,0,0,0,0,0.0,0.0,0.0,0.0,0.00,0.00,0.00,0,0,0,0,0,0,,,,0.0,0.0,0.0
56,Abraham,Tammy,Abraham,2,4,55,0,0,a,100,,2026-08-15T16:00:07.558543Z,0.8,4,1.0,71,0,0.2,939,938,0,0,0,3,0,0,0,0,13,3.2,3.8,2.0,0.9,0.00,0.00,0.00,0.0,0.0,0.0,3.41,2,2.54,,,,0.7,0.8,0.8
160,Garnacho,Alejandro,Garnacho Ferreyra,2,3,58,-2,0,a,,,,0.6,3,1.0,31,0,0.3,258,1574,0,0,0,0,0,0,0,0,9,1.2,3.6,0.0,0.5,0.00,0.00,0.00,0.0,0.0,0.0,1.42,2,5.81,,,,0.5,0.6,0.6
166,N.Jackson,Nicolas,Jackson,2,4,65,0,0,a,,,,2.0,10,2.5,286,4,1.3,19789,4020,1,0,1,2,2,0,0,1,52,5.4,25.4,24.0,5.3,0.68,0.60,1.28,0.21,0.19,0.4,0.87,9,2.83,2,,,1.5,2.0,2.0
582,Madjo,Brian,Madjo,2,4,54,-1,0,i,0,Unspecified injury - Unknown return date,2026-08-15T16:00:07.974271Z,0.0,0,0.0,0,0,0.2,92,1123,0,0,0,0,0,0,0,0,0,0.0,0.0,0.0,0.0,0.00,0.00,0.00,0,0,0,0,0,0,,,,0.0,0.0,0.0
596,Ruggeri,Matteo,Ruggeri,2,2,45,0,0,a,,,,1.0,5,1.7,113,1,0.1,300,191,0,0,0,2,0,0,0,0,17,6.6,2.6,0.0,0.9,0.03,0.02,0.05,0.02,0.02,0.04,1.63,16,12.74,,,,1.1,1.0,1.0
597,Suzuki,Zion,Suzuki,2,1,50,0,0,a,,,,3.2,16,4.0,360,4,1.9,8103,3391,0,0,1,5,0,0,15,3,80,79.4,0.0,0.0,8.0,0.00,0.01,0.01,0.0,0.0,0.0,1.36,0,0.0,,,,3.2,3.2,3.2
606,Rowe,Triston,Rowe,2,2,40,0,0,a,,,,0.0,0,0.0,0,0,0.2,169,503,0,0,0,0,0,0,0,0,0,0.0,0.0,0.0,0.0,0.00,0.00,0.00,0,0,0,0,0,0,,,,0.0,0.0,0.0
607,Lynch,Luka,Lynch,2,3,45,0,0,u,0,Has joined Oxford United on loan until January,2026-09-04T12:35:39.820426Z,0.0,0,0.0,0,0,0.1,0,396,0,0,0,0,0,0,0,0,0,0.0,0.0,0.0,0.0,0.00,0.00,0.00,0,0,0,0,0,0,,,,0.0,0.0,0.0
611,Wan-Bissaka,Aaron,Wan-Bissaka,2,2,45,0,0,a,,,,1.5,6,1.5,152,2,0.2,821,764,0,0,0,2,0,0,0,0,24,32.4,15.0,0.0,4.7,0.00,0.07,0.07,0.0,0.04,0.04,1.94,21,12.43,,,,1.3,1.5,1.5
618,Goretzka,Leon,Goretzka,2,3,59,-1,0,i,0,Knee injury - Expected back 10 Oct,2026-09-09T09:30:08.229436Z,0.0,0,0.0,0,0,0.0,7,255,0,0,0,0,0,0,0,0,0,0.0,0.0,0.0,0.0,0.00,0.00,0.00,0,0,0,0,0,0,,,,0.0,0.0,0.0
630,Harwood-Bellis,Taylor,Harwood-Bellis,2,2,45,0,0,a,,,,0.0,0,0.0,0,0,0.0,99,104,0,0,0,0,0,0,0,0,0,0.0,0.0,0.0,0.0,0.00,0.00,0.00,0,0,0,0,0,0,,,,0.0,0.0,0.0
631,Mbaye,Ibrahim,Mbaye,2,3,60,0,0,a,,,,0.7,2,1.0,33,0,0.1,525,736,0,0,0,3,0,0,0,0,8,9.0,15.2,19.0,4.3,0.02,0.13,0.15,0.05,0.35,0.4,4.47,2,5.45,,,,0.3,0.7,0.7
667,Wright,James,Wright,2,1,40,0,0,a,,,,0.0,0,0.0,0,0,0.0,3005,200,0,0,0,0,0,0,0,0,0,0.0,0.0,0.0,0.0,0.00,0.00,0.00,0,0,0,0,0,0,,,,0.0,1.0,1.0
57,Petrović,Đorđe,Petrović,3,1,45,0,0,a,,,,1.8,9,1.8,450,5,3.0,3159,5928,0,0,0,8,0,0,11,0,45,74.0,0.0,0.0,7.4,0.00,0.00,0.00,0.0,0.0,0.0,1.39,0,0.0,,,,2.0,1.8,1.8
58,Forster,Fraser,Forster,3,1,40,0,0,a,,,,0.0,0,0.0,0,0,3.5,4767,3604,0,0,0,0,0,0,0,0,0,0.0,0.0,0.0,0.0,0.00,0.00,0.00,0,0,0,0,0,0,,,,0.0,0.0,0.0
59,Dennis,Will,Dennis,3,1,40,0,0,u,0,Has joined MK Dons permanently,2026-08-27T14:53:48.692835Z,0.0,0,0.0,0,0,0.1,0,319,0,0,0,0,0,0,0,0,0,0.0,0.0,0.0,0.0,0.00,0.00,0.00,0,0,0,0,0,0,,,,0.0,0.0,0.0
60,Hill,James,Hill,3,2,55,0,0,a,,,,2.4,12,2.4,450,5,0.8,1580,1615,0,0,0,8,1,0,0,0,43,76.0,64.2,6.0,14.6,0.00,0.79,0.79,0.0,0.16,0.16,1.39,50,10.0,,,,2.2,2.4,2.4
61,Truffert,Adrien,Truffert,3,2,55,0,0,a,,,,2.0,10,2.0,450,5,3.1,2526,6589,0,0,0,8,1,0,0,2,53,92.0,58.7,34.0,18.6,0.11,0.29,0.40,0.02,0.06,0.08,1.39,45,9.0,,,,1.8,2.0,2.0
62,Diakité,Bafodé,Diakité,3,2,49,-1,-1,a,,,,0.0,0,0.0,0,0,0.2,340,545,0,0,0,0,0,0,0,0,0,0.0,0.0,0.0,0.0,0.00,0.00,0.00,0,0,0,0,0,0,,,,0.0,0.0,0.0
63,Milosavljević,Veljko,Milosavljevic,3,2,49,-1,0,i,0,Thigh injury - Unknown return date,2026-08-06T10:00:10.456051Z,0.0,0,0.0,0,0,0.0,11,19,0,0,0,0,0,0,0,0,0,0.0,0.0,0.0,0.0,0.00,0.00,0.00,0,0,0,0,0,0,,,,0.0,0.0,0.0
64,Smith,Adam,Smith,3,2,45,0,0,a,,,,0.8,4,0.8,434,5,0.1,223,238,0,0,0,8,3,0,0,0,14,43.6,43.6,4.0,9.1,0.01,0.09,0.10,0.0,0.02,0.02,1.39,21,4.35,,,,0.9,0.8,0.8
65,J.Araujo,Julián,Araujo Zúñiga,3,2,44,-1,0,i,0,Thigh injury - Unknown return date,2026-08-09T08:00:05.645826Z,0.0,0,0.0,0,0,0.0,19,29,0,0,0,0,0,0,0,0,0,0.0,0.0,0.0,0.0,0.00,0.00,0.00,0,0,0,0,0,0,,,,0.0,0.0,0.0
66,Soler,Julio,Soler Barreto,3,2,40,0,0,a,100,,2026-08-15T16:30:07.021055Z,0.0,0,0.0,0,0,0.3,432,618,0,0,0,0,0,0,0,0,0,0.0,0.0,0.0,0.0,0.00,0.00,0.00,0,0,0,0,0,0,,,,0.0,0.0,0.0
67,Rayan,Rayan Vitor,Simplício Rocha,3,3,63,-2,-1,a,,,,2.0,10,2.0,434,5,1.6,2153,5655,0,0,0,7,0,0,0,0,45,22.0,33.5,91.0,14.7,0.87,0.43,1.30,0.18,0.09,0.27,1.32,15,3.11,,,,1.6,2.0,2.0
68,Tavernier,Marcus,Tavernier,3,3,61,1,0,a,,,,6.2,31,6.2,424,5,6.7,48191,23117,3,0,0,8,2,0,0,8,153,151.0,127.0,143.0,42.1,1.70,0.92,2.62,0.36,0.2,0.56,1.39,42,8.92,3,1,1,5.1,6.2,6.2
69,Scott,Alex,Scott,3,3,61,1,0,a,,,,6.0,30,6.0,446,5,5.7,12324,22562,1,2,1,7,1,0,0,5,129,94.6,105.9,43.0,24.3,0.64,0.42,1.06,0.13,0.08,0.21,1.38,60,12.11,,2,4,4.9,6.0,6.0
70,Kluivert,Justin,Kluivert,3,3,60,0,0,i,0,Unspecified injury - Unknown return date,2026-09-20T15:30:09.074071Z,3.0,15,3.8,294,4,1.0,2228,8840,1,0,2,3,1,0,0,1,64,62.2,46.5,120.0,22.5,0.99,0.08,1.07,0.3,0.02,0.32,1.37,22,6.73,2,3,2,2.5,3.0,0.0
71,Cook,Lewis,Cook,3,3,50,0,0,a,,,,1.6,8,1.6,180,2,0.2,150,654,0,0,2,1,1,0,0,0,25,9.0,15.5,0.0,2.5,0.00,0.01,0.01,0.0,0.0,0.0,2.1,14,7.0,,,,1.6,1.6,1.6
72,Gannon-Doak,Ben,Gannon-Doak,3,3,49,-1,0,a,,,,0.8,4,1.0,12,0,0.1,75,212,0,0,0,1,0,0,0,0,15,3.8,2.1,14.0,2.0,0.12,0.05,0.17,0.9,0.38,1.28,4.5,7,52.5,,,,0.8,0.8,0.8
73,Adams,Tyler,Adams,3,3,50,0,0,a,100,,2026-08-15T16:30:07.029928Z,2.4,12,2.4,279,3,0.3,564,936,0,0,0,7,0,0,0,0,52,30.4,19.3,7.0,5.7,0.03,0.07,0.10,0.01,0.02,0.03,0.88,41,13.23,,,,2.4,2.4,2.4
74,Brooks,David,Brooks,3,3,50,0,0,a,100,,2026-08-15T16:30:07.037929Z,0.6,3,0.8,45,0,0.1,90,184,0,0,0,2,1,0,0,0,8,4.2,1.9,2.0,0.8,0.00,0.07,0.07,0.0,0.14,0.14,1.5,5,10.0,,4,3,0.6,0.6,0.6
75,Christie,Ryan,Christie,3,3,50,0,0,a,100,,2026-07-24T17:30:10.035483Z,1.0,5,1.2,102,1,0.0,151,134,0,0,0,2,0,0,0,0,15,9.4,14.7,4.0,2.8,0.50,0.13,0.63,0.44,0.11,0.55,1.45,14,12.35,,,,1.0,1.0,1.0
76,Tóth.A,Alex,Tóth,3,3,49,-1,0,a,,,,0.4,2,1.0,17,0,0.0,14,31,0,0,0,2,0,0,0,0,8,2.8,0.6,0.0,0.3,0.00,0.00,0.00,0.0,0.0,0.0,2.96,2,10.59,,,,0.4,0.4,0.4
77,Adli,Amine,Adli,3,3,49,-1,0,i,0,Calf injury - Unknown return date,2026-08-15T16:00:07.590566Z,0.0,0,0.0,0,0,0.0,13,41,0,0,0,0,0,0,0,0,0,0.0,0.0,0.0,0.0,0.00,0.00,0.00,0,0,0,0,0,0,,,,0.0,0.0,0.0
78,Kroupi.Jr,Junior,Kroupi,3,3,74,-1,0,i,0,Foot injury - Expected back 7 Nov,2026-07-29T17:30:09.796802Z,0.0,0,0.0,0,0,0.2,87,445,0,0,0,0,0,0,0,0,0,0.0,0.0,0.0,0.0,0.00,0.00,0.00,0,0,0,0,0,0,1,,,0.0,0.0,0.0
79,Evanilson,Francisco Evanilson,de Lima Barbosa,3,4,60,0,0,a,,,,3.6,18,3.6,424,5,3.2,9855,11849,0,3,2,5,1,0,0,0,66,60.4,79.2,49.0,18.8,0.87,0.52,1.39,0.18,0.11,0.29,1.37,27,5.73,,,,3.0,3.6,3.6
80,Enes Ünal,Enes,Ünal,3,4,55,0,0,u,0,Has joined Getafe permanently,2026-08-14T14:14:21.881112Z,0.0,0,0.0,0,0,0.0,0,23,0,0,0,0,0,0,0,0,0,0.0,0.0,0.0,0.0,0.00,0.00,0.00,0,0,0,0,0,0,,,,0.0,0.0,0.0
81,Rodríguez,Álvaro,Rodríguez,3,4,60,0,0,a,100,,2026-08-15T16:30:07.054142Z,0.4,2,1.0,10,0,0.1,402,364,0,0,0,1,0,0,0,0,7,0.0,0.5,0.0,0.1,0.00,0.00,0.00,0.0,0.0,0.0,1.62,1,9.0,,,,0.3,0.4,0.4
566,Silva,António João,Pereira de Albuquerque Tavares da Silva,3,2,50,0,0,a,,,,2.6,13,2.6,450,5,0.4,1688,1111,0,0,0,8,2,0,0,0,30,91.8,8.6,41.0,14.1,0.85,0.29,1.14,0.17,0.06,0.23,1.39,56,11.2,,,,2.6,2.6,2.6
573,Sanchez,Juanlu,Sánchez,3,2,44,-1,0,a,,,,0.0,0,0.0,0,0,0.2,87,226,0,0,0,0,0,0,0,0,0,0.0,0.0,0.0,0.0,0.00,0.00,0.00,0,0,0,0,0,0,,,,0.0,0.0,0.0
608,Jebbison,Daniel,Jebbison,3,4,50,0,0,a,,,,0.6,3,1.0,31,0,0.1,477,482,0,0,0,2,0,0,0,0,13,3.4,0.8,17.0,2.1,0.10,0.00,0.10,0.29,0.0,0.29,1.77,1,2.9,,,,0.6,0.6,0.6
615,Di Gregorio,Michele,Di Gregorio,3,1,45,0,0,a,,,,0.0,0,0.0,0,0,0.0,104,107,0,0,0,0,0,0,0,0,0,0.0,0.0,0.0,0.0,0.00,0.00,0.00,0,0,0,0,0,0,,,,0.0,0.0,0.0
82,Kelleher,Caoimhín,Kelleher,4,1,50,0,0,a,,,,4.0,20,4.0,450,5,6.1,12473,6415,0,0,2,4,0,0,17,0,97,101.6,0.0,0.0,10.1,0.00,0.01,0.01,0.0,0.0,0.0,1.26,0,0.0,,,,4.0,4.0,4.0
83,Valdimarsson,Hákon Rafn,Valdimarsson,4,1,45,0,0,a,,,,0.0,0,0.0,0,0,0.1,144,185,0,0,0,0,0,0,0,0,0,0.0,0.0,0.0,0.0,0.00,0.00,0.00,0,0,0,0,0,0,,,,0.0,0.0,0.0
84,Collins,Nathan,Collins,4,2,54,-1,0,i,0,Calf injury - Unknown return date,2026-09-05T18:00:06.182495Z,2.0,10,3.3,196,3,1.0,61,5342,0,0,1,1,1,0,0,0,39,40.6,22.4,51.0,11.4,0.51,0.05,0.56,0.23,0.02,0.25,0.98,17,7.81,,,,1.9,0.0,0.0
85,Van den Berg,Sepp,van den Berg,4,2,49,-1,0,i,0,Groin injury - Unknown return date,2026-08-15T15:30:06.416627Z,0.0,0,0.0,0,0,0.1,21,162,0,0,0,0,0,0,0,0,0,0.0,0.0,0.0,0.0,0.00,0.00,0.00,0,0,0,0,0,0,,,,0.0,0.0,0.0
86,Lewis-Potter,Keane,Lewis-Potter,4,3,55,0,0,a,,,,4.4,22,4.4,406,5,1.7,2337,7693,1,1,2,4,0,0,0,3,85,94.6,94.2,49.0,23.7,1.21,0.79,2.00,0.27,0.18,0.45,1.26,38,8.42,,,1,4.0,4.4,4.4
87,Ajer,Kristoffer,Ajer,4,2,45,0,0,a,,,,4.2,21,4.2,450,5,4.0,7005,11678,0,0,2,4,1,0,0,1,73,84.8,22.7,45.0,15.3,0.13,0.08,0.21,0.03,0.02,0.05,1.26,50,10.0,,,,4.7,4.2,4.2
88,Kayode,Michael,Kayode,4,2,46,1,0,a,,,,4.6,23,4.6,294,4,7.7,8550,11447,1,0,2,1,0,0,0,1,72,61.2,31.9,56.0,14.9,0.55,0.43,0.98,0.17,0.13,0.3,0.99,16,4.9,,,,5.0,4.6,4.6
89,Henry,Rico,Henry,4,2,44,-1,0,a,,,,0.2,1,1.0,2,0,0.2,95,326,0,0,0,0,0,0,0,0,3,0.0,0.0,0.0,0.0,0.00,0.00,0.00,0.0,0.0,0.0,0.0,0,0.0,,,,0.2,0.2,0.2
90,Hickey,Aaron,Hickey,4,2,45,0,0,a,,,,1.0,5,1.0,152,1,0.1,92,138,0,0,0,3,0,0,0,0,17,21.6,7.5,6.0,3.5,0.03,0.06,0.09,0.02,0.04,0.06,1.82,17,10.07,,,,1.1,1.0,1.0
92,Ji-soo,Kim,Ji-soo,4,2,44,-1,-1,a,,,,0.0,0,0.0,0,0,0.0,40,55,0,0,0,0,0,0,0,0,0,0.0,0.0,0.0,0.0,0.00,0.00,0.00,0,0,0,0,0,0,,,,0.0,0.0,0.0
93,Schuster,Jannik,Schuster,4,2,45,0,0,a,,,,4.2,21,7.0,253,2,0.2,10744,982,0,1,1,3,0,0,0,3,59,39.4,0.7,12.0,5.2,0.10,0.54,0.64,0.04,0.19,0.23,1.49,38,13.52,,,,4.7,4.2,4.2
94,Schade,Kevin,Schade,4,3,61,1,0,a,,,,7.8,39,7.8,447,5,9.8,232106,10688,3,2,2,4,0,0,0,6,138,134.8,44.5,129.0,30.8,1.52,0.32,1.84,0.31,0.06,0.37,1.27,34,6.85,2,,,6.4,7.8,7.8
95,O.Dango,Dango,Ouattara,4,3,63,-2,0,a,,,,1.4,7,1.4,179,2,0.5,435,2183,0,0,1,1,0,0,0,0,34,25.2,59.3,23.0,10.8,0.09,0.39,0.48,0.05,0.2,0.25,1.41,28,14.08,,4,,1.1,1.4,1.4
96,Damsgaard,Mikkel,Damsgaard,4,3,54,-1,0,a,,,,3.2,16,3.2,283,3,0.4,841,1217,0,1,2,1,0,0,0,3,74,34.2,95.0,37.0,16.6,0.17,0.73,0.90,0.05,0.23,0.28,0.97,31,9.86,,2,3,3.0,3.2,3.2
97,Jensen,Mathias,Jensen,4,3,54,-1,0,i,0,Unspecified injury - Expected back 10 Oct,2026-08-30T12:30:08.176795Z,1.2,6,6.0,66,1,0.1,10,353,0,1,1,0,0,0,0,0,22,12.6,46.2,13.0,7.2,0.08,0.34,0.42,0.11,0.46,0.57,0.64,5,6.82,3,1,2,1.1,0.0,0.0
98,Janelt,Vitaly,Janelt,4,3,50,0,0,a,,,,5.6,28,5.6,450,5,2.5,12095,10788,2,0,2,4,3,0,0,3,109,146.0,91.7,45.0,28.3,0.53,0.44,0.97,0.11,0.09,0.2,1.26,64,12.8,,3,,5.6,5.6,5.6
99,Milambo,Antoni,Milambo,4,3,50,0,0,i,0,Knee injury - Unknown return date,2026-07-23T12:01:23.384798Z,0.0,0,0.0,0,0,0.0,5,6,0,0,0,0,0,0,0,0,0,0.0,0.0,0.0,0.0,0.00,0.00,0.00,0,0,0,0,0,0,,,,0.0,0.0,0.0
100,Carvalho,Fábio,Freitas Gouveia Carvalho,4,3,50,0,0,a,100,,2026-08-18T13:58:17.442072Z,1.2,6,6.0,3,0,0.0,394,99,1,0,0,0,0,0,0,0,23,0.0,0.0,0.0,0.0,0.43,0.00,0.43,12.9,0.0,12.9,3.9,0,0.0,,,,1.2,1.2,1.2
102,Yarmoliuk,Yehor,Yarmoliuk,4,3,48,-2,0,a,,,,1.8,9,1.8,216,2,0.7,735,1786,0,1,1,4,1,0,0,0,50,29.6,39.5,13.0,8.3,0.10,0.30,0.40,0.04,0.12,0.16,1.91,26,10.83,,,,1.9,1.8,1.8
103,Dasilva,Josh,Dasilva,4,3,49,-1,0,i,0,Hamstring injury - Expected back 10 Oct,2026-09-04T13:30:08.371955Z,0.0,0,0.0,0,0,0.0,5,55,0,0,0,0,0,0,0,0,0,0.0,0.0,0.0,0.0,0.00,0.00,0.00,0,0,0,0,0,0,,,,0.0,0.0,0.0
105,Anthony,Jaidon,Anthony,4,3,59,-1,0,a,,,,3.0,15,3.0,267,3,0.1,1366,320,1,0,2,3,1,0,0,2,59,28.4,78.3,21.0,12.7,1.15,0.54,1.69,0.39,0.18,0.57,1.18,26,8.76,,,,2.5,3.0,3.0
106,Thiago,Igor Thiago,Nascimento Rodrigues,4,4,78,-2,0,a,,,,2.0,10,2.0,442,5,9.0,31956,20113,1,0,2,4,2,0,0,0,37,20.6,27.6,116.0,16.2,3.13,0.16,3.29,0.64,0.03,0.67,1.27,19,3.87,1,,,1.3,2.0,2.0
107,Furo,Kaye,Furo,4,4,45,0,0,i,0,Unspecified injury - Unknown return date,2026-09-14T14:00:09.985723Z,0.0,0,0.0,0,0,0.9,348,5725,0,0,0,0,0,0,0,0,0,0.0,0.0,0.0,0.0,0.00,0.00,0.00,0,0,0,0,0,0,,,,0.0,0.0,0.0
108,Wilson,Callum,Wilson,4,4,54,-1,-1,a,,,,0.6,3,1.0,13,0,0.3,627,1504,0,0,0,0,0,0,0,0,9,3.2,10.4,12.0,2.6,0.07,0.04,0.11,0.48,0.28,0.76,1.04,2,13.85,,,,0.6,0.6,0.6
565,M.Sangaré,Mamadou,Sangaré,4,3,56,1,-1,a,,,,4.4,22,4.4,321,4,10.3,4989,96781,0,2,1,3,2,0,0,3,76,74.2,57.8,40.0,16.9,0.41,0.65,1.06,0.11,0.18,0.29,1.21,48,13.46,,,,3.9,4.4,4.4
620,Diouf,El Hadji Malick,Diouf,4,2,45,0,0,a,,,,0.5,2,1.0,39,0,0.1,264,412,0,0,0,0,0,0,0,0,7,3.4,1.0,0.0,0.4,0.00,0.01,0.01,0.0,0.02,0.02,1.45,2,4.62,,,,0.4,0.5,0.5
657,Nunes,Gustavo,Nunes Fernandes Gomes,4,3,45,0,0,a,,,,0.0,0,0.0,0,0,0.0,204,155,0,0,0,0,0,0,0,0,0,0.0,0.0,0.0,0.0,0.00,0.00,0.00,0,0,0,0,0,0,,,,0.0,0.0,0.0
660,Fredrick,Benjamin,Fredrick,4,2,40,0,0,a,,,,0.0,0,0.0,0,0,0.0,271,32,0,0,0,0,0,0,0,0,0,0.0,0.0,0.0,0.0,0.00,0.00,0.00,0,0,0,0,0,0,,,,0.0,1.1,1.1
661,Balcombe,Ellery,Balcombe,4,1,40,0,0,a,,,,0.0,0,0.0,0,0,0.0,1844,239,0,0,0,0,0,0,0,0,0,0.0,0.0,0.0,0.0,0.00,0.00,0.00,0,0,0,0,0,0,,,,0.0,1.0,1.0
109,Verbruggen,Bart,Verbruggen,5,1,45,0,0,a,,,,4.6,23,4.6,450,5,21.7,38092,39631,0,0,3,5,0,0,12,0,107,93.8,3.0,0.0,9.7,0.00,0.20,0.20,0.0,0.04,0.04,1.73,0,0.0,,,,5.1,4.6,4.6
111,Steele,Jason,Steele,5,1,40,0,0,a,,,,0.0,0,0.0,0,0,4.2,4244,8504,0,0,0,0,0,0,0,0,0,0.0,0.0,0.0,0.0,0.00,0.00,0.00,0,0,0,0,0,0,,,,0.0,0.0,0.0
113,F.Kadıoğlu,Ferdi,Kadıoğlu,5,2,44,-1,0,a,100,,2026-08-23T13:00:07.595211Z,2.6,13,3.2,332,4,1.6,2333,3935,0,0,2,5,1,0,0,0,46,21.8,44.6,27.0,9.4,0.12,0.13,0.25,0.03,0.04,0.07,2.05,10,2.71,,3,,3.0,2.6,2.6
114,Boscagli,Olivier,Boscagli,5,2,45,0,0,a,,,,3.8,19,3.8,437,5,0.3,1166,399,0,0,3,5,1,0,0,0,93,64.2,110.5,19.0,19.4,0.07,0.53,0.60,0.01,0.11,0.12,1.74,29,5.97,,,,4.2,3.8,3.8
115,De Cuyper,Maxim,De Cuyper,5,2,49,4,0,a,,,,7.6,38,7.6,423,5,26.6,168693,9379,1,3,3,5,2,0,0,5,132,93.8,138.0,53.0,28.6,1.55,0.67,2.22,0.33,0.14,0.47,1.83,16,3.4,,2,4,7.8,7.6,7.6
116,Dunk,Lewis,Dunk,5,2,45,0,0,a,,,,4.4,22,5.5,360,4,1.5,5739,4116,1,0,2,5,1,0,0,1,79,116.2,14.6,11.0,14.3,0.03,0.09,0.12,0.01,0.02,0.03,1.76,23,5.75,,,3,4.9,4.4,4.4
117,Coppola,Diego,Coppola,5,2,45,0,0,a,,,,0.0,0,0.0,0,0,0.0,61,52,0,0,0,0,0,0,0,0,0,0.0,0.0,0.0,0.0,0.00,0.00,0.00,0,0,0,0,0,0,,,,0.0,0.0,0.0
118,Igor,Igor Julio,dos Santos de Paulo,5,2,45,0,0,u,0,Has joined Burnley permanently,2026-09-02T15:38:15.529699Z,0.0,0,0.0,0,0,0.0,0,165,0,0,0,0,0,0,0,0,0,0.0,0.0,0.0,0.0,0.00,0.00,0.00,0,0,0,0,0,0,,,,0.0,0.0,0.0
119,Costinha,João Pedro,Loureiro da Costa,5,2,45,0,0,a,,,,0.8,4,0.8,68,0,0.0,76,73,0,0,0,0,1,0,0,0,18,15.2,17.0,18.0,5.0,0.12,0.30,0.42,0.16,0.4,0.56,1.35,7,9.26,,,,0.9,0.8,0.8
120,Svoboda,Michael,Svoboda,5,2,50,0,0,a,,,,0.2,1,1.0,4,0,0.1,696,246,0,0,0,0,0,0,0,0,5,0.0,0.0,0.0,0.0,0.00,0.00,0.00,0.0,0.0,0.0,3.15,1,22.5,,,,0.2,0.2,0.2
121,Mitoma,Mitoma,Kaoru,5,3,59,-1,0,i,0,Hamstring injury - Expected back 10 Oct,2026-07-24T18:30:10.661894Z,0.0,0,0.0,0,0,0.0,58,97,0,0,0,0,0,0,0,0,0,0.0,0.0,0.0,0.0,0.00,0.00,0.00,0,0,0,0,0,0,,,,0.0,0.0,0.0
122,Minteh,Yankuba,Minteh,5,3,58,-2,-1,i,0,Leg injury - Expected back 28 Nov,2026-08-14T18:00:06.418033Z,0.0,0,0.0,0,0,0.0,22,111,0,0,0,0,0,0,0,0,0,0.0,0.0,0.0,0.0,0.00,0.00,0.00,0,0,0,0,0,0,,5,,0.0,0.0,0.0
123,Hinshelwood,Jack,Hinshelwood,5,3,59,-1,0,i,0,Ankle injury - Expected back 10 Oct,2026-08-27T19:30:07.780933Z,3.2,16,16.0,63,1,0.6,123,4072,2,0,1,0,0,0,0,3,54,72.8,13.4,59.0,14.5,1.41,0.02,1.43,2.01,0.03,2.04,0.27,3,4.29,,,,2.7,0.0,0.0
124,Groß,Pascal,Groß,5,3,58,3,1,a,,,,9.4,47,9.4,450,5,26.2,522618,5861,3,4,3,5,2,0,0,9,166,152.6,185.7,68.0,40.3,1.77,0.86,2.63,0.35,0.17,0.52,1.73,26,5.2,1,1,1,8.1,9.4,9.4
125,Georginio,Georginio,Rutter,5,4,53,-2,-1,a,100,,2026-08-26T16:00:07.608056Z,1.2,6,3.0,104,1,0.5,1354,2365,0,1,1,0,0,0,0,0,24,19.8,11.4,15.0,4.6,0.17,0.45,0.62,0.15,0.39,0.54,0.89,9,7.79,,,,1.1,1.2,1.2
126,O'Riley,Matt,O'Riley,5,3,54,-1,0,a,,,,0.4,2,1.0,10,0,0.1,202,303,0,0,0,0,0,0,0,0,6,2.2,10.5,0.0,1.3,0.28,0.01,0.29,2.52,0.09,2.61,1.62,3,27.0,3,,,0.4,0.4,0.4
127,Gomez,Diego,Gómez Amarilla,5,3,50,0,0,a,,,,4.8,24,4.8,433,5,4.1,6640,25232,0,3,3,5,0,0,0,0,80,55.2,80.8,122.0,25.8,0.79,0.78,1.57,0.16,0.16,0.32,1.76,36,7.48,,,5,4.8,4.8,4.8
128,Buonanotte,Facundo,Buonanotte,5,3,50,0,0,u,0,Has joined Elche on loan for the rest of the season,2026-08-10T14:03:07.561436Z,0.0,0,0.0,0,0,0.0,0,3,0,0,0,0,0,0,0,0,0,0.0,0.0,0.0,0.0,0.00,0.00,0.00,0,0,0,0,0,0,,,,0.0,0.0,0.0
129,Ayari,Yasin,Ayari,5,3,54,-1,0,a,100,,2026-08-30T18:00:07.935334Z,3.0,15,3.8,333,4,0.4,1253,1175,1,0,3,1,1,0,0,0,71,50.4,36.6,51.0,13.4,0.70,0.18,0.88,0.19,0.05,0.24,1.52,21,5.68,,4,2,2.8,3.0,3.0
130,Wieffer,Mats,Wieffer,5,2,49,-1,0,i,0,Knee injury - Unknown return date,2026-09-04T09:30:08.612904Z,1.4,7,3.5,156,2,0.2,18,1139,0,0,1,4,0,0,0,1,38,37.0,35.5,10.0,8.3,0.12,0.13,0.25,0.07,0.08,0.15,1.83,15,8.65,,,,1.4,0.0,0.0
132,Howell,Harry,Howell,5,3,45,0,0,u,0,Has joined Leicester City on loan for the rest of the season,2026-08-17T13:53:19.019938Z,0.0,0,0.0,0,0,0.0,0,123,0,0,0,0,0,0,0,0,0,0.0,0.0,0.0,0.0,0.00,0.00,0.00,0,0,0,0,0,0,,,,0.0,0.0,0.0
133,Watson,Tom,Watson,5,3,50,0,0,u,0,Has joined Leicester City on loan for the rest of the season,2026-08-03T14:05:44.459483Z,0.0,0,0.0,0,0,0.0,0,1,0,0,0,0,0,0,0,0,0,0.0,0.0,0.0,0.0,0.00,0.00,0.00,0,0,0,0,0,0,,,,0.0,0.0,0.0
134,Oriola,Nehemiah,Oriola,5,3,45,0,0,a,,,,0.0,0,0.0,0,0,0.2,181,792,0,0,0,0,0,0,0,0,0,0.0,0.0,0.0,0.0,0.00,0.00,0.00,0,0,0,0,0,0,,,,0.0,0.0,0.0
135,Yohanna,Zadok,Yohanna,5,3,49,-1,0,i,0,Unspecified injury - Expected back 10 Oct,2026-09-10T13:00:08.617941Z,0.2,1,1.0,12,0,0.0,4,215,0,0,0,0,0,0,0,0,3,0.2,1.3,0.0,0.2,0.00,0.03,0.03,0.0,0.22,0.22,0.0,0,0.0,,,,0.2,0.0,0.0
137,Tzimas,Stefanos,Tzimas,5,4,54,-1,0,i,0,Knee injury - Unknown return date,2026-07-23T12:01:23.432796Z,0.0,0,0.0,0,0,0.0,20,23,0,0,0,0,0,0,0,0,0,0.0,0.0,0.0,0.0,0.00,0.00,0.00,0,0,0,0,0,0,,,,0.0,0.0,0.0
138,Kostoulas,Charalampos,Kostoulas,5,4,56,1,1,a,,,,5.6,28,5.6,353,4,2.9,195257,6125,2,3,2,5,1,0,0,3,105,47.6,27.8,89.0,16.3,1.35,0.06,1.41,0.34,0.02,0.36,1.96,27,6.88,,,,5.0,5.6,5.6
139,Ferguson,Evan,Ferguson,5,4,50,0,0,i,0,Ankle injury - Expected back 10 Oct,2026-07-23T12:01:23.448357Z,0.0,0,0.0,0,0,0.0,63,141,0,0,0,0,0,0,0,0,0,0.0,0.0,0.0,0.0,0.00,0.00,0.00,0,0,0,0,0,0,,,,0.0,0.0,0.0
328,Struijk,Pascal,Struijk,5,2,49,-1,0,a,100,,2026-08-15T20:30:07.523574Z,1.4,7,2.3,98,1,0.2,462,282,0,0,1,0,1,0,0,0,31,11.4,0.9,0.0,1.2,0.16,0.01,0.17,0.15,0.01,0.16,1.56,10,9.18,,,,1.4,1.4,1.4
504,Vuskovic,Luka,Vušković,5,2,50,0,0,a,,,,6.4,32,6.4,437,5,3.4,30436,5875,1,0,3,5,0,0,0,2,98,107.6,16.4,70.0,19.4,0.46,0.07,0.53,0.09,0.01,0.1,1.74,43,8.86,,,,6.4,6.4,6.4
594,David,Promise,David,5,4,59,-1,-1,a,,,,0.2,1,0.5,23,0,0.2,1628,1298,0,0,0,0,1,0,0,0,-4,0.0,3.7,4.0,0.4,0.42,0.00,0.42,1.64,0.0,1.64,0.55,0,0.0,2,,,0.2,0.2,0.2
600,Osman,Ibrahim,Osman,5,3,50,0,0,a,,,,0.6,3,1.0,40,0,0.0,51,69,0,0,0,1,0,0,0,0,15,7.2,17.8,19.0,4.2,0.05,0.07,0.12,0.11,0.16,0.27,0.72,4,9.0,,,,0.6,0.6,0.6
605,Yalcouyé,Malick,Yalcouyé,5,3,45,0,0,a,,,,4.0,20,4.0,236,3,4.0,15419,21333,2,0,1,4,0,0,0,1,96,107.0,60.0,105.0,27.2,1.46,0.45,1.91,0.56,0.17,0.73,2.51,19,7.25,,,,4.4,4.0,4.0
614,Hadjam,Jaouen,Hadjam,5,2,45,0,0,a,,,,0.0,0,0.0,0,0,0.0,153,152,0,0,0,0,0,0,0,0,0,0.0,0.0,0.0,0.0,0.00,0.00,0.00,0,0,0,0,0,0,,,,0.0,0.0,0.0
624,Cozier-Duberry,Amario,Cozier-Duberry,5,3,50,0,0,u,0,Has joined Middlesbrough on loan for the rest of the season,2026-09-02T15:38:15.552951Z,0.0,0,0.0,0,0,0.0,0,0,0,0,0,0,0,0,0,0,0,0.0,0.0,0.0,0.0,0.00,0.00,0.00,0,0,0,0,0,0,,,,0.0,0.0,0.0
639,Andrés,José María,Andrés Baixauli,5,3,55,0,0,a,,,,4.0,12,6.0,109,1,0.0,1376,147,1,1,1,0,0,0,0,0,37,18.8,13.1,2.0,3.4,0.52,0.12,0.64,0.43,0.1,0.53,1.4,13,10.73,,,,2.2,4.0,4.0
652,Azeez,Femi,Azeez,5,3,55,0,0,i,0,Hamstring injury - Expected back 10 Oct,2026-09-04T11:30:08.661589Z,0.0,0,0.0,0,0,0.0,13,30,0,0,0,0,0,0,0,0,0,0.0,0.0,0.0,0.0,0.00,0.00,0.00,0,0,0,0,0,0,,,,0.0,0.0,0.0
658,Ibrahim,Younes,Ibrahim,5,3,45,0,0,a,,,,0.0,0,0.0,0,0,0.0,161,116,0,0,0,0,0,0,0,0,0,0.0,0.0,0.0,0.0,0.00,0.00,0.00,0,0,0,0,0,0,,,,0.0,0.0,0.0
28,Martinez,Emiliano,Martínez Romero,6,1,50,0,0,a,,,,1.8,9,2.2,360,4,4.8,3773,13136,0,0,0,10,0,0,18,0,61,119.0,20.0,0.0,13.9,0.00,0.01,0.01,0.0,0.0,0.0,1.87,0,0.0,,,,1.8,1.8,1.8
40,Rogers,Morgan,Rogers,6,3,77,2,0,a,,,,5.8,29,5.8,437,5,40.2,76208,40002,3,1,0,12,1,0,0,2,135,149.0,119.5,110.0,37.8,1.72,1.23,2.95,0.35,0.25,0.6,1.8,31,6.38,,3,,3.8,5.8,5.8
101,Henderson,Jordan,Henderson,6,3,49,-1,0,a,100,,2026-08-09T09:30:07.136250Z,0.4,2,2.0,90,1,0.0,275,69,0,0,0,3,0,0,0,0,16,0.0,0.0,0.0,0.0,0.00,0.08,0.08,0.0,0.08,0.08,2.65,10,10.0,,,,0.4,0.2,0.4
136,Welbeck,Danny,Welbeck,6,4,59,-1,0,a,100,,2026-08-20T14:00:07.949090Z,0.8,4,1.3,85,1,1.0,4454,5465,0,0,0,1,0,0,0,0,15,7.2,10.9,6.0,2.4,0.00,0.14,0.14,0.0,0.15,0.15,2.11,5,5.29,,,,0.7,0.8,0.8
140,Sánchez,Robert,Lynch Sánchez,6,1,49,-1,0,u,0,Has joined Como on loan for the rest of the season,2026-09-02T16:20:41.841936Z,0.4,2,2.0,90,1,0.7,0,2528,0,0,0,2,0,0,4,0,6,21.4,0.0,0.0,2.1,0.00,0.01,0.01,0.0,0.01,0.01,1.33,0,0.0,,,,0.4,0.0,0.0
141,Jörgensen,Filip,Jörgensen,6,1,50,0,0,u,0,Has joined RC Strasbourg on loan for the rest of the season,2026-08-12T14:07:02.607115Z,0.0,0,0.0,0,0,0.0,0,17,0,0,0,0,0,0,0,0,0,0.0,0.0,0.0,0.0,0.00,0.00,0.00,0,0,0,0,0,0,,,,0.0,0.0,0.0
142,James,Reece,James,6,2,54,-1,0,d,75,Hamstring injury - 75% chance of playing,2026-09-18T10:30:09.719371Z,0.6,3,0.8,292,3,6.1,351,48399,0,0,0,7,1,0,0,0,24,56.2,42.6,49.0,14.8,0.33,0.26,0.59,0.1,0.08,0.18,1.51,13,4.01,,1,1,0.6,0.4,0.4
143,Chalobah,Trevoh,Chalobah,6,2,55,0,0,u,0,Has joined Como permanently,2026-08-10T14:03:50.769483Z,0.0,0,0.0,0,0,0.1,0,146,0,0,0,0,0,0,0,0,0,0.0,0.0,0.0,0.0,0.00,0.00,0.00,0,0,0,0,0,0,,,,0.0,0.0,0.0
144,Gusto,Malo,Gusto,6,2,50,0,0,a,,,,0.8,4,1.0,272,3,1.0,1015,4430,0,0,0,7,0,0,0,0,12,32.0,37.2,13.0,8.2,0.08,0.12,0.20,0.03,0.04,0.07,1.16,15,4.96,,,,0.8,0.8,0.8
145,Fofana,Wesley,Fofana,6,2,50,0,0,a,100,,2026-07-23T12:01:23.464591Z,1.6,8,2.0,312,4,0.2,1251,623,0,0,0,7,1,0,0,0,35,77.6,28.4,4.0,11.0,0.00,0.08,0.08,0.0,0.02,0.02,1.63,47,13.56,,,,1.6,1.6,1.6
146,B.Badiashile,Benoît,Badiashile Mukinayi,6,2,45,0,0,u,0,Has joined Napoli on loan for the rest of the season,2026-08-25T14:03:47.079414Z,0.0,0,0.0,0,0,0.0,0,26,0,0,0,0,0,0,0,0,0,0.0,0.0,0.0,0.0,0.00,0.00,0.00,0,0,0,0,0,0,,,,0.0,0.0,0.0
148,Hato,Jorrel,Hato,6,2,45,0,0,a,,,,1.6,8,2.0,258,4,0.8,431,4829,0,2,0,9,0,0,0,0,14,77.0,47.1,15.0,14.0,0.01,0.21,0.22,0.0,0.07,0.07,1.68,18,6.28,,,,1.8,1.6,1.6
149,Colwill,Levi,Samuels Colwill,6,2,48,-2,-1,a,,,,0.6,3,0.8,341,4,0.9,576,3270,0,0,0,9,1,0,0,0,17,46.0,14.2,11.0,7.2,0.01,0.05,0.06,0.0,0.01,0.01,1.76,26,6.86,,,,0.6,0.6,0.6
150,M.Sarr,Mamadou,Sarr,6,2,45,0,0,u,0,Has joined Real Sociedad on loan for the rest of the season,2026-08-29T00:34:23.077418Z,0.0,0,0.0,0,0,0.0,0,89,0,0,0,0,0,0,0,0,0,0.0,0.0,0.0,0.0,0.00,0.00,0.00,0,0,0,0,0,0,,,,0.0,0.0,0.0
151,Acheampong,Josh,Acheampong,6,2,45,0,0,a,,,,1.0,5,1.2,221,2,0.3,233,1092,0,0,0,7,0,0,0,0,5,41.6,4.1,6.0,5.1,0.00,0.03,0.03,0.0,0.01,0.01,1.92,20,8.14,,,,1.1,1.0,1.0
152,Palestra,Marco,Palestra,6,2,53,-2,0,d,50,Thigh injury - 50% chance of playing,2026-08-24T18:30:07.421239Z,0.0,0,0.0,0,0,0.6,102,2240,0,0,0,0,0,0,0,0,0,0.0,0.0,0.0,0.0,0.00,0.00,0.00,0,0,0,0,0,0,,,,0.0,0.0,0.0
154,Palmer,Cole,Palmer,6,3,97,2,0,a,100,,2026-08-24T22:00:07.971542Z,5.6,28,5.6,442,5,26.7,31105,63343,2,2,0,12,1,0,0,3,148,131.6,120.0,124.0,37.6,1.31,0.79,2.10,0.27,0.16,0.43,1.78,29,5.9,1,,2,2.9,5.6,5.6
156,Neto,Pedro,Lomba Neto,6,3,65,0,0,a,,,,2.8,14,2.8,332,4,1.4,2361,5885,1,0,0,8,0,0,0,0,81,72.4,84.8,83.0,24.0,0.68,0.58,1.26,0.18,0.16,0.34,1.8,28,7.59,,2,3,2.2,2.8,2.8
157,Estêvão,Estêvão,Almeida de Oliveira Gonçalves,6,3,63,-2,0,a,,,,0.8,4,1.0,23,0,0.7,790,2475,0,0,0,1,0,0,0,0,17,8.4,1.3,38.0,4.9,0.07,0.07,0.14,0.27,0.27,0.54,3.95,2,7.83,2,4,,0.6,0.8,0.8
158,Gittens,Jamie,Bynoe-Gittens,6,3,58,-2,-1,a,,,,0.0,0,0.0,0,0,0.0,81,113,0,0,0,0,0,0,0,0,0,0.0,0.0,0.0,0.0,0.00,0.00,0.00,0,0,0,0,0,0,,,,0.0,0.0,0.0
159,Caicedo,Moisés,Caicedo Corozo,6,3,53,-2,0,d,50,Calf injury - 50% chance of playing,2026-08-30T16:00:08.393562Z,0.2,1,1.0,13,0,1.1,217,5127,0,0,0,0,0,0,0,0,3,0.0,0.1,0.0,0.0,0.00,0.00,0.00,0.0,0.0,0.0,0.48,0,0.0,,,,0.2,0.1,0.1
161,Lavia,Roméo,Lavia,6,3,50,0,0,a,,,,2.2,11,2.8,258,4,0.2,218,1584,1,0,0,8,1,0,0,0,61,65.8,29.1,66.0,16.1,0.75,0.11,0.86,0.26,0.04,0.3,1.77,31,10.81,,,,2.2,2.2,2.2
163,D.Essugo,Dário,Luís Essugo,6,3,45,0,0,u,0,Has joined RC Strasbourg on loan for the rest of the season,2026-09-02T16:20:41.865225Z,0.0,0,0.0,0,0,0.1,0,408,0,0,0,0,0,0,0,0,0,0.0,0.0,0.0,0.0,0.00,0.00,0.00,0,0,0,0,0,0,,,,0.0,0.0,0.0
164,Quenda,Geovany,Quenda,6,3,53,-2,0,a,100,,2026-07-24T20:30:10.609931Z,0.4,2,1.0,27,0,0.0,36,97,0,0,0,2,0,0,0,0,5,1.2,0.3,2.0,0.4,0.03,0.01,0.04,0.1,0.03,0.13,4.3,1,3.33,,,,0.4,0.4,0.4
165,João Pedro,João Pedro,Junqueira de Jesus,6,4,78,3,0,d,75,Knee injury - 75% chance of playing,2026-09-16T19:00:09.919929Z,6.6,33,8.2,360,4,66.7,28481,235908,3,3,0,9,1,0,0,7,141,158.4,90.0,123.0,37.0,2.17,0.19,2.36,0.54,0.05,0.59,1.54,9,2.25,,,,4.2,4.9,4.9
168,Marc Guiu,Marc,Guiu Paz,6,4,50,0,0,u,0,Has joined RB Leipzig permanently,2026-09-01T13:24:48.857362Z,0.0,0,0.0,0,0,0.2,0,841,0,0,0,0,0,0,0,0,0,0.0,0.0,0.0,0.0,0.00,0.00,0.00,0,0,0,0,0,0,,,,0.0,0.0,0.0
169,Mheuka,Shumaira,Mheuka,6,4,45,0,0,a,,,,0.0,0,0.0,0,0,0.5,2474,1862,0,0,0,0,0,0,0,0,0,0.0,0.0,0.0,0.0,0.00,0.00,0.00,0,0,0,0,0,0,,,,0.0,0.0,0.0
170,Emegha,Emmanuel,Emegha,6,4,50,0,0,i,0,Hamstring injury - Expected back 10 Oct,2026-09-09T15:00:09.063849Z,0.0,0,0.0,0,0,0.1,37,617,0,0,0,0,0,0,0,0,0,0.0,0.0,0.0,0.0,0.00,0.00,0.00,0,0,0,0,0,0,,,,0.0,0.0,0.0
200,Lacroix,Maxence,Lacroix,6,2,59,-1,-1,a,,,,2.6,13,2.6,364,4,6.9,3756,17068,0,1,0,10,1,0,0,0,28,86.8,12.6,10.0,10.9,0.15,0.22,0.37,0.04,0.05,0.09,1.96,47,11.62,,,,2.2,2.6,2.6
560,Penders,Mike,Penders,6,1,44,-1,0,a,,,,0.0,0,0.0,0,0,0.1,141,167,0,0,0,0,0,0,0,0,0,0.0,0.0,0.0,0.0,0.00,0.00,0.00,0,0,0,0,0,0,,,,0.0,0.0,0.0
561,Anselmino,Aaron,Anselmino,6,2,45,0,0,a,100,,2026-08-23T19:00:08.536705Z,0.0,0,0.0,0,0,0.0,35,71,0,0,0,0,0,0,0,0,0,0.0,0.0,0.0,0.0,0.00,0.00,0.00,0,0,0,0,0,0,,,,0.0,0.0,0.0
568,Barco,Valentín,Barco,6,3,54,-1,0,a,,,,0.6,3,1.0,115,1,0.1,121,264,0,0,0,3,1,0,0,0,29,1.6,2.9,6.0,0.9,0.07,0.11,0.18,0.05,0.09,0.14,2.21,12,9.39,,,,0.6,0.6,0.6
583,Chavarria,Pep,Chavarría,6,2,49,-1,0,a,,,,1.0,5,1.0,208,1,0.1,232,300,0,0,0,4,0,0,0,0,17,13.2,4.2,8.0,2.6,0.04,0.07,0.11,0.02,0.03,0.05,1.77,16,6.92,,,,1.0,1.0,1.0
662,Nicoll-Jazuli,Mahdi,Nicoll-Jazuli,6,3,45,0,0,a,,,,1.0,1,1.0,3,0,0.0,190,26,0,0,0,1,0,0,0,0,5,0.0,0.0,0.0,0.0,0.00,0.00,0.00,0.0,0.0,0.0,12.9,2,60.0,,,,0.2,1.1,1.1
91,Pinnock,Ethan,Pinnock,7,2,45,0,0,a,,,,2.8,14,3.5,282,3,0.1,193,129,0,0,1,7,1,0,0,0,15,40.0,1.4,10.0,5.2,0.12,0.00,0.12,0.04,0.0,0.04,2.1,44,14.04,,,,3.1,2.8,2.8
104,Onyeka,Frank,Onyeka,7,3,49,-1,0,a,100,,2026-09-15T09:00:07.851220Z,1.8,9,2.2,314,4,0.1,89,252,0,0,1,7,0,0,0,0,34,10.2,2.9,21.0,3.4,0.03,0.02,0.05,0.01,0.01,0.02,1.81,28,8.03,,,,1.8,1.8,1.8
110,Rushworth,Carl,Rushworth,7,1,45,0,0,a,,,,3.8,16,3.2,450,5,0.8,1266,3692,0,1,1,10,0,0,9,2,56,61.6,0.0,0.0,6.2,0.00,0.02,0.02,0.0,0.0,0.0,1.73,0,0.0,,,,3.6,3.8,3.8
171,Dovin,Oliver,Dovin,7,1,40,0,0,u,0,Has joined Leyton Orient on loan for the rest of the season,2026-09-02T15:44:14.839336Z,0.0,0,0.0,0,0,1.0,0,2591,0,0,0,0,0,0,0,0,0,0.0,0.0,0.0,0.0,0.00,0.00,0.00,0,0,0,0,0,0,,,,0.0,0.0,0.0
172,Wilson,Ben,Wilson,7,1,44,-1,0,a,,,,0.0,0,0.0,0,0,0.4,118,330,0,0,0,0,0,0,0,0,0,0.0,0.0,0.0,0.0,0.00,0.00,0.00,0,0,0,0,0,0,,,,0.0,0.0,0.0
173,Thomas,Bobby,Thomas,7,2,40,0,0,a,,,,5.2,24,4.8,437,5,8.6,12565,15405,0,0,2,9,0,0,0,3,78,67.6,33.1,48.0,14.8,0.49,0.30,0.79,0.1,0.06,0.16,1.67,52,10.71,,,,6.0,5.2,5.2
174,Kitching,Liam,Kitching,7,2,40,0,0,u,0,Has joined Sheffield United on loan for the rest of the season,2026-09-02T16:21:03.612394Z,0.0,0,0.0,0,0,0.3,0,955,0,0,0,0,0,0,0,0,0,0.0,0.0,0.0,0.0,0.00,0.00,0.00,0,0,0,0,0,0,,,,0.0,0.0,0.0
175,van Ewijk,Milan,van Ewijk,7,2,40,0,0,d,75,Hamstring injury - 75% chance of playing,2026-09-19T16:00:09.486751Z,1.2,6,1.5,360,4,9.1,886,43459,0,0,0,10,1,0,0,0,7,61.6,52.7,14.0,12.8,0.00,0.30,0.30,0.0,0.08,0.08,1.88,27,6.75,,,,1.5,1.2,0.9
176,Dasilva,Jay,Dasilva,7,2,40,0,0,a,,,,4.8,20,4.0,444,5,0.7,2924,738,1,0,1,10,0,0,0,3,54,63.6,52.0,17.0,13.4,0.50,0.52,1.02,0.1,0.11,0.21,1.75,23,4.66,,,,5.0,4.8,4.8
177,Kesler-Hayden,Kaine,Kesler-Hayden,7,2,39,-1,-1,i,0,Hamstring injury - Unknown return date,2026-08-27T14:56:28.704361Z,0.0,0,0.0,0,0,0.0,582,192,0,0,0,0,0,0,0,0,0,0.0,0.0,0.0,0.0,0.00,0.00,0.00,0,0,0,0,0,0,,,,0.0,0.0,0.0
178,Bidwell,Jake,Bidwell,7,2,40,0,0,a,,,,0.0,0,0.0,0,0,0.1,108,157,0,0,0,0,0,0,0,0,0,0.0,0.0,0.0,0.0,0.00,0.00,0.00,0,0,0,0,0,0,,,,0.0,0.0,0.0
179,Latibeaudiere,Joel,Latibeaudiere,7,2,40,0,0,a,,,,0.2,1,1.0,1,0,0.0,44,71,0,0,0,0,0,0,0,0,3,0.0,0.0,0.0,0.0,0.00,0.00,0.00,0.0,0.0,0.0,1.8,2,180.0,,,,0.2,0.2,0.2
180,Woolfenden,Luke,Woolfenden,7,2,40,0,0,i,0,Knee injury - Unknown return date,2026-08-27T14:56:28.718566Z,0.0,0,0.0,0,0,0.1,13,299,0,0,0,0,0,0,0,0,0,0.0,0.0,0.0,0.0,0.00,0.00,0.00,0,0,0,0,0,0,,,,0.0,0.0,0.0
181,Brau,Miguel,Brau,7,2,40,0,0,u,0,Has joined Academico de Viseu on loan for the rest of the season,2026-08-29T00:35:59.980316Z,0.0,0,0.0,0,0,0.0,0,51,0,0,0,0,0,0,0,0,0,0.0,0.0,0.0,0.0,0.00,0.00,0.00,0,0,0,0,0,0,,,,0.0,0.0,0.0
182,Amenda,Aurèle,Amenda,7,2,40,0,0,i,0,Calf injury - Unknown return date,2026-09-17T07:30:09.329041Z,0.8,4,1.0,360,4,0.6,17,3717,0,0,0,10,1,0,0,0,-3,62.8,14.5,15.0,9.4,0.02,0.39,0.41,0.0,0.1,0.1,1.88,24,6.0,,,,1.0,0.2,0.0
183,Rudoni,Jack,Rudoni,7,3,49,-1,0,a,100,,2026-07-23T12:01:23.481435Z,3.0,13,2.6,297,4,0.1,432,355,0,0,2,4,0,0,0,0,51,37.6,115.5,79.0,23.2,0.92,1.11,2.03,0.28,0.34,0.62,1.36,34,10.3,,5,1,2.7,3.0,3.0
184,Grimes,Matt,Grimes,7,3,49,-1,0,a,,,,2.2,11,2.2,443,5,0.1,117,534,0,0,1,9,0,0,0,0,62,51.8,32.7,5.0,8.9,0.12,0.13,0.25,0.02,0.03,0.05,1.71,38,7.72,3,1,,2.2,2.2,2.2
185,Sakamoto,Tatsuhiro,Sakamoto,7,3,48,-2,0,a,,,,0.2,1,1.0,31,0,0.1,77,229,0,0,0,1,0,0,0,0,8,6.2,5.9,7.0,1.9,0.02,0.02,0.04,0.06,0.06,0.12,2.0,4,11.61,,,,0.2,0.2,0.2
186,Mason-Clark,Ephron,Mason-Clark,7,3,54,-1,0,a,100,,2026-08-19T18:00:08.310507Z,1.2,5,1.2,231,4,0.1,34,218,0,0,0,3,0,0,0,0,19,10.2,17.8,46.0,7.2,0.51,0.12,0.63,0.2,0.05,0.25,1.23,15,5.84,,,,0.9,1.2,1.2
187,Eccles,Josh,Eccles,7,3,48,-2,-1,i,0,Unspecified injury - Expected back 12 Oct,2026-09-10T18:30:08.877110Z,0.0,0,0.0,0,0,0.0,10,60,0,0,0,0,0,0,0,0,0,0.0,0.0,0.0,0.0,0.00,0.00,0.00,0,0,0,0,0,0,,,,0.0,0.0,0.0
188,Torp,Victor,Torp,7,3,53,-2,-1,a,,,,0.5,3,1.0,53,0,0.1,29,249,0,0,0,2,0,0,0,0,13,7.2,20.4,0.0,2.7,0.00,0.12,0.12,0.0,0.2,0.2,2.07,3,5.09,2,2,2,0.6,0.5,0.5
189,Shepherd,George,Shepherd,7,3,44,-1,0,a,,,,0.0,0,0.0,0,0,0.3,2577,1388,0,0,0,0,0,0,0,0,0,0.0,0.0,0.0,0.0,0.00,0.00,0.00,0,0,0,0,0,0,,,,0.0,0.0,0.0
190,Tchaouna,Loum,Tchaouna,7,3,54,-1,0,a,,,,0.8,5,1.2,211,2,0.1,6,183,0,0,0,3,0,0,0,0,32,17.0,49.3,29.0,9.6,0.23,0.18,0.41,0.1,0.08,0.18,1.38,18,7.68,,3,,0.9,0.8,0.8
191,Borges Rodrigues,Raphael,Borges Rodrigues,7,3,45,0,0,u,0,Has joined Burton Albion on loan for the rest of the season,2026-09-02T15:44:14.868001Z,0.0,0,0.0,0,0,0.1,0,417,0,0,0,0,0,0,0,0,0,0.0,0.0,0.0,0.0,0.00,0.00,0.00,0,0,0,0,0,0,,,,0.0,0.0,0.0
192,Andrews,Kai,Andrews,7,3,45,0,0,u,0,Has joined Oxford United on loan for the rest of the season,2026-08-29T00:35:59.998520Z,0.0,0,0.0,0,0,0.3,0,1158,0,0,0,0,0,0,0,0,0,0.0,0.0,0.0,0.0,0.00,0.00,0.00,0,0,0,0,0,0,,,,0.0,0.0,0.0
193,Wright,Haji,Wright,7,4,54,-1,0,i,0,Thigh injury - Unknown return date,2026-08-14T22:00:07.214508Z,0.0,0,0.0,0,0,0.1,24,291,0,0,0,0,0,0,0,0,0,0.0,0.0,0.0,0.0,0.00,0.00,0.00,0,0,0,0,0,0,1,,,0.0,0.0,0.0
194,Thomas-Asante,Brandon,Thomas-Asante,7,4,50,0,0,a,,,,1.8,9,1.8,227,2,0.8,3798,3204,0,0,1,6,0,0,0,0,43,14.0,3.9,30.0,4.9,0.34,0.06,0.39,0.13,0.02,0.15,1.97,27,10.7,4,,,1.8,1.8,1.8
195,Simms,Ellis,Simms,7,4,50,0,0,a,,,,0.5,4,1.3,104,1,0.6,578,3138,0,0,0,3,0,0,0,0,13,7.6,22.3,37.0,6.7,0.30,0.01,0.31,0.26,0.01,0.27,2.41,3,2.6,,,,0.8,0.5,0.5
196,Markelo,Jahnoah,Markelo,7,4,50,0,0,u,0,Has joined Shabab Al-Ahli Dubai permanently,2026-08-17T13:53:55.791223Z,0.0,0,0.0,0,0,0.0,0,35,0,0,0,0,0,0,0,0,0,0.0,0.0,0.0,0.0,0.00,0.00,0.00,0,0,0,0,0,0,,,,0.0,0.0,0.0
197,Bassette,Norman,Bassette,7,4,45,0,0,u,0,Has joined KVC Westerlo on loan for the rest of the season,2026-07-28T12:58:50.001768Z,0.0,0,0.0,0,0,0.0,0,94,0,0,0,0,0,0,0,0,0,0.0,0.0,0.0,0.0,0.00,0.00,0.00,0,0,0,0,0,0,,,,0.0,0.0,0.0
492,Awoniyi,Taiwo,Awoniyi,7,4,54,-1,-1,s,0,Suspended until 19 Oct,2026-09-13T15:00:09.305127Z,0.5,3,0.8,232,3,0.4,42,3181,0,0,0,7,0,1,0,0,11,13.6,46.2,78.0,13.6,1.30,0.04,1.34,0.5,0.02,0.52,1.38,11,4.27,5,,,0.6,0.0,0.0
575,Yirenkyi,Caleb,Yirenkyi,7,3,48,-2,-1,a,,,,2.0,9,1.8,265,3,0.1,88,630,0,0,2,5,1,0,0,0,36,10.4,29.9,7.0,4.3,0.03,0.15,0.18,0.01,0.05,0.06,1.44,21,7.13,,,,1.9,2.0,2.0
584,Hamer,Gustavo,Hamer,7,3,54,-1,0,a,,,,0.5,3,1.0,32,0,0.1,23,210,0,0,0,1,0,0,0,0,6,0.6,1.8,0.0,0.3,0.00,0.02,0.02,0.0,0.06,0.06,2.31,3,8.44,,4,,0.6,0.5,0.5
599,Cherif,Sidiki,Cherif,7,4,50,0,0,a,,,,0.2,1,1.0,30,0,0.1,292,427,0,0,0,3,0,0,0,0,3,1.0,0.2,0.0,0.1,0.00,0.00,0.00,0.0,0.0,0.0,4.29,1,3.0,,,,0.2,0.2,0.2
623,Bentley,Dan,Bentley,7,1,40,0,0,a,,,,0.0,0,0.0,0,0,0.6,4779,790,0,0,0,0,0,0,0,0,0,0.0,0.0,0.0,0.0,0.00,0.00,0.00,0,0,0,0,0,0,,,,0.0,0.0,0.0
655,Gboho,Yann,Gboho,7,3,55,0,0,a,,,,0.0,0,0.0,0,0,0.0,44,37,0,0,0,0,0,0,0,0,0,0.0,0.0,0.0,0.0,0.00,0.00,0.00,0,0,0,0,0,0,,,,0.0,0.0,0.0
656,Mfuni,Stephen,Mfuni,7,2,40,0,0,a,,,,3.0,6,6.0,90,1,0.1,921,434,0,0,1,0,0,0,0,0,27,0.0,0.0,0.0,0.0,0.00,0.01,0.01,0.0,0.01,0.01,1.1,8,8.0,,,,1.5,3.0,3.0
42,Guessand,Evann,Guessand,8,3,54,-1,0,a,,,,0.4,2,1.0,54,0,0.0,48,138,0,0,0,1,0,0,0,0,6,5.4,2.1,7.0,1.5,0.03,0.03,0.06,0.05,0.05,0.1,0.57,2,3.33,,,,0.4,0.4,0.4
153,Disasi,Axel,Disasi,8,2,45,0,0,s,0,Suspended until 25 Oct,2026-09-12T15:30:09.445078Z,0.2,1,0.3,139,2,0.1,16,455,0,0,0,6,0,1,0,0,-6,34.8,13.4,2.0,5.0,0.00,0.04,0.04,0.0,0.03,0.03,2.41,20,12.95,,,,0.2,0.0,0.0
198,Henderson,Dean,Henderson,8,1,50,0,0,i,0,Foot injury - Expected back 11 Oct,2026-09-12T14:00:09.378740Z,1.0,5,1.7,270,3,1.3,73,6277,0,0,0,8,0,0,12,0,37,96.8,0.0,0.0,9.6,0.00,0.00,0.00,0.0,0.0,0.0,2.16,0,0.0,,,,1.0,0.0,0.0
199,Benitez,Walter,Benítez,8,1,45,0,0,a,,,,1.6,8,4.0,180,2,0.1,319,171,0,0,1,3,0,0,5,0,29,18.8,0.0,0.0,1.9,0.00,0.00,0.00,0.0,0.0,0.0,1.5,0,0.0,,,,1.8,1.6,1.6
202,Richards,Chris,Richards,8,2,50,0,0,a,,,,2.8,14,2.8,450,5,0.6,794,1292,0,0,1,11,1,0,0,0,48,108.8,7.2,24.0,13.9,0.08,0.07,0.15,0.02,0.01,0.03,1.89,54,10.8,,,,2.8,2.8,2.8
203,Canvot,Jaydee,Canvot,8,2,48,-2,-1,a,,,,2.0,10,2.5,360,4,0.2,163,540,0,0,1,8,0,0,0,0,38,63.2,8.1,5.0,7.6,0.05,0.13,0.18,0.01,0.03,0.04,1.94,34,8.5,,,,2.1,2.0,2.0
204,Mitchell,Tyrick,Mitchell,8,2,45,0,0,a,,,,4.8,24,4.8,419,5,6.0,6467,9192,2,0,1,10,0,0,0,3,68,109.0,64.2,56.0,22.9,0.77,0.26,1.03,0.17,0.06,0.23,1.79,25,5.37,,,,5.3,4.8,4.8
205,Sosa,Borna,Sosa,8,2,45,0,0,u,0,Has joined FC Cologne on loan for the rest of the season,2026-09-02T16:03:25.710518Z,0.0,0,0.0,0,0,0.0,0,55,0,0,0,0,0,0,0,0,0,0.0,0.0,0.0,0.0,0.00,0.00,0.00,0,0,0,0,0,0,,,,0.0,0.0,0.0
206,Chadi Riad,Chadi,Riad Dnanou,8,2,43,-2,-1,i,0,Knee injury - Unknown return date,2026-08-22T18:00:07.352049Z,0.2,1,1.0,72,1,0.0,12,76,0,0,0,2,0,0,0,0,7,12.6,1.3,0.0,1.4,0.00,0.01,0.01,0.0,0.01,0.01,1.22,7,8.75,,,,0.2,0.0,0.0
207,Mingueza,Oscar,Mingueza,8,2,44,-1,0,a,,,,0.4,2,1.0,16,0,0.1,45,148,0,0,0,1,0,0,0,0,5,3.2,0.4,0.0,0.3,0.00,0.00,0.00,0.0,0.0,0.0,1.86,2,11.25,,,,0.5,0.4,0.4
208,Sarr,Ismaïla,Sarr,8,3,62,-3,0,a,100,,2026-08-22T18:00:07.363165Z,0.2,1,1.0,8,0,0.6,1422,1128,0,0,0,0,0,0,0,0,3,0.0,0.0,0.0,0.0,0.00,0.01,0.01,0.0,0.11,0.11,0.68,0,0.0,2,,,0.2,0.2,0.2
210,Wharton,Adam,Wharton,8,3,55,0,0,a,100,,2026-07-23T12:01:23.498963Z,2.4,12,2.4,436,5,0.7,625,2622,0,0,1,10,1,0,0,0,77,53.0,70.2,5.0,12.9,0.15,0.58,0.73,0.03,0.12,0.15,1.84,41,8.46,,2,,2.2,2.4,2.4
211,Yeremy,Yéremy,Pino Santos,8,3,55,0,0,a,,,,2.8,14,2.8,307,4,0.4,391,1657,0,2,1,6,1,0,0,0,70,20.8,85.8,23.0,13.0,0.52,0.55,1.07,0.15,0.16,0.31,2.03,26,7.62,,1,1,2.5,2.8,2.8
212,Hughes,Will,Hughes,8,3,44,-1,0,a,,,,0.4,2,1.0,29,0,7.5,5182,25717,0,0,0,1,0,0,0,0,9,8.0,15.3,0.0,2.4,0.00,0.04,0.04,0.0,0.12,0.12,3.48,7,21.72,,4,,0.5,0.4,0.4
213,Lerma,Jefferson,Lerma Solís,8,3,49,-1,0,a,,,,0.2,1,0.5,51,0,0.1,33,196,0,0,0,1,1,0,0,0,6,2.2,0.3,0.0,0.3,0.26,0.00,0.26,0.46,0.0,0.46,2.21,12,21.18,,,,0.2,0.2,0.2
214,Kamada,Daichi,Kamada,8,3,50,0,0,a,,,,4.2,21,4.2,441,5,0.5,1710,1666,0,3,1,10,1,0,0,0,109,93.8,77.2,15.0,18.6,0.47,0.38,0.85,0.1,0.08,0.18,1.81,38,7.76,,3,,4.2,4.2,4.2
215,Devenny,Justin,Devenny,8,3,50,0,0,u,0,Has joined Stoke City permanently,2026-09-02T15:41:07.346849Z,0.0,0,0.0,0,0,0.0,0,17,0,0,0,0,0,0,0,0,0,0.0,0.0,0.0,0.0,0.00,0.00,0.00,0,0,0,0,0,0,3,,2,0.0,0.0,0.0
216,Esse,Romain,Esse,8,3,50,0,0,u,0,Has joined Millwall on loan for the rest of the season,2026-09-02T15:41:07.376544Z,0.0,0,0.0,0,0,0.0,0,62,0,0,0,0,0,0,0,0,0,0.0,0.0,0.0,0.0,0.00,0.00,0.00,0,0,0,0,0,0,,,,0.0,0.0,0.0
217,M.França,Matheus,França de Oliveira,8,3,49,-1,0,u,0,Has joined Alverca on loan for the rest of the season,2026-09-11T14:42:19.322912Z,0.0,0,0.0,0,0,0.0,0,76,0,0,0,0,0,0,0,0,0,0.0,0.0,0.0,0.0,0.00,0.00,0.00,0,0,0,0,0,0,,,,0.0,0.0,0.0
218,Doucouré,Cheick,Doucouré,8,3,49,-1,0,a,,,,0.0,0,0.0,0,0,0.0,47,147,0,0,0,0,0,0,0,0,0,0.0,0.0,0.0,0.0,0.00,0.00,0.00,0,0,0,0,0,0,,,,0.0,0.0,0.0
219,J.Rak-Sakyi,Jesurun,Rak-Sakyi,8,3,49,-1,0,u,0,has joined  Kasimpasa on loan for the rest of the seaon.,2026-09-10T09:12:47.224598Z,0.0,0,0.0,0,0,0.0,0,9,0,0,0,0,0,0,0,0,0,0.0,0.0,0.0,0.0,0.00,0.00,0.00,0,0,0,0,0,0,,,,0.0,0.0,0.0
220,Cardines,Rio,Cardines,8,2,45,0,0,u,0,Has joined Bristol City on loan for the rest of the season,2026-08-12T14:08:46.501813Z,0.0,0,0.0,0,0,0.0,0,3,0,0,0,0,0,0,0,0,0,0.0,0.0,0.0,0.0,0.00,0.00,0.00,0,0,0,0,0,0,,,,0.0,0.0,0.0
221,Drakes-Thomas,Joél,Drakes-Thomas,8,3,45,0,0,a,,,,0.0,0,0.0,0,0,0.1,75,227,0,0,0,0,0,0,0,0,0,0.0,0.0,0.0,0.0,0.00,0.00,0.00,0,0,0,0,0,0,,,,0.0,0.0,0.0
222,Strand Larsen,Jørgen,Strand Larsen,8,4,60,0,0,a,,,,2.8,14,2.8,298,3,0.6,2626,2076,1,0,1,5,0,0,0,2,69,49.4,17.4,52.0,12.0,0.43,0.20,0.63,0.13,0.06,0.19,1.86,13,3.93,,,,2.3,2.8,2.8
223,Mateta,Jean-Philippe,Mateta,8,4,63,-2,0,i,0,Hamstring injury - Expected back 11 Oct,2026-08-28T21:00:08.020382Z,0.4,2,2.0,62,1,1.3,98,4895,0,0,0,2,0,0,0,0,-3,1.4,12.3,11.0,2.5,0.70,0.02,0.72,1.02,0.03,1.05,1.42,5,7.26,1,,,0.3,0.0,0.0
224,Nketiah,Eddie,Nketiah,8,4,55,0,0,a,100,,2026-09-12T14:00:09.427136Z,1.6,8,2.0,175,3,0.5,663,1880,0,1,0,7,0,0,0,0,38,34.2,45.8,50.0,13.0,1.10,0.60,1.70,0.57,0.31,0.88,2.32,12,6.17,,,,1.5,1.6,1.6
225,Uche,Christantus,Uche,8,4,50,0,0,u,0,has returned to Getafe CF,2026-07-23T12:18:56.275922Z,0.0,0,0.0,0,0,0.0,0,0,0,0,0,0,0,0,0,0,0,0.0,0.0,0.0,0.0,0.00,0.00,0.00,0,0,0,0,0,0,,,,0.0,0.0,0.0
241,McNeil,Dwight,McNeil,8,3,54,-1,0,a,,,,0.6,3,1.5,84,1,0.1,36,254,0,0,0,3,0,0,0,0,13,10.0,5.0,2.0,1.7,0.05,0.02,0.07,0.05,0.02,0.07,1.26,7,7.5,,,,0.6,0.6,0.6
555,Matthews,Remi,Matthews,8,1,40,0,0,a,,,,0.0,0,0.0,0,0,1.7,593,1638,0,0,0,0,0,0,0,0,0,0.0,0.0,0.0,0.0,0.00,0.00,0.00,0,0,0,0,0,0,,,,0.0,0.0,0.0
577,Tomiyasu,Takehiro,Tomiyasu,8,2,44,-1,0,a,,,,0.6,3,0.8,189,2,0.3,126,362,0,0,0,5,0,0,0,0,10,25.2,5.0,6.0,3.7,0.00,0.03,0.03,0.0,0.01,0.01,1.9,17,8.1,,,,0.7,0.6,0.6
588,Khalaili,Anan,Khalaili,8,2,50,0,0,a,,,,3.8,19,3.8,379,4,0.3,977,500,1,0,1,8,1,0,0,0,54,112.4,46.3,46.0,20.5,0.96,0.33,1.29,0.23,0.08,0.31,2.0,44,10.45,,,,3.8,3.8,3.8
595,Gozo,Zavier,Gozo,8,3,50,0,0,a,,,,0.4,2,1.0,28,0,0.0,12,43,0,0,0,2,0,0,0,0,6,1.4,1.6,0.0,0.3,0.00,0.00,0.00,0.0,0.0,0.0,2.19,1,3.21,,,,0.4,0.4,0.4
633,Ahanor,Honest,Ahanor,8,2,45,0,0,a,,,,1.0,3,3.0,90,1,0.0,87,58,0,0,0,3,0,0,0,0,10,24.6,11.9,4.0,4.1,0.00,0.01,0.01,0.0,0.01,0.01,1.68,11,11.0,,,,0.7,1.0,1.0
643,Chilwell,Ben,Chilwell,8,2,45,0,0,a,,,,2.7,8,4.0,29,0,0.5,309,1700,1,0,0,1,0,0,0,0,21,33.4,4.2,21.0,5.9,0.27,0.01,0.28,0.84,0.03,0.87,3.48,1,3.1,,,,1.8,2.7,2.7
644,Timber,Quinten,Timber,8,3,50,0,0,a,,,,3.0,9,3.0,253,3,0.0,228,161,0,0,1,5,0,0,0,0,45,29.4,5.1,28.0,6.2,0.24,0.06,0.30,0.09,0.02,0.11,1.98,27,9.6,,,,1.8,3.0,3.0
647,Osorio,Darío,Osorio,8,3,55,0,0,a,,,,0.3,1,1.0,1,0,0.0,8,38,0,0,0,0,0,0,0,0,2,2.0,0.3,0.0,0.2,0.00,0.00,0.00,0.0,0.0,0.0,11.7,1,90.0,,,,0.2,0.3,0.3
21,Nørgaard,Christian,Nørgaard,9,3,49,-1,0,i,0,Groin injury - Unknown return date,2026-08-15T20:00:06.779594Z,0.0,0,0.0,0,0,0.0,21,168,0,0,0,0,0,0,0,0,0,0.0,0.0,0.0,0.0,0.00,0.00,0.00,0,0,0,0,0,0,,,,0.0,0.0,0.0
209,Johnson,Brennan,Johnson,9,3,59,-1,0,a,,,,1.8,9,1.8,238,3,0.1,198,401,0,0,2,1,1,0,0,0,26,23.0,52.2,15.0,9.0,1.03,0.22,1.25,0.39,0.08,0.47,1.41,26,9.83,,,,1.5,1.8,1.8
226,Pickford,Jordan,Pickford,9,1,55,0,0,a,,,,5.0,25,5.0,450,5,9.1,16225,7413,0,0,3,3,0,0,15,1,121,84.2,0.0,0.0,8.5,0.00,0.02,0.02,0.0,0.0,0.0,1.39,0,0.0,,,,4.5,5.0,5.0
227,Travers,Mark,Travers,9,1,50,0,0,a,,,,0.0,0,0.0,0,0,0.0,126,126,0,0,0,0,0,0,0,0,0,0.0,0.0,0.0,0.0,0.00,0.00,0.00,0,0,0,0,0,0,,,,0.0,0.0,0.0
228,King,Tom,King,9,1,45,0,0,a,,,,0.0,0,0.0,0,0,0.0,59,80,0,0,0,0,0,0,0,0,0,0.0,0.0,0.0,0.0,0.00,0.00,0.00,0,0,0,0,0,0,,,,0.0,0.0,0.0
229,Tarkowski,James,Tarkowski,9,2,61,1,0,a,,,,8.6,43,8.6,450,5,15.3,116271,8182,1,1,3,3,0,0,0,7,138,113.6,14.9,29.0,15.7,0.18,0.04,0.22,0.04,0.01,0.05,1.39,51,10.2,,,,7.0,8.6,8.6
230,Branthwaite,Jarrad,Branthwaite,9,2,55,0,0,a,,,,5.4,27,5.4,450,5,2.4,10237,3200,0,0,3,3,0,0,0,0,97,112.8,6.3,73.0,19.1,0.17,0.02,0.19,0.03,0.0,0.03,1.39,54,10.8,,,,4.9,5.4,5.4
231,Keane,Michael,Keane,9,2,48,-2,0,a,,,,0.0,0,0.0,0,0,0.7,211,2203,0,0,0,0,0,0,0,0,0,0.0,0.0,0.0,0.0,0.00,0.00,0.00,0,0,0,0,0,0,,,,0.0,0.0,0.0
232,O'Brien,Jake,O'Brien,9,2,48,-2,-1,a,,,,0.4,2,1.0,16,0,0.3,197,614,0,0,0,0,0,0,0,0,5,1.0,0.0,0.0,0.1,0.00,0.00,0.00,0.0,0.0,0.0,2.36,2,11.25,,,,0.4,0.4,0.4
233,Mykolenko,Vitalii,Mykolenko,9,2,46,1,1,a,,,,5.4,27,5.4,450,5,4.2,31542,8243,0,0,3,3,1,0,0,3,109,86.8,28.6,6.0,12.2,0.04,0.16,0.20,0.01,0.03,0.04,1.39,39,7.8,,,,5.9,5.4,5.4
234,Patterson,Nathan,Patterson,9,2,45,0,0,u,0,Has joined Torino permanently,2026-09-02T16:05:23.326971Z,0.0,0,0.0,0,0,0.0,0,68,0,0,0,0,0,0,0,0,0,0.0,0.0,0.0,0.0,0.00,0.00,0.00,0,0,0,0,0,0,,,,0.0,0.0,0.0
235,Aznou,Adam,Aznou,9,2,40,0,0,u,0,Has joined Malaga on loan for the rest of the season,2026-09-01T13:23:16.934847Z,0.0,0,0.0,0,0,0.1,0,304,0,0,0,0,0,0,0,0,0,0.0,0.0,0.0,0.0,0.00,0.00,0.00,0,0,0,0,0,0,,,,0.0,0.0,0.0
236,Dewsbury-Hall,Kiernan,Dewsbury-Hall,9,3,66,1,1,a,,,,4.0,20,4.0,450,5,6.1,26985,27026,1,0,3,3,1,0,0,3,110,101.2,129.6,97.0,32.8,0.99,0.83,1.82,0.2,0.17,0.37,1.35,42,8.4,,2,,3.0,4.0,4.0
238,Grealish,Jack,Grealish,9,3,65,0,0,a,100,,2026-07-29T10:00:10.492904Z,1.2,6,1.5,135,1,0.4,1801,1682,0,0,1,1,0,0,0,0,36,10.4,14.1,12.0,3.7,0.02,0.44,0.46,0.01,0.29,0.3,1.11,13,8.67,,,,0.9,1.2,1.2
239,Garner,James,Garner,9,3,60,0,0,a,100,,2026-09-06T18:00:08.301702Z,2.2,11,2.2,328,4,0.2,861,1181,0,0,2,2,2,0,0,0,71,41.4,49.1,9.0,10.1,0.20,0.17,0.37,0.05,0.05,0.1,0.95,45,12.35,2,1,1,1.8,2.2,2.2
242,George,Tyrique,George,9,3,55,0,0,a,,,,3.8,19,3.8,309,4,0.9,1391,7244,1,0,2,3,0,0,0,3,77,63.6,85.4,71.0,22.0,0.35,0.32,0.67,0.1,0.09,0.19,1.08,18,5.24,,,,3.5,3.8,3.8
243,Alcaraz,Carlos,Alcaraz Durán,9,3,49,-1,0,a,,,,0.2,1,0.5,5,0,0.1,88,212,0,0,0,0,1,0,0,0,5,5.0,0.8,25.0,2.7,0.05,0.02,0.07,0.9,0.36,1.26,0.72,3,54.0,,,,0.2,0.2,0.2
244,Armstrong,Harrison,Armstrong,9,3,50,0,0,a,100,,2026-09-17T08:30:08.942299Z,3.2,16,3.2,446,5,0.4,448,2248,0,1,3,3,2,0,0,0,61,57.6,38.2,15.0,11.2,0.21,0.49,0.70,0.04,0.1,0.14,1.4,40,8.07,,,,3.2,2.4,3.2
245,Dibling,Tyler,Dibling,9,3,54,-1,0,a,,,,0.2,1,1.0,24,0,0.0,77,84,0,0,0,0,0,0,0,0,10,0.0,0.0,0.0,0.0,0.17,0.16,0.33,0.64,0.6,1.24,1.42,0,0.0,,,,0.2,0.2,0.2
246,Röhl,Merlin,Röhl,9,3,49,-1,0,i,0,Unspecified injury - Expected back 11 Oct,2026-09-16T18:00:09.541933Z,1.2,6,2.0,249,3,0.0,5,371,0,0,1,2,1,0,0,0,35,26.6,32.1,2.0,6.1,0.00,0.20,0.20,0.0,0.07,0.07,1.63,24,8.67,,,,1.2,0.0,0.0
247,Hackney,Hayden,Hackney,9,3,54,-1,-1,a,100,,2026-08-26T22:00:07.797766Z,2.0,10,2.0,137,1,0.2,120,672,0,1,1,1,0,0,0,0,39,40.2,49.9,21.0,11.1,0.05,0.13,0.18,0.03,0.09,0.12,2.57,12,7.88,,3,,1.9,2.0,2.0
248,Beto,Norberto Bercique,Gomes Betuncal,9,4,54,-1,0,u,0,Has joined Fiorentina permanently,2026-09-02T16:05:23.357221Z,0.4,2,1.0,31,0,0.6,0,4287,0,0,0,0,0,0,0,0,5,3.0,0.3,5.0,0.8,0.09,0.00,0.09,0.26,0.0,0.26,5.57,1,2.9,,,,0.4,0.0,0.0
249,Barry,Thierno,Barry,9,4,56,1,0,a,,,,4.0,20,4.0,417,5,8.1,41872,20660,2,0,3,3,0,0,0,2,83,51.4,59.7,180.0,29.1,3.50,0.15,3.65,0.76,0.03,0.79,1.08,17,3.67,1,,,3.6,4.0,4.0
649,Maitland-Niles,Ainsley,Maitland-Niles,9,2,45,0,0,a,,,,7.0,21,7.0,177,2,1.2,10559,1914,1,0,2,1,0,0,0,2,75,43.4,12.8,8.0,6.4,0.06,0.25,0.31,0.03,0.13,0.16,1.02,13,6.61,,,,4.7,7.0,7.0
654,Graham,Braiden,Graham,9,3,45,0,0,a,,,,0.0,0,0.0,0,0,0.1,125,545,0,0,0,0,0,0,0,0,0,0.0,0.0,0.0,0.0,0.00,0.00,0.00,0,0,0,0,0,0,,,,0.0,0.0,0.0
250,Leno,Bernd,Leno,10,1,45,0,0,a,,,,3.6,18,3.6,450,5,3.2,18824,4358,0,0,1,8,0,0,16,2,77,93.0,0.0,0.0,9.3,0.00,0.00,0.00,0.0,0.0,0.0,1.82,0,0.0,,,,4.0,3.6,3.6
251,Lecomte,Benjamin,Lecomte,10,1,40,0,0,a,,,,0.0,0,0.0,0,0,1.1,1477,1232,0,0,0,0,0,0,0,0,0,0.0,0.0,0.0,0.0,0.00,0.00,0.00,0,0,0,0,0,0,,,,0.0,0.0,0.0
252,McNally,Alfie,McNally,10,1,40,0,0,u,0,Has joined York City on loan for the rest of the season,2026-09-01T13:25:11.231240Z,0.0,0,0.0,0,0,0.1,0,361,0,0,0,0,0,0,0,0,0,0.0,0.0,0.0,0.0,0.00,0.00,0.00,0,0,0,0,0,0,,,,0.0,0.0,0.0
253,Andersen,Joachim,Andersen,10,2,50,0,0,a,100,,2026-07-23T12:01:23.516350Z,0.6,3,1.0,190,2,0.1,1577,551,0,0,0,5,1,0,0,0,12,42.2,35.8,8.0,8.6,0.00,0.10,0.10,0.0,0.05,0.05,2.06,20,9.47,,,,0.6,0.6,0.6
254,Robinson,Antonee,Robinson,10,2,45,0,0,a,,,,2.4,12,2.4,429,5,1.4,8364,2854,0,0,1,8,0,0,0,0,65,63.6,76.7,18.0,15.8,0.26,0.30,0.56,0.05,0.06,0.11,1.9,31,6.5,2,,,2.7,2.4,2.4
255,J.Cuenca,Jorge,Cuenca Barreno,10,2,45,0,0,a,,,,0.6,3,3.0,90,1,0.0,39,48,0,0,0,3,0,0,0,0,7,32.8,21.3,0.0,5.4,0.00,0.03,0.03,0.0,0.03,0.03,2.24,10,10.0,,,,0.7,0.6,0.6
256,Tete,Kenny,Tete,10,2,44,-1,0,a,100,,2026-09-18T12:30:09.546158Z,0.0,0,0.0,27,0,0.2,9,804,0,0,0,0,1,0,0,0,-1,1.6,0.3,2.0,0.4,0.00,0.00,0.00,0.0,0.0,0.0,2.17,3,10.0,,,,0.0,0.0,0.0
257,Bassey,Calvin,Bassey,10,2,45,0,0,a,,,,3.0,15,3.0,450,5,0.7,2097,764,0,1,1,8,1,0,0,1,69,70.4,13.5,23.0,10.7,0.13,0.08,0.21,0.03,0.02,0.05,1.82,29,5.8,,,,3.3,3.0,3.0
258,Castagne,Timothy,Castagne,10,2,45,0,0,a,,,,4.0,20,4.0,408,5,0.9,9232,2218,0,2,2,7,2,0,0,0,64,69.8,53.4,55.0,17.8,0.67,0.39,1.06,0.15,0.09,0.24,1.5,29,6.4,,,,4.4,4.0,4.0
261,Iwobi,Alex,Iwobi,10,3,54,-1,0,a,,,,2.8,14,2.8,408,5,0.6,1278,1829,0,0,2,7,0,0,0,2,94,39.6,104.2,23.0,16.7,0.39,1.22,1.61,0.09,0.27,0.36,1.8,29,6.4,3,1,1,2.6,2.8,2.8
262,Smith Rowe,Emile,Smith Rowe,10,3,54,-1,0,a,,,,0.6,3,1.0,38,0,0.2,145,720,0,0,0,0,0,0,0,0,11,6.6,23.8,9.0,4.0,0.06,0.02,0.08,0.14,0.05,0.19,2.06,3,7.11,,,,0.6,0.6,0.6
263,Kevin,Kevin,Santos Lopes de Macedo,10,3,53,-2,0,a,,,,0.8,4,1.0,61,0,0.0,94,150,0,0,0,1,0,0,0,0,14,5.4,6.7,1.0,1.3,0.07,0.12,0.19,0.1,0.18,0.28,1.81,8,11.8,,4,,0.8,0.8,0.8
264,Bobb,Oscar,Bobb,10,3,55,0,0,a,,,,2.6,13,2.6,343,5,0.3,1075,935,0,0,3,6,0,0,0,0,53,38.0,115.0,69.0,22.2,0.54,1.14,1.68,0.14,0.3,0.44,1.62,28,7.35,,2,,2.4,2.6,2.6
265,Berge,Sander,Berge,10,3,49,-1,0,a,,,,2.2,11,2.2,349,4,0.3,305,749,0,0,2,5,0,0,0,0,67,41.4,65.6,15.0,12.2,0.08,0.36,0.44,0.02,0.09,0.11,1.9,19,4.9,,,,2.2,2.2,2.2
266,Cairney,Tom,Cairney,10,3,49,-1,0,i,0,Knee injury - Expected back 10 Oct,2026-08-14T18:00:06.460944Z,0.0,0,0.0,0,0,0.0,6,11,0,0,0,0,0,0,0,0,0,0.0,0.0,0.0,0.0,0.00,0.00,0.00,0,0,0,0,0,0,,,,0.0,0.0,0.0
268,King,Josh,King,10,3,55,0,0,a,,,,4.8,24,4.8,425,5,2.3,44212,8666,2,0,2,7,1,0,0,3,109,108.2,60.4,133.0,30.2,1.54,0.46,2.00,0.33,0.1,0.43,1.76,28,5.93,,,,4.4,4.8,4.8
269,Sessegnon,Ryan,Sessegnon,10,2,43,-2,-1,a,100,,2026-09-14T11:30:07.403957Z,0.6,3,1.0,50,0,0.3,60,861,0,0,0,1,0,0,0,0,13,17.2,26.3,31.0,7.5,0.13,0.44,0.57,0.23,0.79,1.02,3.24,3,5.4,,3,,0.7,0.4,0.6
270,Reed,Harrison,Reed,10,3,44,-1,0,a,,,,0.0,0,0.0,0,0,1.1,1628,3856,0,0,0,0,0,0,0,0,0,0.0,0.0,0.0,0.0,0.00,0.00,0.00,0,0,0,0,0,0,,,,0.0,0.0,0.0
271,Muniz,Rodrigo,Muniz Carvalho,10,4,54,-1,0,a,,,,0.6,3,0.8,38,0,0.4,946,1434,0,0,0,1,1,0,0,0,14,11.2,21.9,36.0,6.9,0.40,0.00,0.40,0.95,0.0,0.95,2.01,3,7.11,,,,0.6,0.6,0.6
272,Kusi-Asare,Jonah,Kusi-Asare,10,4,45,0,0,a,,,,0.0,0,0.0,0,0,5.5,5854,18991,0,0,0,0,0,0,0,0,0,0.0,0.0,0.0,0.0,0.00,0.00,0.00,0,0,0,0,0,0,,,,0.0,0.0,0.0
569,Gonzalo,Gonzalo,García,10,4,60,0,0,a,,,,2.8,14,2.8,425,5,3.8,30449,17276,1,0,2,7,0,0,0,0,53,53.0,32.0,113.0,19.8,2.33,0.58,2.91,0.49,0.12,0.61,1.76,18,3.81,1,,,2.3,2.8,2.8
570,Palacios,César,Palacios,10,3,54,-1,0,a,,,,2.4,12,3.0,226,3,0.2,499,510,1,0,0,7,1,0,0,1,48,39.6,22.3,62.0,12.4,0.98,0.03,1.01,0.39,0.01,0.4,2.17,17,6.77,,,,2.2,2.4,2.4
580,Charles,Shea,Charles,10,3,50,0,0,a,,,,2.6,13,2.6,303,3,0.1,247,191,0,0,1,5,0,0,0,0,60,45.4,42.7,14.0,10.2,0.09,0.16,0.25,0.03,0.05,0.08,1.98,46,13.66,,,,2.6,2.6,2.6
610,De Fougerolles,Luc,De Fougerolles,10,2,40,0,0,u,0,has joined  Real Salt Lake on loan for the rest of the seaon.,2026-08-28T11:30:08.336405Z,0.0,0,0.0,0,0,0.1,0,296,0,0,0,0,0,0,0,0,0,0.0,0.0,0.0,0.0,0.00,0.00,0.00,0,0,0,0,0,0,,,,0.0,0.0,0.0
626,Zepa,Macaulay,Zepa,10,3,45,0,0,a,,,,0.0,0,0.0,0,0,0.3,62,1289,0,0,0,0,0,0,0,0,0,0.0,0.0,0.0,0.0,0.00,0.00,0.00,0,0,0,0,0,0,,,,0.0,0.0,0.0
635,Larsson,Hugo,Larsson,10,3,50,0,0,a,,,,1.0,3,1.0,37,0,0.0,51,43,0,0,0,1,0,0,0,0,9,3.6,1.8,9.0,1.5,0.13,0.23,0.36,0.32,0.56,0.88,2.14,6,14.59,,,,0.6,1.0,1.0
636,Ángel,Manuel Ángel,Morán Ibáñez,10,3,50,0,0,a,,,,0.0,0,0.0,0,0,0.0,14,11,0,0,0,0,0,0,0,0,0,0.0,0.0,0.0,0.0,0.00,0.00,0.00,0,0,0,0,0,0,,,,0.0,0.0,0.0
650,Affengruber,David,Affengruber,10,2,45,0,0,a,,,,4.0,12,6.0,180,2,0.0,1244,220,0,0,1,1,0,0,0,0,40,18.6,3.3,0.0,2.2,0.00,0.02,0.02,0.0,0.01,0.01,1.44,23,11.5,,,,2.7,4.0,4.0
240,Iroegbunam,Tim,Iroegbunam,11,3,50,0,0,a,100,,2026-08-15T20:00:06.878792Z,0.4,2,0.7,70,0,0.0,45,83,0,0,0,0,1,0,0,0,10,3.0,0.2,0.0,0.3,0.12,0.01,0.13,0.15,0.01,0.16,0.77,9,11.57,,,,0.4,0.4,0.4
273,Phillips,Dillon,Phillips,11,1,40,0,0,a,,,,0.0,0,0.0,0,0,1.4,1283,1669,0,0,0,0,0,0,0,0,0,0.0,0.0,0.0,0.0,0.00,0.00,0.00,0,0,0,0,0,0,,,,0.0,0.0,0.0
274,Butland,Jack,Butland,11,1,45,0,0,i,0,Arm injury - Unknown return date,2026-08-08T19:00:05.601633Z,0.0,0,0.0,0,0,0.1,40,156,0,0,0,0,0,0,0,0,0,0.0,0.0,0.0,0.0,0.00,0.00,0.00,0,0,0,0,0,0,,,,0.0,0.0,0.0
275,Cartwright,Harvey,Cartwright,11,1,40,0,0,u,0,Has joined Grimsby Town on loan for the rest of the season,2026-07-29T13:00:27.959925Z,0.0,0,0.0,0,0,0.0,0,15,0,0,0,0,0,0,0,0,0,0.0,0.0,0.0,0.0,0.00,0.00,0.00,0,0,0,0,0,0,,,,0.0,0.0,0.0
276,Lo-Tutala,Thimothée,Lo-Tutala,11,1,40,0,0,u,0,Has joined Colchester United on loan for the rest of the season,2026-08-17T13:50:27.125537Z,0.0,0,0.0,0,0,0.0,0,57,0,0,0,0,0,0,0,0,0,0.0,0.0,0.0,0.0,0.00,0.00,0.00,0,0,0,0,0,0,,,,0.0,0.0,0.0
277,Egan,John,Egan,11,2,41,1,0,a,,,,5.2,26,5.2,437,5,7.1,16228,15707,0,0,3,4,1,0,0,1,71,96.8,1.1,8.0,10.7,0.05,0.00,0.05,0.01,0.0,0.01,1.5,59,12.15,,,,6.3,5.2,5.2
278,Hughes,Charlie,Hughes,11,2,39,-1,0,i,0,Groin injury - Unknown return date,2026-08-02T09:00:11.030017Z,0.0,0,0.0,0,0,0.2,754,985,0,0,0,0,0,0,0,0,0,0.0,0.0,0.0,0.0,0.00,0.00,0.00,0,0,0,0,0,0,,,,0.0,0.0,0.0
279,Ajayi,Semi,Ajayi,11,2,42,2,0,a,100,,2026-08-22T17:30:07.668197Z,5.4,27,5.4,423,5,14.2,29289,32333,1,0,3,4,1,0,0,2,79,76.2,3.0,41.0,12.0,0.66,0.01,0.67,0.14,0.0,0.14,1.37,27,5.74,,,,6.4,5.4,5.4
280,Coyle,Lewie,Coyle,11,2,40,0,0,a,100,,2026-08-29T16:30:08.151841Z,2.8,14,2.8,348,5,0.7,1303,1052,0,0,2,4,1,0,0,0,49,17.4,27.1,5.0,5.0,0.13,0.07,0.20,0.03,0.02,0.05,1.61,11,2.84,,,,3.5,2.8,2.8
281,Drameh,Cody,Drameh,11,2,40,0,0,u,0,Has joined Genoa permanently,2026-09-02T16:09:06.479140Z,0.4,2,1.0,65,0,0.0,0,130,0,0,0,0,0,0,0,0,8,6.4,0.4,1.0,0.8,0.05,0.00,0.05,0.07,0.0,0.07,1.2,6,8.31,,,,0.5,0.0,0.0
282,Giles,Ryan,Giles,11,2,40,0,0,a,,,,4.8,24,4.8,444,5,2.9,14665,7376,0,1,3,4,1,0,0,2,94,70.6,93.7,6.0,17.1,0.02,0.43,0.45,0.0,0.09,0.09,1.49,24,4.86,,3,1,6.0,4.8,4.8
283,Jacob,Matty,Jacob,11,2,40,0,0,u,0,Has joined Newport County on loan until January,2026-08-02T09:00:11.038361Z,0.0,0,0.0,0,0,0.0,0,14,0,0,0,0,0,0,0,0,0,0.0,0.0,0.0,0.0,0.00,0.00,0.00,0,0,0,0,0,0,,,,0.0,0.0,0.0
284,McCarthy,Cathal,McCarthy,11,2,40,0,0,a,,,,0.0,0,0.0,0,0,0.1,224,239,0,0,0,0,0,0,0,0,0,0.0,0.0,0.0,0.0,0.00,0.00,0.00,0,0,0,0,0,0,,,,0.0,0.0,0.0
285,McNair,Paddy,McNair,11,2,40,0,0,a,100,,2026-09-09T13:30:08.327907Z,0.2,1,1.0,26,0,0.1,112,212,0,0,0,0,0,0,0,0,3,4.2,0.0,0.0,0.4,0.00,0.00,0.00,0.0,0.0,0.0,3.32,2,6.92,,,,0.2,0.2,0.2
286,Belloumi,Mohamed,Belloumi,11,3,51,1,0,a,,,,6.2,31,6.2,394,5,4.7,41676,13679,2,2,3,3,1,0,0,2,111,124.8,38.4,59.0,22.2,0.72,0.43,1.15,0.16,0.1,0.26,1.47,44,10.05,,2,2,6.1,6.2,6.2
287,Millar,Liam,Millar,11,3,50,0,0,u,0,Has joined Birmingham on loan for the rest of the season,2026-09-02T15:36:41.038103Z,1.2,6,3.0,50,0,0.0,0,166,1,0,0,0,1,0,0,0,26,36.0,1.1,15.0,5.2,0.58,0.00,0.58,1.04,0.0,1.04,1.57,4,7.2,,,,1.2,0.0,0.0
288,Dowell,Kieran,Dowell,11,3,45,0,0,a,,,,0.0,0,0.0,0,0,0.3,318,1127,0,0,0,0,0,0,0,0,0,0.0,0.0,0.0,0.0,0.00,0.00,0.00,0,0,0,0,0,0,,,,0.0,0.0,0.0
289,Crooks,Matt,Crooks,11,3,44,-1,-1,a,100,,2026-08-29T15:00:08.569326Z,0.6,3,1.0,203,3,0.5,2868,2371,0,0,1,4,3,0,0,0,17,30.0,2.8,0.0,3.2,0.00,0.12,0.12,0.0,0.05,0.05,1.58,21,9.31,,,,0.7,0.6,0.6
290,Slater,Regan,Slater,11,3,45,0,0,a,,,,3.0,15,3.0,437,5,5.3,9112,22521,0,1,3,4,1,0,0,0,67,58.0,61.3,17.0,13.7,0.21,0.59,0.80,0.04,0.12,0.16,1.5,33,6.8,,1,,3.3,3.0,3.0
291,Matazo,Eliot,Matazo,11,3,45,0,0,i,0,Knee injury - Unknown return date,2026-07-23T12:01:23.532635Z,0.0,0,0.0,0,0,0.0,16,34,0,0,0,0,0,0,0,0,0,0.0,0.0,0.0,0.0,0.00,0.00,0.00,0,0,0,0,0,0,,,,0.0,0.0,0.0
292,Ömür,Abdülkadir,Ömür,11,3,49,-1,0,a,,,,0.0,0,0.0,0,0,0.0,48,77,0,0,0,0,0,0,0,0,0,0.0,0.0,0.0,0.0,0.00,0.00,0.00,0,0,0,0,0,0,,,,0.0,0.0,0.0
293,Kamara,Abu,Kamara,11,3,50,0,0,u,0,Has joined Portsmouth permanently,2026-08-12T14:08:23.542043Z,0.0,0,0.0,0,0,0.0,0,8,0,0,0,0,0,0,0,0,0,0.0,0.0,0.0,0.0,0.00,0.00,0.00,0,0,0,0,0,0,,,,0.0,0.0,0.0
294,Zambrano,Óscar,Zambrano,11,3,45,0,0,a,100,,2026-08-04T18:30:11.016909Z,0.0,0,0.0,0,0,0.1,87,287,0,0,0,0,0,0,0,0,0,0.0,0.0,0.0,0.0,0.00,0.00,0.00,0,0,0,0,0,0,,,,0.0,0.0,0.0
295,McBurnie,Oli,McBurnie,11,4,55,0,0,a,,,,2.6,13,2.6,441,5,1.9,4496,11208,0,2,3,4,3,0,0,0,52,44.2,56.5,94.0,19.4,1.23,0.13,1.36,0.25,0.03,0.28,1.47,21,4.29,1,,,2.4,2.6,2.6
296,Akintola,David,Akintola,11,3,50,0,0,u,0,Has joined Omonoia FC permanently,2026-09-11T14:42:38.120231Z,0.0,0,0.0,0,0,0.0,0,156,0,0,0,0,0,0,0,0,0,0.0,0.0,0.0,0.0,0.00,0.00,0.00,0,0,0,0,0,0,,,,0.0,0.0,0.0
297,Gyabi,Darko,Gyabi,11,3,45,0,0,i,0,Thigh injury - Unknown return date,2026-08-04T18:30:11.027155Z,0.0,0,0.0,0,0,0.0,12,64,0,0,0,0,0,0,0,0,0,0.0,0.0,0.0,0.0,0.00,0.00,0.00,0,0,0,0,0,0,,,,0.0,0.0,0.0
298,Destan,Enis,Destan,11,4,45,0,0,u,0,Has joined Konyaspor permanently,2026-08-17T13:50:27.145733Z,0.0,0,0.0,0,0,0.2,0,747,0,0,0,0,0,0,0,0,0,0.0,0.0,0.0,0.0,0.00,0.00,0.00,0,0,0,0,0,0,,,,0.0,0.0,0.0
299,Burstow,Mason,Burstow,11,4,45,0,0,u,0,Has joined Sheffield Wednesday on loan for the rest of the season,2026-08-03T14:05:20.234842Z,0.0,0,0.0,0,0,0.0,0,142,0,0,0,0,0,0,0,0,0,0.0,0.0,0.0,0.0,0.00,0.00,0.00,0,0,0,0,0,0,,,,0.0,0.0,0.0
340,Gelhardt,Joe,Gelhardt,11,3,50,0,0,a,100,,2026-08-17T21:30:07.799839Z,0.2,1,1.0,7,0,0.0,51,57,0,0,0,0,0,0,0,0,5,0.0,0.0,0.0,0.0,0.10,0.02,0.12,1.29,0.26,1.55,1.67,1,12.86,,,,0.2,0.2,0.2
556,Targett,Matt,Targett,11,2,40,0,0,d,75,Ankle injury - 75% chance of playing,2026-09-17T14:00:26.419938Z,0.2,1,1.0,5,0,1.7,60,5661,0,0,0,0,0,0,0,0,3,0.4,0.0,0.0,0.0,0.00,0.00,0.00,0.0,0.0,0.0,1.26,0,0.0,,,,0.2,0.2,0.2
563,Morita,Hidemasa,Morita,11,3,50,0,0,i,0,Calf injury - Expected back 11 Oct,2026-09-09T14:00:08.474217Z,0.2,1,1.0,45,1,0.0,7,82,0,0,0,0,0,0,0,0,6,11.0,13.4,0.0,2.4,0.00,0.00,0.00,0.0,0.0,0.0,2.18,3,6.0,,,,0.2,0.0,0.0
572,Tzolakis,Konstantinos,Tzolakis,11,1,46,1,0,a,,,,6.8,34,6.8,450,5,12.1,58915,10296,0,0,3,4,1,0,17,6,129,101.8,0.0,0.0,10.2,0.00,0.00,0.00,0.0,0.0,0.0,1.48,0,0.0,,,,7.4,6.8,6.8
574,Hjertø-Dahl,Jens,Hjertø-Dahl,11,3,49,-1,0,a,,,,0.2,1,1.0,8,0,0.1,43,179,0,0,0,0,0,0,0,0,4,0.0,0.0,0.0,0.0,0.00,0.00,0.00,0.0,0.0,0.0,0.0,1,11.25,,,,0.2,0.2,0.2
576,Stroud,Elliot,Stroud,11,3,50,0,0,a,,,,1.4,7,1.8,249,4,0.1,73,250,0,0,2,1,1,0,0,0,17,8.4,22.7,12.0,3.8,0.06,0.05,0.11,0.02,0.02,0.04,1.56,20,7.23,,,,1.4,1.4,1.4
585,Herrington,Lucas,Herrington,11,2,40,0,0,a,,,,1.0,5,1.0,197,1,0.6,583,849,0,0,0,3,0,0,0,0,19,19.2,0.7,0.0,2.0,0.02,0.04,0.06,0.01,0.02,0.03,1.54,16,7.31,,,,1.2,1.0,1.0
586,Mendy,Nobel,Mendy,11,2,41,1,0,a,100,,2026-09-12T18:00:09.334142Z,5.0,25,6.2,249,4,6.3,3467,24966,1,0,2,1,0,0,0,1,69,108.2,1.4,54.0,16.4,0.32,0.00,0.32,0.12,0.0,0.12,1.45,39,14.1,,,,6.1,0.0,5.0
589,Gourna-Douath,Lucas,Gourna-Douath,11,3,50,0,0,a,,,,0.8,4,1.3,138,1,0.0,21,55,0,0,1,0,1,0,0,0,18,26.2,22.5,0.0,4.9,0.03,0.03,0.06,0.02,0.02,0.04,1.47,17,11.09,,,,0.8,0.8,0.8
617,Cho,Mohamed-Ali,Cho,11,3,50,0,0,a,,,,2.2,9,2.2,72,0,0.0,203,74,1,0,0,1,0,0,0,0,36,10.6,18.8,38.0,6.8,0.79,0.36,1.15,0.99,0.45,1.44,1.22,2,2.5,,,,1.8,2.2,2.2
632,Ansah,Ilyas,Ansah,11,4,50,0,0,i,0,Back injury - Unknown return date,2026-09-09T10:00:08.919489Z,0.0,0,0.0,0,0,0.0,39,237,0,0,0,0,0,0,0,0,0,0.0,0.0,0.0,0.0,0.00,0.00,0.00,0,0,0,0,0,0,,,,0.0,0.0,0.0
637,Vaz,Robinio,Vaz,11,4,50,0,0,a,,,,0.7,2,1.0,20,0,0.1,1012,596,0,0,0,0,0,0,0,0,8,0.0,0.5,0.0,0.0,0.00,0.01,0.01,0.0,0.04,0.04,1.4,2,9.0,,,,0.4,0.7,0.7
638,Norton-Cuffy,Brooke,Norton-Cuffy,11,2,40,0,0,a,,,,0.3,1,0.5,34,0,0.3,399,991,0,0,0,0,1,0,0,0,3,2.2,0.6,9.0,1.2,0.05,0.00,0.05,0.13,0.0,0.13,0.79,1,2.65,,,,0.2,0.3,0.3
642,Thomas,Sorba,Thomas,11,3,55,0,0,a,,,,1.3,4,1.3,119,1,0.0,229,184,0,0,0,3,0,0,0,0,13,8.8,25.6,4.0,3.8,0.21,0.11,0.32,0.16,0.08,0.24,1.54,8,6.05,,,,0.7,1.3,1.3
645,Mouzakitis,Christos,Mouzakitis,11,3,50,0,0,a,,,,0.0,0,0.0,0,0,0.0,41,52,0,0,0,0,0,0,0,0,0,0.0,0.0,0.0,0.0,0.00,0.00,0.00,0,0,0,0,0,0,,,,0.0,0.0,0.0
259,Diop,Issa,Diop,12,2,40,0,0,a,,,,2.4,12,2.4,450,5,13.0,3933,30379,0,0,0,11,0,0,0,0,45,90.2,13.7,4.0,10.8,0.06,0.16,0.22,0.01,0.03,0.04,1.8,45,9.0,,,,3.0,2.4,2.4
267,Lukić,Saša,Lukić,12,3,49,-1,-1,a,,,,2.2,11,2.2,400,5,0.1,106,300,0,1,0,10,2,0,0,0,68,61.4,64.4,6.0,13.2,0.02,0.41,0.43,0.0,0.09,0.09,1.66,37,8.32,,1,,2.2,2.2,2.2
300,Walton,Christian,Walton,12,1,44,-1,0,a,,,,0.4,2,2.0,90,1,0.4,856,435,0,0,0,1,0,0,1,0,10,0.0,0.0,0.0,0.0,0.00,0.01,0.01,0.0,0.01,0.01,2.24,0,0.0,,,,0.5,0.4,0.4
301,Palmer,Alex,Palmer,12,1,40,0,0,a,,,,0.0,0,0.0,0,0,3.9,2243,6300,0,0,0,0,0,0,0,0,0,0.0,0.0,0.0,0.0,0.00,0.00,0.00,0,0,0,0,0,0,,,,0.0,0.0,0.0
302,Button,David,Button,12,1,40,0,0,a,,,,0.0,0,0.0,0,0,0.6,939,666,0,0,0,0,0,0,0,0,0,0.0,0.0,0.0,0.0,0.00,0.00,0.00,0,0,0,0,0,0,,,,0.0,0.0,0.0
303,Kipré,Cédric,Kipré,12,2,39,-1,0,a,,,,0.0,0,0.0,0,0,0.9,2724,2221,0,0,0,0,0,0,0,0,0,0.0,0.0,0.0,0.0,0.00,0.00,0.00,0,0,0,0,0,0,,,,0.0,0.0,0.0
304,O'Shea,Dara,O'Shea,12,2,40,0,0,a,,,,2.0,10,2.0,450,5,2.7,1035,7191,0,0,0,11,0,0,0,0,24,101.4,60.5,19.0,18.0,0.07,0.26,0.33,0.01,0.05,0.06,1.8,48,9.6,,,,2.5,2.0,2.0
305,Davis,Leif,Davis,12,2,40,0,0,a,,,,5.0,25,5.0,450,5,6.9,28617,12509,2,2,0,11,0,0,0,1,52,134.4,55.6,108.0,29.9,1.59,0.46,2.05,0.32,0.09,0.41,1.8,24,4.8,,,2,6.2,5.0,5.0
306,Greaves,Jacob,Greaves,12,2,40,0,0,a,,,,0.6,3,0.8,357,4,1.1,252,1824,0,0,0,10,1,0,0,0,12,68.6,16.9,4.0,9.0,0.00,0.06,0.06,0.0,0.02,0.02,1.7,30,7.56,,,,0.8,0.6,0.6
307,Johnson,Ben,Johnson,12,2,40,0,0,u,0,Has joined Stoke City on loan for the rest of the season,2026-09-04T12:36:56.236331Z,0.0,0,0.0,0,0,0.1,0,214,0,0,0,0,0,0,0,0,0,0.0,0.0,0.0,0.0,0.00,0.00,0.00,0,0,0,0,0,0,,,,0.0,0.0,0.0
308,Furlong,Darnell,Furlong,12,2,39,-1,0,a,,,,0.2,1,1.0,17,0,0.6,3781,1374,0,0,0,1,0,0,0,0,-1,5.0,0.5,0.0,0.6,0.00,0.00,0.00,0.0,0.0,0.0,4.55,3,15.88,,,,0.3,0.2,0.2
309,Núñez,Marcelino,Núñez,12,3,49,-1,0,a,,,,1.2,6,3.0,140,2,0.1,48,359,0,0,0,4,0,0,0,0,32,24.6,19.4,6.0,5.0,0.03,0.05,0.08,0.02,0.03,0.05,2.24,21,13.5,,3,1,1.2,1.2,1.2
310,Matusiwa,Azor,Matusiwa,12,3,49,-1,0,a,100,,2026-07-29T18:00:10.305484Z,0.0,0,0.0,0,0,0.0,7,9,0,0,0,0,0,0,0,0,0,0.0,0.0,0.0,0.0,0.00,0.00,0.00,0,0,0,0,0,0,,,,0.0,0.0,0.0
311,Burns,Wes,Burns,12,3,50,0,0,u,0,Has joined Leicester City permanently,2026-08-10T14:02:47.597478Z,0.0,0,0.0,0,0,0.0,0,5,0,0,0,0,0,0,0,0,0,0.0,0.0,0.0,0.0,0.00,0.00,0.00,0,0,0,0,0,0,,,,0.0,0.0,0.0
312,Taylor,Jack,Taylor,12,3,44,-1,-1,i,0,Knee injury - Unknown return date,2026-07-29T18:00:10.319370Z,0.0,0,0.0,0,0,0.0,202,125,0,0,0,0,0,0,0,0,0,0.0,0.0,0.0,0.0,0.00,0.00,0.00,0,0,0,0,0,0,,,,0.0,0.0,0.0
313,Clarke,Jack,Clarke,12,3,54,-1,0,a,,,,2.2,11,2.8,170,2,0.2,71,563,1,0,0,2,1,0,0,1,48,42.0,25.3,43.0,11.0,0.30,0.37,0.67,0.16,0.2,0.36,1.04,10,5.29,1,4,3,2.0,2.2,2.2
314,Ogbene,Chiedozie,Ogbene,12,3,49,-1,0,u,0,Has joined Lincoln City on loan until January,2026-09-02T16:04:17.497385Z,0.0,0,0.0,0,0,0.0,0,37,0,0,0,0,0,0,0,0,0,0.0,0.0,0.0,0.0,0.00,0.00,0.00,0,0,0,0,0,0,,,,0.0,0.0,0.0
315,Fatawu,Abdul,Fatawu,12,3,54,-1,0,s,0,Suspended until 17 Oct,2026-09-19T15:30:10.126897Z,1.6,8,1.6,352,5,0.2,42,1447,0,1,0,10,2,1,0,0,71,61.6,114.9,20.0,19.7,0.17,1.11,1.28,0.04,0.28,0.32,1.99,28,7.16,,2,,1.5,1.6,0.0
316,Emersonn,Emersonn,Correia da Silva,12,4,55,0,0,a,100,,2026-08-31T09:30:08.306145Z,5.2,26,5.2,317,5,3.4,21043,13486,2,1,0,6,0,0,0,6,110,96.4,49.8,83.0,22.9,1.61,0.12,1.73,0.46,0.03,0.49,1.22,10,2.84,2,,,4.7,5.2,5.2
317,Hirst,George,Hirst,12,4,50,0,0,u,0,Has joined Stoke City permanently,2026-08-21T13:06:08.606019Z,0.0,0,0.0,0,0,0.1,0,243,0,0,0,0,0,0,0,0,0,0.0,0.0,0.0,0.0,0.00,0.00,0.00,0,0,0,0,0,0,,,,0.0,0.0,0.0
318,Philogene,Jaden,Philogene,12,3,54,-1,0,a,100,,2026-08-25T11:30:07.532993Z,0.4,2,1.0,52,0,0.1,15,81,0,0,0,1,0,0,0,0,11,3.4,0.8,9.0,1.3,0.08,0.01,0.08,0.14,0.02,0.16,1.68,4,6.92,3,5,,0.4,0.4,0.4
319,Szmodics,Sam,Szmodics,12,3,50,0,0,u,0,Has joined Derby County on loan for the rest of the season,2026-08-17T13:51:41.713979Z,0.0,0,0.0,0,0,0.0,0,3,0,0,0,0,0,0,0,0,0,0.0,0.0,0.0,0.0,0.00,0.00,0.00,0,0,0,0,0,0,,,,0.0,0.0,0.0
320,Akpom,Chuba,Akpom,12,4,50,0,0,a,,,,1.4,7,2.3,78,0,1.2,3142,5755,1,0,0,4,0,0,0,0,36,34.6,1.7,19.0,5.5,1.14,0.00,1.14,1.32,0.0,1.32,4.85,3,3.46,,,,1.4,1.4,1.4
321,Walle Egeli,Sindre,Walle Egeli,12,4,45,0,0,a,,,,0.2,1,1.0,10,0,3.6,10150,15484,0,0,0,0,0,0,0,0,3,0.0,0.1,0.0,0.0,0.00,0.00,0.00,0.0,0.0,0.0,0.27,0,0.0,,,,0.2,0.2,0.2
322,Al-Hamadi,Ali,Al-Hamadi,12,4,50,0,0,u,0,Has joined Sheffield Wednesday on loan for the rest of the season,2026-08-27T14:54:10.215357Z,0.0,0,0.0,0,0,0.1,0,205,0,0,0,0,0,0,0,0,0,0.0,0.0,0.0,0.0,0.00,0.00,0.00,0,0,0,0,0,0,,,,0.0,0.0,0.0
323,McAteer,Kasey,McAteer,12,3,45,0,0,a,,,,0.6,3,1.0,42,0,1.0,292,3812,0,0,0,0,0,0,0,0,12,4.6,1.8,7.0,1.4,0.05,0.00,0.05,0.11,0.0,0.11,0.45,5,10.71,,,,0.7,0.6,0.6
324,Mehmeti,Anis,Mehmeti,12,3,48,-2,-1,a,,,,0.0,0,0.0,0,0,0.0,39,73,0,0,0,0,0,0,0,0,0,0.0,0.0,0.0,0.0,0.00,0.00,0.00,0,0,0,0,0,0,,,,0.0,0.0,0.0
554,Van Oevelen,Kayne,van Oevelen,12,1,45,0,0,u,0,Has joined Valencia on loan for the rest of the season,2026-08-25T14:04:09.529320Z,0.0,0,0.0,0,0,0.0,0,46,0,0,0,0,0,0,0,0,0,0.0,0.0,0.0,0.0,0.00,0.00,0.00,0,0,0,0,0,0,,,,0.0,0.0,0.0
562,Maeda,Daizen,Maeda,12,3,53,-2,-1,a,,,,1.6,8,1.6,259,3,0.2,68,892,0,0,0,8,0,0,0,0,32,28.8,5.2,43.0,7.4,0.71,0.02,0.73,0.25,0.01,0.26,2.1,20,6.95,,,,1.5,1.6,1.6
564,Scherpen,Kjell,Scherpen,12,1,45,0,0,a,,,,1.4,7,1.8,360,4,0.6,316,1526,0,0,0,10,0,0,15,0,40,103.6,0.0,0.0,10.3,0.00,0.01,0.01,0.0,0.0,0.0,1.68,0,0.0,,,,1.6,1.4,1.4
571,Florentino,Florentino Ibrain,Morris Luís,12,3,48,-2,-1,a,100,,2026-08-25T11:30:07.678802Z,0.4,2,1.0,30,0,0.1,37,184,0,0,0,0,0,0,0,0,9,9.0,21.3,2.0,3.2,0.00,0.01,0.01,0.0,0.03,0.03,2.25,2,6.0,,,,0.4,0.4,0.4
591,Enciso,Julio,Enciso,12,3,55,0,0,a,100,,2026-08-22T18:00:07.551930Z,3.0,15,3.0,413,5,0.8,1122,3892,0,2,0,11,1,0,0,0,83,55.8,62.7,75.0,19.4,1.26,0.89,2.15,0.27,0.19,0.46,1.85,31,6.76,,,,2.7,3.0,3.0
592,Ouattara,Abdoul,Ouattara,12,2,40,0,0,a,,,,1.2,6,1.2,131,1,0.9,395,1144,0,0,0,2,0,0,0,0,29,11.6,24.8,0.0,3.6,0.02,0.03,0.05,0.01,0.02,0.03,2.15,11,7.56,,,,1.5,1.2,1.2
602,Humphreys,Cameron,Humphreys,12,3,45,0,0,u,0,Has joined Huddersfield Town on loan for the rest of the season,2026-09-02T16:04:17.524642Z,0.0,0,0.0,0,0,0.0,0,142,0,0,0,0,0,0,0,0,0,0.0,0.0,0.0,0.0,0.00,0.00,0.00,0,0,0,0,0,0,,,,0.0,0.0,0.0
619,Palacios,Exequiel,Palacios,12,3,50,0,0,a,,,,2.8,11,2.8,275,3,0.1,328,448,0,0,0,7,0,0,0,0,64,45.4,40.4,4.0,9.0,0.00,0.09,0.09,0.0,0.03,0.03,1.73,44,14.4,,,,2.2,2.8,2.8
640,Flemming,Zian,Flemming,12,4,55,0,0,a,,,,2.0,6,2.0,60,0,0.1,497,596,1,0,0,1,1,0,0,0,34,38.2,1.8,51.0,9.1,0.64,0.01,0.65,0.96,0.02,0.98,0.94,5,7.5,,,,1.1,2.0,2.0
260,Wilson,Harry,Wilson,13,3,62,-3,0,i,0,Thigh injury - Unknown return date,2026-09-18T13:30:09.626858Z,1.0,5,1.2,145,1,1.8,36,25710,0,0,1,1,1,0,0,0,19,19.2,52.4,12.0,8.5,0.01,0.09,0.10,0.01,0.06,0.07,2.04,11,6.83,,2,2,0.8,0.0,0.0
326,Perri,Lucas Estella,Perri,13,1,45,0,0,u,0,Has joined Torino on loan for the rest of the season,2026-09-01T13:12:39.210133Z,0.0,0,0.0,0,0,0.3,0,627,0,0,0,0,0,0,0,0,0,0.0,0.0,0.0,0.0,0.00,0.00,0.00,0,0,0,0,0,0,,,,0.0,0.0,0.0
327,Bijol,Jaka,Bijol,13,2,50,0,0,a,,,,2.4,12,4.0,164,2,0.7,444,3145,0,0,1,2,0,0,0,2,29,38.2,0.6,15.0,5.4,0.11,0.00,0.11,0.06,0.0,0.06,1.73,21,11.52,,,,2.4,2.4,2.4
329,Rodon,Joe,Rodon,13,2,43,-2,-1,i,0,Hamstring injury - Expected back 21 Nov,2026-08-30T16:00:08.564382Z,1.4,7,3.5,123,2,0.8,23,5625,0,0,1,0,0,0,0,0,25,23.0,14.7,7.0,4.5,0.03,0.06,0.09,0.02,0.04,0.06,0.74,11,8.05,,,,1.6,0.0,0.0
330,Bogle,Jayden,Bogle,13,2,46,1,0,a,,,,8.4,42,8.4,365,5,6.5,67462,11510,2,0,4,1,2,0,0,6,122,108.8,32.6,108.0,24.9,1.38,0.08,1.46,0.34,0.02,0.36,0.71,16,3.95,,,,9.1,8.4,8.4
331,Gudmundsson,Gabriel,Gudmundsson,13,2,45,0,0,a,100,,2026-08-08T20:00:07.546568Z,2.8,14,4.7,252,3,0.1,240,130,0,0,2,1,0,0,0,0,62,22.6,9.8,6.0,3.9,0.00,0.21,0.21,0.0,0.08,0.08,1.37,14,5.0,,,,3.1,2.8,2.8
332,Justin,James,Justin,13,2,45,0,0,a,,,,5.2,26,5.2,450,5,1.5,1909,3273,0,0,2,3,0,0,0,4,91,84.4,41.2,36.0,16.1,0.22,0.42,0.64,0.04,0.08,0.12,1.29,44,8.8,,,,5.8,5.2,5.2
333,Bornauw,Sebastiaan,Bornauw,13,2,45,0,0,u,0,Has joined Hamburg SV on loan for the rest of the season,2026-08-19T13:56:14.645970Z,0.0,0,0.0,0,0,0.0,0,4,0,0,0,0,0,0,0,0,0,0.0,0.0,0.0,0.0,0.00,0.00,0.00,0,0,0,0,0,0,,,,0.0,0.0,0.0
334,Muharemović,Tarik,Muharemović,13,2,50,0,0,a,,,,5.4,27,5.4,450,5,4.3,12776,10216,0,1,2,3,0,0,0,0,101,133.4,12.7,23.0,16.9,0.49,0.05,0.54,0.1,0.01,0.11,1.29,58,11.6,,,,5.4,5.4,5.4
335,Stach,Anton,Stach,13,3,60,0,0,a,,,,5.4,27,5.4,447,5,2.5,2592,12145,1,0,3,2,0,0,0,3,86,99.8,76.2,51.0,22.7,0.97,0.31,1.28,0.2,0.06,0.26,1.24,61,12.28,,1,1,4.5,5.4,5.4
336,Okafor,Noah,Okafor,13,3,58,-2,0,a,,,,3.6,18,3.6,299,4,0.4,989,1921,1,0,3,1,0,0,0,1,82,59.2,39.9,37.0,13.6,0.17,0.27,0.44,0.05,0.08,0.13,0.71,18,5.42,,,,3.1,3.6,3.6
337,Aaronson,Brenden,Aaronson,13,3,53,-2,-1,a,,,,1.4,7,1.4,194,2,0.5,108,2029,0,0,1,3,0,0,0,0,36,10.4,3.0,9.0,2.3,0.01,0.02,0.03,0.0,0.01,0.01,1.75,15,6.96,,,4,1.3,1.4,1.4
338,Ampadu,Ethan,Ampadu,13,3,54,-1,0,a,,,,4.2,21,4.2,450,5,0.9,721,2830,0,1,2,3,0,0,0,0,87,69.8,42.9,5.0,11.8,0.08,0.26,0.34,0.02,0.05,0.07,1.29,60,12.0,,,,3.9,4.2,4.2
339,Longstaff,Sean,Longstaff,13,3,49,-1,0,a,,,,0.4,2,1.0,10,0,0.1,80,351,0,0,0,1,0,0,0,0,7,0.0,0.2,0.0,0.0,0.00,0.00,0.00,0.0,0.0,0.0,3.15,0,0.0,,3,3,0.4,0.4,0.4
341,Gnonto,Wilfried,Gnonto,13,3,50,0,0,u,0,Has joined ACF Fiorentina on loan for the rest of the season,2026-09-02T16:04:47.189648Z,0.0,0,0.0,0,0,0.0,0,35,0,0,0,0,0,0,0,0,0,0.0,0.0,0.0,0.0,0.00,0.00,0.00,0,0,0,0,0,0,,,,0.0,0.0,0.0
342,Harrison,Jack,Harrison,13,3,50,0,0,u,0,Has joined New England Revolution permanently,2026-07-28T12:59:09.492431Z,0.0,0,0.0,0,0,0.0,0,3,0,0,0,0,0,0,0,0,0,0.0,0.0,0.0,0.0,0.00,0.00,0.00,0,0,0,0,0,0,,,,0.0,0.0,0.0
343,James,Daniel,James,13,3,49,-1,0,a,,,,0.6,3,1.0,52,0,0.1,102,320,0,0,0,1,0,0,0,0,9,0.0,1.1,15.0,1.4,0.35,0.01,0.36,0.61,0.02,0.63,2.79,5,8.65,,,,0.6,0.6,0.6
344,Gruev,Ilia,Gruev,13,3,50,0,0,a,100,,2026-08-14T23:00:06.272027Z,0.0,0,0.0,0,0,0.0,24,3,0,0,0,0,0,0,0,0,0,0.0,0.0,0.0,0.0,0.00,0.00,0.00,0,0,0,0,0,0,,,,0.0,0.0,0.0
345,Tanaka,Tanaka,Ao,13,3,49,-1,0,a,,,,2.8,14,3.5,255,3,0.3,1143,1201,0,2,2,1,1,0,0,0,48,50.0,17.1,15.0,8.2,0.73,0.05,0.78,0.26,0.02,0.28,1.14,29,10.24,,4,,2.9,2.8,2.8
346,Calvert-Lewin,Dominic,Calvert-Lewin,13,4,60,0,0,a,,,,4.4,22,4.4,419,5,25.3,57710,95305,2,1,3,2,3,0,0,4,73,93.8,28.3,134.0,25.1,3.00,0.08,3.08,0.64,0.02,0.66,1.04,22,4.73,1,,,3.7,4.4,4.4
347,Nmecha,Lukas,Nmecha,13,4,54,-1,0,a,,,,1.4,7,1.8,64,0,0.5,1051,2098,0,1,0,1,0,0,0,0,28,18.4,22.4,15.0,5.5,0.27,0.15,0.42,0.38,0.21,0.59,4.08,4,5.62,2,,,1.3,1.4,1.4
348,Piroe,Joël,Piroe,13,4,50,0,0,u,0,Has joined West Ham United on loan for the rest of the season,2026-08-19T13:56:14.666726Z,0.0,0,0.0,0,0,0.1,0,233,0,0,0,0,0,0,0,0,0,0.0,0.0,0.0,0.0,0.00,0.00,0.00,0,0,0,0,0,0,3,,,0.0,0.0,0.0
349,Mateo Joseph,Mateo,Joseph Fernández-Regatillo,13,4,45,0,0,i,0,Knee injury - Unknown return date,2026-07-29T18:00:10.338170Z,0.0,0,0.0,0,0,0.1,189,278,0,0,0,0,0,0,0,0,0,0.0,0.0,0.0,0.0,0.00,0.00,0.00,0,0,0,0,0,0,,,,0.0,0.0,0.0
385,Trafford,James,Trafford,13,1,50,0,0,a,,,,5.6,28,5.6,450,5,5.4,8052,7688,0,0,2,3,0,0,20,5,117,120.8,0.0,0.0,12.1,0.00,0.00,0.00,0.0,0.0,0.0,1.29,0,0.0,,,,5.6,5.6,5.6
598,Elvedi,Nico,Elvedi,13,2,45,0,0,a,,,,2.6,13,3.2,326,3,0.1,108,106,0,0,1,3,0,0,0,0,56,62.2,23.1,22.0,10.8,0.12,0.58,0.70,0.03,0.16,0.19,1.5,29,8.01,,,,2.9,2.6,2.6
603,Lienou,Jayden,Lienou,13,2,40,0,0,a,,,,0.0,0,0.0,0,0,0.1,142,275,0,0,0,0,0,0,0,0,0,0.0,0.0,0.0,0.0,0.00,0.00,0.00,0,0,0,0,0,0,,,,0.0,0.0,0.0
604,Cresswell,Alfie,Cresswell,13,3,45,0,0,a,,,,0.0,0,0.0,0,0,0.1,190,498,0,0,0,0,0,0,0,0,0,0.0,0.0,0.0,0.0,0.00,0.00,0.00,0,0,0,0,0,0,,,,0.0,0.0,0.0
625,Cairns,Alex,Cairns,13,1,40,0,0,a,,,,0.0,0,0.0,0,0,0.2,511,401,0,0,0,0,0,0,0,0,0,0.0,0.0,0.0,0.0,0.00,0.00,0.00,0,0,0,0,0,0,,,,0.0,0.0,0.0
629,Zetterer,Michael,Zetterer,13,1,40,0,0,a,,,,0.0,0,0.0,0,0,0.7,1819,1392,0,0,0,0,0,0,0,0,0,0.0,0.0,0.0,0.0,0.00,0.00,0.00,0,0,0,0,0,0,,,,0.0,0.0,0.0
641,Bard,Melvin,Bard,13,2,45,0,0,a,,,,0.3,1,1.0,18,0,0.0,50,44,0,0,0,1,0,0,0,0,1,4.4,10.3,0.0,1.5,0.00,0.00,0.00,0.0,0.0,0.0,1.5,2,10.0,,,,0.2,0.3,0.3
648,Bahoya,Jean-Mattéo,Bahoya,13,3,50,0,0,a,,,,0.3,1,1.0,1,0,0.0,58,113,0,0,0,0,0,0,0,0,5,0.0,0.0,0.0,0.0,0.00,0.00,0.00,0.0,0.0,0.0,0.0,0,0.0,,,,0.2,0.3,0.3
350,A.Becker,Alisson,Becker,14,1,55,0,0,a,,,,5.4,27,5.4,450,5,3.9,5191,5782,0,0,3,4,1,0,14,5,96,76.8,0.0,0.0,7.7,0.00,0.00,0.00,0.0,0.0,0.0,1.22,0,0.0,,,,4.9,5.4,5.4
351,Mamardashvili,Giorgi,Mamardashvili,14,1,49,-1,0,a,,,,0.0,0,0.0,0,0,0.1,138,332,0,0,0,0,0,0,0,0,0,0.0,0.0,0.0,0.0,0.00,0.00,0.00,0,0,0,0,0,0,,,,0.0,0.0,0.0
352,Woodman,Freddie,Woodman,14,1,40,0,0,a,,,,0.0,0,0.0,0,0,1.0,445,1279,0,0,0,0,0,0,0,0,0,0.0,0.0,0.0,0.0,0.00,0.00,0.00,0,0,0,0,0,0,,,,0.0,0.0,0.0
353,Pecsi,Armin,Pecsi,14,1,40,0,0,u,0,Has joined TSV Hartberg on loan for the rest of the season,2026-08-18T14:11:18.638344Z,0.0,0,0.0,0,0,0.0,0,29,0,0,0,0,0,0,0,0,0,0.0,0.0,0.0,0.0,0.00,0.00,0.00,0,0,0,0,0,0,,,,0.0,0.0,0.0
354,Jaros,Vitezslav,Jaros,14,1,40,0,0,i,0,Knee injury - Unknown return date,2026-07-29T18:00:10.351066Z,0.0,0,0.0,0,0,0.0,131,80,0,0,0,0,0,0,0,0,0,0.0,0.0,0.0,0.0,0.00,0.00,0.00,0,0,0,0,0,0,,,,0.0,0.0,0.0
355,Davies,Harvey,Davies,14,1,40,0,0,a,,,,0.0,0,0.0,0,0,0.2,144,221,0,0,0,0,0,0,0,0,0,0.0,0.0,0.0,0.0,0.00,0.00,0.00,0,0,0,0,0,0,,,,0.0,0.0,0.0
356,Virgil,Virgil,van Dijk,14,2,65,0,0,a,,,,5.0,25,5.0,450,5,16.3,10063,23129,0,0,3,4,1,0,0,0,96,99.2,20.5,26.0,14.6,0.25,0.08,0.33,0.05,0.02,0.07,1.22,48,9.6,,,,3.8,5.0,5.0
357,Frimpong,Jeremie,Frimpong,14,2,53,-2,0,a,,,,0.4,2,0.7,178,2,1.8,851,6806,0,0,0,4,1,0,0,0,24,39.4,76.5,16.0,13.2,0.01,0.23,0.24,0.01,0.12,0.13,1.98,12,6.07,,,,0.4,0.4,0.4
358,Kerkez,Milos,Kerkez,14,2,54,-1,0,a,,,,2.6,13,2.6,385,4,2.3,1276,5750,0,0,2,4,2,0,0,0,63,65.6,45.0,12.0,12.3,0.07,0.08,0.15,0.02,0.02,0.04,1.32,30,7.01,,,,2.4,2.6,2.6
359,Gomez,Joe,Gomez,14,2,49,-1,0,a,100,,2026-07-26T08:30:10.078473Z,0.0,0,0.0,0,0,0.0,170,57,0,0,0,0,0,0,0,0,0,0.0,0.0,0.0,0.0,0.00,0.00,0.00,0,0,0,0,0,0,,,,0.0,0.0,0.0
360,Bradley,Conor,Bradley,14,2,50,0,0,i,0,Knee injury - Unknown return date,2026-07-23T12:01:23.565711Z,0.0,0,0.0,0,0,0.0,27,37,0,0,0,0,0,0,0,0,0,0.0,0.0,0.0,0.0,0.00,0.00,0.00,0,0,0,0,0,0,,,,0.0,0.0,0.0
361,Lucky,Wellity,Lucky,14,2,40,0,0,a,,,,0.0,0,0.0,0,0,0.1,162,269,0,0,0,0,0,0,0,0,0,0.0,0.0,0.0,0.0,0.00,0.00,0.00,0,0,0,0,0,0,,,,0.0,0.0,0.0
362,Jacquet,Jeremy,Jacquet,14,2,50,0,0,a,100,,2026-07-23T12:01:23.581126Z,4.8,24,4.8,415,5,3.3,14653,6713,0,0,3,4,1,0,0,3,112,86.2,42.8,4.0,13.3,0.00,0.14,0.14,0.0,0.03,0.03,1.19,36,7.81,,,,4.8,4.8,4.8
363,Leoni,Giovanni,Leoni,14,2,40,0,0,i,0,Knee injury - Unknown return date,2026-07-23T12:01:23.596909Z,0.0,0,0.0,0,0,0.0,49,102,0,0,0,0,0,0,0,0,0,0.0,0.0,0.0,0.0,0.00,0.00,0.00,0,0,0,0,0,0,,,,0.0,0.0,0.0
364,Tsimikas,Kostas,Tsimikas,14,2,49,-1,0,a,,,,0.4,2,1.0,64,1,0.1,46,213,0,0,0,0,0,0,0,0,6,6.4,2.9,9.0,1.8,0.04,0.02,0.06,0.06,0.03,0.09,0.66,3,4.22,,,,0.4,0.4,0.4
365,Ramsay,Calvin,Ramsay,14,2,40,0,0,u,0,Has joined St Mirren on loan for the rest of the season,2026-08-26T14:05:26.748768Z,0.0,0,0.0,0,0,0.1,0,232,0,0,0,0,0,0,0,0,0,0.0,0.0,0.0,0.0,0.00,0.00,0.00,0,0,0,0,0,0,,,,0.0,0.0,0.0
366,Wirtz,Florian,Wirtz,14,3,73,-2,0,a,,,,3.6,18,3.6,402,5,5.9,1269,26131,0,2,3,4,1,0,0,0,92,51.8,108.0,85.0,24.5,1.00,0.40,1.40,0.22,0.09,0.31,1.08,36,8.06,4,3,2,2.5,3.6,3.6
367,Gakpo,Cody,Gakpo,14,3,72,2,0,a,100,,2026-09-09T18:30:08.772955Z,6.4,32,6.4,370,4,12.6,27786,46694,1,3,2,4,0,0,0,5,113,117.6,105.8,63.0,28.6,0.64,1.71,2.35,0.16,0.42,0.58,1.34,32,7.78,3,2,,4.4,6.4,6.4
368,Szoboszlai,Dominik,Szoboszlai,14,3,70,0,0,a,,,,4.0,20,4.0,440,5,33.6,18994,125366,1,0,3,4,1,0,0,1,103,107.2,173.4,55.0,33.6,1.42,0.82,2.24,0.29,0.17,0.46,1.23,41,8.39,1,1,1,2.9,4.0,4.0
369,Ngumoha,Rio,Ngumoha,14,3,57,-3,-1,a,,,,0.8,4,1.3,99,1,0.5,421,2447,0,0,0,2,0,0,0,0,13,4.4,8.1,11.0,2.1,0.15,0.05,0.20,0.14,0.05,0.19,0.62,4,3.64,,,,0.7,0.8,0.8
370,Chiesa,Federico,Chiesa,14,3,53,-2,-1,i,0,Back injury - Unknown return date,2026-08-27T13:30:07.598926Z,0.0,0,0.0,0,0,0.0,8,130,0,0,0,0,0,0,0,0,0,0.0,0.0,0.0,0.0,0.00,0.00,0.00,0,0,0,0,0,0,,,,0.0,0.0,0.0
371,Gravenberch,Ryan,Gravenberch,14,3,58,-2,-1,a,,,,1.8,9,1.8,190,2,1.1,662,4952,0,1,0,2,0,0,0,0,51,50.6,41.2,6.0,9.8,0.10,0.08,0.18,0.05,0.04,0.09,0.96,25,11.84,,,,1.6,1.8,1.8
372,Mac Allister,Alexis,Mac Allister,14,3,54,-1,0,a,,,,2.2,11,2.2,306,3,1.3,2016,3711,0,0,2,2,1,0,0,0,59,44.2,44.3,22.0,11.0,0.10,0.49,0.59,0.03,0.14,0.17,1.43,41,12.06,5,,,2.0,2.2,2.2
373,C.Jones,Curtis,Jones,14,3,55,0,0,u,0,Has joined Internazionale permanently,2026-08-16T18:30:07.426408Z,0.0,0,0.0,0,0,0.0,0,29,0,0,0,0,0,0,0,0,0,0.0,0.0,0.0,0.0,0.00,0.00,0.00,0,0,0,0,0,0,,,,0.0,0.0,0.0
374,Endo,Endo,Wataru,14,3,49,-1,0,a,100,,2026-07-23T12:01:23.612529Z,0.0,0,0.0,0,0,0.1,79,221,0,0,0,0,0,0,0,0,0,0.0,0.0,0.0,0.0,0.00,0.00,0.00,0,0,0,0,0,0,,,,0.0,0.0,0.0
375,Nyoni,Trey,Nyoni,14,3,49,-1,0,a,,,,0.6,3,1.0,38,0,0.0,43,169,0,0,0,0,0,0,0,0,9,6.6,2.3,0.0,0.9,0.00,0.00,0.00,0.0,0.0,0.0,0.85,10,23.68,,,,0.6,0.6,0.6
376,Bajcetic,Stefan,Bajčetić Maquieira,14,3,50,0,0,u,0,Has joined Celta Vigo permanently,2026-07-23T12:01:23.628373Z,0.0,0,0.0,0,0,0.0,0,1,0,0,0,0,0,0,0,0,0,0.0,0.0,0.0,0.0,0.00,0.00,0.00,0,0,0,0,0,0,,,,0.0,0.0,0.0
377,Munoz,Victor,Munoz,14,3,65,0,0,a,,,,3.0,15,3.0,257,3,0.9,791,7033,1,1,1,2,1,0,0,0,60,50.4,31.4,86.0,16.8,0.52,0.31,0.83,0.18,0.11,0.29,1.62,16,5.6,,,,2.3,3.0,3.0
378,McConnell,James,McConnell,14,3,44,-1,0,a,,,,0.0,0,0.0,0,0,0.2,630,750,0,0,0,0,0,0,0,0,0,0.0,0.0,0.0,0.0,0.00,0.00,0.00,0,0,0,0,0,0,,,,0.0,0.0,0.0
379,Isak,Alexander,Isak,14,4,91,1,0,a,,,,6.6,33,6.6,413,5,22.1,55253,40326,4,0,3,4,1,0,0,8,133,113.6,34.1,176.0,32.3,3.54,0.08,3.62,0.77,0.02,0.79,1.27,7,1.53,2,,,3.6,6.6,6.6
380,Ekitiké,Hugo,Ekitiké,14,4,74,-1,0,i,0,Achilles injury - Unknown return date,2026-07-23T12:01:23.643771Z,0.0,0,0.0,0,0,0.1,186,439,0,0,0,0,0,0,0,0,0,0.0,0.0,0.0,0.0,0.00,0.00,0.00,0,0,0,0,0,0,,,,0.0,0.0,0.0
381,Koumas,Lewis,Koumas,14,3,50,0,0,a,,,,0.6,3,1.0,22,0,0.0,71,81,0,0,0,0,0,0,0,0,14,1.2,0.5,7.0,0.9,0.28,0.00,0.28,1.15,0.0,1.15,2.95,1,4.09,,,,0.6,0.6,0.6
382,Danns,Jayden,Danns,14,4,45,0,0,a,100,,2026-07-23T12:01:23.659279Z,0.0,0,0.0,0,0,0.2,2075,1266,0,0,0,0,0,0,0,0,0,0.0,0.0,0.0,0.0,0.00,0.00,0.00,0,0,0,0,0,0,,,,0.0,0.0,0.0
383,Elliott,Harvey,Elliott,14,3,54,-1,0,u,0,Has joined Valencia on loan for the rest of the season,2026-09-02T16:05:49.104326Z,0.0,0,0.0,0,0,0.0,0,119,0,0,0,0,0,0,0,0,0,0.0,0.0,0.0,0.0,0.00,0.00,0.00,0,0,0,0,0,0,,,,0.0,0.0,0.0
579,Araujo,Ronald,Araujo,14,2,54,-1,0,a,,,,4.4,22,4.4,284,3,3.0,8600,5459,0,0,3,0,1,0,0,1,81,48.8,7.7,4.0,6.0,0.00,0.06,0.06,0.0,0.02,0.02,0.87,24,7.61,,,,4.1,4.4,4.4
627,Barcola,Bradley,Barcola,14,3,80,0,0,a,,,,2.3,7,2.3,168,2,1.9,4615,10822,0,0,2,0,0,0,0,0,22,8.6,24.1,10.0,4.3,0.26,0.13,0.39,0.14,0.07,0.21,0.77,8,4.29,,,,0.9,2.3,2.3
155,Enzo,Enzo,Fernández,15,3,69,-1,0,a,,,,2.6,13,3.2,271,3,3.5,15683,7414,1,0,2,3,1,0,0,0,73,24.0,51.6,33.0,10.8,0.35,0.53,0.88,0.12,0.18,0.3,1.78,21,6.97,,,,1.9,2.6,2.6
237,Ndiaye,Iliman,Ndiaye,15,3,58,-2,-1,a,,,,4.4,22,4.4,385,4,6.9,4055,44607,0,2,2,4,0,0,0,1,110,70.2,74.0,70.0,21.5,0.38,0.58,0.96,0.09,0.14,0.23,2.2,44,10.29,,,,3.8,4.4,4.4
384,Donnarumma,Gianluigi,Donnarumma,15,1,55,0,0,a,,,,3.8,19,3.8,450,5,7.7,6564,15937,0,0,2,5,0,0,14,0,84,81.0,0.0,0.0,8.2,0.00,0.00,0.00,0.0,0.0,0.0,1.45,0,0.0,,,,3.5,3.8,3.8
386,Bettinelli,Marcus,Bettinelli,15,1,45,0,0,a,,,,0.0,0,0.0,0,0,0.0,30,42,0,0,0,0,0,0,0,0,0,0.0,0.0,0.0,0.0,0.00,0.00,0.00,0,0,0,0,0,0,,,,0.0,0.0,0.0
387,O'Reilly,Nico,O'Reilly,15,2,64,-1,0,a,100,,2026-09-05T18:00:06.379802Z,1.2,6,1.5,163,2,11.2,2856,41056,0,0,0,2,0,0,0,0,22,12.4,38.7,16.0,6.7,0.87,0.43,1.30,0.48,0.24,0.72,1.16,5,2.76,,,,0.9,1.2,1.2
388,Guéhi,Marc,Guéhi,15,2,60,0,0,a,,,,6.0,30,6.0,450,5,18.4,13957,25842,1,1,2,5,0,0,0,4,114,113.2,43.5,32.0,18.8,0.95,0.39,1.34,0.19,0.08,0.27,1.45,29,5.8,,,,5.0,6.0,6.0
389,Matheus N.,Matheus,Nunes,15,2,59,-1,0,a,100,,2026-08-27T11:30:08.171622Z,2.2,11,3.7,213,2,1.0,973,1391,0,0,1,3,0,0,0,1,38,35.0,3.0,4.0,4.2,0.00,0.06,0.06,0.0,0.03,0.03,1.97,21,8.87,4,,,1.9,2.2,2.2
390,Rúben,Rúben,dos Santos Gato Alves Dias,15,2,55,0,0,a,,,,3.4,17,3.4,450,5,1.9,2599,4560,0,0,2,5,0,0,0,0,72,89.4,47.0,39.0,17.5,0.29,0.74,1.03,0.06,0.15,0.21,1.45,26,5.2,,,,3.1,3.4,3.4
391,Gvardiol,Joško,Gvardiol,15,2,57,2,0,a,,,,7.4,37,7.4,434,5,26.4,84396,25157,1,3,2,5,1,0,0,6,135,110.4,52.1,30.0,19.3,0.22,0.74,0.96,0.05,0.15,0.2,1.5,31,6.43,,,,6.5,7.4,7.4
392,Aït-Nouri,Rayan,Aït-Nouri,15,2,53,-2,0,a,,,,0.0,0,0.0,0,0,0.4,293,1190,0,0,0,0,0,0,0,0,0,0.0,0.0,0.0,0.0,0.00,0.00,0.00,0,0,0,0,0,0,,,,0.0,0.0,0.0
393,Khusanov,Abdukodir,Khusanov,15,2,54,-1,0,a,,,,1.8,9,3.0,268,3,1.4,809,5064,0,0,1,2,1,0,0,0,53,51.6,12.6,4.0,6.8,0.00,0.06,0.06,0.0,0.02,0.02,0.9,17,5.71,,,,1.7,1.8,1.8
394,Alleyne,Max,Alleyne,15,2,50,0,0,u,0,Has joined Burnley on loan for the rest of the season,2026-08-18T14:11:56.324656Z,0.0,0,0.0,0,0,0.0,0,8,0,0,0,0,0,0,0,0,0,0.0,0.0,0.0,0.0,0.00,0.00,0.00,0,0,0,0,0,0,,,,0.0,0.0,0.0
395,Lewis,Rico,Lewis,15,2,44,-1,0,a,,,,0.2,1,1.0,56,1,0.2,163,643,0,0,0,1,0,0,0,0,-1,3.8,3.8,39.0,4.7,0.17,0.02,0.19,0.27,0.03,0.3,0.88,2,3.21,,,,0.2,0.2,0.2
396,Vitor Reis,Vitor,de Oliveira Nunes dos Reis,15,2,45,0,0,a,,,,0.2,1,1.0,1,0,0.0,43,82,0,0,0,0,0,0,0,0,3,1.2,0.9,0.0,0.2,0.00,0.00,0.00,0.0,0.0,0.0,0.0,0,0.0,,,,0.2,0.2,0.2
397,Semenyo,Antoine,Semenyo,15,3,84,-1,0,a,,,,6.6,33,6.6,450,5,15.1,60938,28541,2,3,2,5,0,0,0,2,147,59.8,113.9,88.0,26.2,0.33,1.16,1.49,0.07,0.23,0.3,1.45,22,4.4,2,,,3.9,6.6,6.6
398,Foden,Phil,Foden,15,3,69,-1,0,s,0,Suspended until 17 Oct,2026-09-13T17:00:09.433455Z,1.8,9,2.2,217,3,1.9,86,17882,0,2,0,2,1,1,0,1,52,57.6,122.3,45.0,22.3,1.61,0.88,2.49,0.67,0.36,1.03,0.79,14,5.81,,2,2,1.3,0.0,0.0
399,Cherki,Rayan,Cherki,15,3,78,3,0,a,,,,6.8,34,6.8,302,4,28.0,54024,55782,3,2,1,4,1,0,0,5,150,123.0,155.4,81.0,36.0,0.72,1.54,2.26,0.21,0.46,0.67,1.49,12,3.58,,1,1,4.4,6.8,6.8
400,Doku,Jérémy,Doku,15,3,74,-1,0,a,100,,2026-08-18T17:00:08.385597Z,0.2,1,1.0,15,0,0.7,1237,978,0,0,0,0,0,0,0,0,7,0.0,0.0,0.0,0.0,0.23,0.32,0.55,1.38,1.92,3.3,2.52,2,12.0,3,,,0.1,0.2,0.2
402,Rodrigo,Rodrigo 'Rodri',Hernandez Cascante,15,3,65,0,0,u,0,Has joined Barcelona permanently,2026-07-23T12:01:23.675537Z,0.0,0,0.0,0,0,0.0,0,11,0,0,0,0,0,0,0,0,0,0.0,0.0,0.0,0.0,0.00,0.00,0.00,0,0,0,0,0,0,,,,0.0,0.0,0.0
404,Reijnders,Tijjani,Reijnders,15,3,60,0,0,u,0,Has joined Al Qadsiah permanently,2026-08-20T14:02:58.154273Z,0.0,0,0.0,0,0,0.0,0,50,0,0,0,0,0,0,0,0,0,0.0,0.0,0.0,0.0,0.00,0.00,0.00,0,0,0,0,0,0,,,,0.0,0.0,0.0
406,Kovačić,Mateo,Kovačić,15,3,54,-1,0,a,,,,0.4,2,1.0,42,0,0.1,48,262,0,0,0,0,0,0,0,0,12,4.2,5.2,0.0,0.9,0.00,0.02,0.02,0.0,0.04,0.04,0.21,2,4.29,,,,0.4,0.4,0.4
407,Echeverri,Claudio,Echeverri,15,3,49,-1,0,u,0,Has joined Benfica on loan for the rest of the season,2026-09-03T15:41:24.710479Z,0.0,0,0.0,0,0,0.0,0,27,0,0,0,0,0,0,0,0,0,0.0,0.0,0.0,0.0,0.00,0.00,0.00,0,0,0,0,0,0,,,,0.0,0.0,0.0
408,Phillips,Kalvin,Phillips,15,3,50,0,0,u,0,Has joined Sheffield United on loan for the rest of the season,2026-08-18T14:11:56.348781Z,0.0,0,0.0,0,0,0.0,0,7,0,0,0,0,0,0,0,0,0,0.0,0.0,0.0,0.0,0.00,0.00,0.00,0,0,0,0,0,0,,,,0.0,0.0,0.0
409,Mukasa,Divine,Mukasa,15,3,45,0,0,u,0,has joined West Ham on loan for the rest of the seaon.,2026-09-03T10:34:10.733520Z,0.0,0,0.0,0,0,0.1,0,325,0,0,0,0,0,0,0,0,0,0.0,0.0,0.0,0.0,0.00,0.00,0.00,0,0,0,0,0,0,,,,0.0,0.0,0.0
410,Monga,Jeremy,Monga,15,3,49,-1,0,u,0,Has joined Swansea City on loan for the rest of the season,2026-09-02T16:02:01.136760Z,0.0,0,0.0,0,0,0.0,0,29,0,0,0,0,0,0,0,0,0,0.0,0.0,0.0,0.0,0.00,0.00,0.00,0,0,0,0,0,0,,,,0.0,0.0,0.0
411,Haaland,Erling,Haaland,15,4,156,1,0,a,,,,7.8,39,7.8,450,5,73.5,40743,10250,5,0,2,5,0,0,0,9,167,155.6,20.5,201.0,37.7,4.42,0.53,4.95,0.88,0.11,0.99,1.45,20,4.0,1,,,2.5,7.8,7.8
481,Anderson,Elliot,Anderson,15,3,63,-2,0,a,100,,2026-08-23T17:00:07.952697Z,3.0,15,3.0,413,5,4.1,4348,15591,0,0,2,5,1,0,0,0,95,74.0,72.4,18.0,16.5,0.11,0.67,0.78,0.02,0.15,0.17,1.56,54,11.77,,3,,2.4,3.0,3.0
587,Rulli,Gerónimo,Rulli,15,1,50,0,0,a,,,,0.0,0,0.0,0,0,0.0,36,54,0,0,0,0,0,0,0,0,0,0.0,0.0,0.0,0.0,0.00,0.00,0.00,0,0,0,0,0,0,,,,0.0,0.0,0.0
616,Bouaddi,Ayyoub,Bouaddi,15,3,55,0,0,a,,,,0.5,2,1.0,22,0,0.2,508,1218,0,0,0,0,0,0,0,0,8,13.0,4.8,0.0,1.8,0.00,0.12,0.12,0.0,0.49,0.49,1.51,6,24.55,,,,0.4,0.5,0.5
621,McAidoo,Ryan,McAidoo,15,3,45,0,0,a,,,,0.5,2,1.0,11,0,0.1,117,606,0,0,0,0,0,0,0,0,8,5.2,0.5,3.0,0.8,0.10,0.00,0.10,0.82,0.0,0.82,0.16,4,32.73,,,,0.4,0.5,0.5
622,Braithwaite,Kaden,Braithwaite,15,2,40,0,0,a,,,,0.2,1,1.0,1,0,0.2,334,846,0,0,0,0,0,0,0,0,3,0.6,0.8,0.0,0.1,0.00,0.00,0.00,0.0,0.0,0.0,0.0,0,0.0,,,,0.2,0.2,0.2
628,Allan,Allan,Andrade Elias,15,3,60,0,0,a,,,,0.0,0,0.0,0,0,0.0,127,85,0,0,0,0,0,0,0,0,0,0.0,0.0,0.0,0.0,0.00,0.00,0.00,0,0,0,0,0,0,,,,0.0,0.0,0.0
653,Samba,Floyd,Samba,15,3,45,0,0,a,,,,0.0,0,0.0,0,0,0.0,160,254,0,0,0,0,0,0,0,0,0,0.0,0.0,0.0,0.0,0.00,0.00,0.00,0,0,0,0,0,0,,,,0.0,0.0,0.0
43,Tielemans,Youri,Tielemans,16,3,58,-2,0,a,100,,2026-07-23T12:01:23.321726Z,2.8,14,2.8,402,5,1.5,1514,6077,0,0,0,8,0,0,0,0,93,69.0,90.3,37.0,19.7,0.65,0.52,1.17,0.15,0.12,0.27,1.38,43,9.63,3,,,2.4,2.8,2.8
131,Baleba,Carlos,Baleba,16,3,49,-1,0,a,100,,2026-08-06T16:00:10.997714Z,0.0,0,0.0,0,0,0.1,462,448,0,0,0,0,0,0,0,0,0,0.0,0.0,0.0,0.0,0.00,0.00,0.00,0,0,0,0,0,0,,,,0.0,0.0,0.0
162,Andrey Santos,Andrey,Nascimento dos Santos,16,3,48,-2,0,a,,,,0.8,4,1.3,82,1,0.6,594,2873,0,0,0,4,0,0,0,0,23,24.8,5.5,8.0,3.9,0.00,0.24,0.24,0.0,0.26,0.26,2.23,18,19.76,,,,0.8,0.8,0.8
325,Darlow,Karl,Darlow,16,1,45,0,0,a,100,,2026-07-23T12:01:23.549136Z,0.0,0,0.0,0,0,0.0,43,76,0,0,0,0,0,0,0,0,0,0.0,0.0,0.0,0.0,0.00,0.00,0.00,0,0,0,0,0,0,,,,0.0,0.0,0.0
412,Lammens,Senne,Lammens,16,1,49,-1,0,a,,,,2.2,11,2.2,450,5,10.1,3448,27897,0,0,0,8,0,0,16,0,58,85.6,0.0,0.0,8.6,0.00,0.00,0.00,0.0,0.0,0.0,1.36,0,0.0,,,,2.2,2.2,2.2
413,Bayindir,Altay,Bayındır,16,1,45,0,0,u,0,Has joined Celta Vigo on loan for the rest of the season,2026-08-10T14:02:28.608415Z,0.0,0,0.0,0,0,0.0,0,18,0,0,0,0,0,0,0,0,0,0.0,0.0,0.0,0.0,0.00,0.00,0.00,0,0,0,0,0,0,,,,0.0,0.0,0.0
414,Heaton,Tom,Heaton,16,1,40,0,0,i,0,Hamstring injury - Unknown return date,2026-08-15T16:00:07.854151Z,0.0,0,0.0,0,0,0.1,125,136,0,0,0,0,0,0,0,0,0,0.0,0.0,0.0,0.0,0.00,0.00,0.00,0,0,0,0,0,0,,,,0.0,0.0,0.0
415,Dorgu,Patrick,Dorgu,16,3,58,-2,0,a,,,,2.0,10,2.0,171,2,0.5,507,2295,0,1,0,6,1,0,0,0,27,30.8,32.9,61.0,11.5,0.78,0.09,0.87,0.41,0.05,0.46,1.78,20,10.53,,,,1.7,2.0,2.0
416,De Ligt,Matthijs,de Ligt,16,2,50,0,0,i,0,Back injury - Unknown return date,2026-07-23T12:01:23.690880Z,0.0,0,0.0,0,0,0.0,35,56,0,0,0,0,0,0,0,0,0,0.0,0.0,0.0,0.0,0.00,0.00,0.00,0,0,0,0,0,0,,,,0.0,0.0,0.0
417,Dalot,Diogo,Dalot Teixeira,16,2,49,-1,0,a,,,,1.6,8,1.6,346,4,1.6,633,4056,0,0,0,4,1,0,0,0,46,35.0,92.7,42.0,17.1,0.24,0.23,0.47,0.06,0.06,0.12,1.22,16,4.16,,,,1.6,1.6,1.6
418,Maguire,Harry,Maguire,16,2,49,-1,0,a,,,,2.0,10,2.0,450,5,8.9,2199,42586,0,1,0,8,2,0,0,0,50,68.8,33.0,38.0,14.0,0.20,0.46,0.66,0.04,0.09,0.13,1.36,31,6.2,,,,2.0,2.0,2.0
419,Martinez,Lisandro,Martínez,16,2,50,0,0,a,100,,2026-07-24T20:00:10.337107Z,1.2,6,1.5,360,4,1.3,2027,3126,0,0,0,6,0,0,0,0,29,54.0,5.5,10.0,7.0,0.21,0.16,0.37,0.05,0.04,0.09,1.45,20,5.0,,,,1.2,1.2,1.2
420,Yoro,Leny,Yoro,16,2,48,-2,-1,a,,,,0.4,2,1.0,22,0,0.5,288,1128,0,0,0,2,0,0,0,0,-1,7.8,2.4,2.0,1.3,0.00,0.02,0.02,0.0,0.08,0.08,4.46,5,20.45,,,,0.4,0.4,0.4
421,Heaven,Ayden,Heaven,16,2,44,-1,0,a,,,,0.2,1,1.0,90,1,0.3,131,820,0,0,0,2,0,0,0,0,5,6.8,2.6,11.0,2.0,0.12,0.04,0.16,0.12,0.04,0.16,1.01,2,2.0,,,,0.2,0.2,0.2
422,Mazraoui,Noussair,Mazraoui,16,2,44,-1,0,a,,,,0.6,3,1.0,97,1,0.5,377,1647,0,0,0,4,0,0,0,0,6,21.0,31.2,11.0,6.4,0.22,0.06,0.28,0.2,0.06,0.26,1.93,6,5.57,,,,0.7,0.6,0.6
423,Shaw,Luke,Shaw,16,2,43,-2,-1,a,100,,2026-09-11T13:00:09.030120Z,1.8,9,2.2,335,4,7.9,1299,55115,0,1,0,5,1,0,0,0,54,86.0,85.6,13.0,18.4,0.03,0.58,0.61,0.01,0.16,0.17,1.24,23,6.18,,3,,2.1,0.9,1.8
424,Amass,Harry,Amass,16,2,40,0,0,a,,,,0.0,0,0.0,0,0,0.2,239,406,0,0,0,0,0,0,0,0,0,0.0,0.0,0.0,0.0,0.00,0.00,0.00,0,0,0,0,0,0,,,,0.0,0.0,0.0
425,Fredricson,Tyler,Fredricson,16,2,40,0,0,u,0,Has joined Lausanne-Sport permanently,2026-08-18T14:12:31.904433Z,0.0,0,0.0,0,0,0.0,0,22,0,0,0,0,0,0,0,0,0,0.0,0.0,0.0,0.0,0.00,0.00,0.00,0,0,0,0,0,0,,,,0.0,0.0,0.0
426,B.Fernandes,Bruno,Borges Fernandes,16,3,120,0,0,a,,,,6.2,31,6.2,450,5,39.1,18355,111038,3,1,0,8,0,0,0,3,148,173.0,182.9,104.0,46.0,2.56,1.32,3.88,0.51,0.26,0.77,1.36,29,5.8,1,1,1,2.6,6.2,6.2
427,Mbeumo,Bryan,Mbeumo,16,3,79,-1,0,a,,,,5.0,25,5.0,450,5,21.0,18148,74252,2,1,0,8,1,0,0,3,110,106.2,117.9,126.0,35.1,3.07,0.80,3.87,0.61,0.16,0.77,1.36,26,5.2,2,2,2,3.2,5.0,5.0
428,Cunha,Matheus,Santos Carneiro da Cunha,16,3,79,-1,0,a,,,,5.2,26,5.2,407,5,5.7,6917,13840,1,2,1,5,0,0,0,4,95,30.6,76.3,88.0,19.6,0.63,0.83,1.46,0.14,0.18,0.32,1.2,13,2.87,,,,3.3,5.2,5.2
429,Rashford,Marcus,Rashford,16,3,70,0,0,a,,,,2.0,10,2.0,351,4,1.6,3448,6298,0,0,1,3,0,0,0,0,58,36.8,109.5,99.0,24.5,0.78,0.43,1.21,0.2,0.11,0.31,1.15,18,4.62,,,3,1.4,2.0,2.0
430,Mount,Mason,Mount,16,3,54,-1,0,a,100,,2026-08-15T16:00:07.879135Z,0.2,1,1.0,10,0,0.0,88,96,0,0,0,0,0,0,0,0,3,0.0,0.0,0.0,0.0,0.09,0.01,0.10,0.81,0.09,0.9,0.0,1,9.0,,,4,0.2,0.2,0.2
431,Amad,Amad,Diallo,16,3,57,-3,0,i,0,Unspecified injury - Unknown return date,2026-08-22T11:00:08.617283Z,0.0,0,0.0,0,0,0.3,53,1018,0,0,0,0,0,0,0,0,0,0.0,0.0,0.0,0.0,0.00,0.00,0.00,0,0,0,0,0,0,,4,,0.0,0.0,0.0
432,Mainoo,Kobbie,Mainoo,16,3,55,0,0,a,,,,4.4,22,4.4,354,4,1.6,5336,5062,0,1,0,4,0,0,0,2,102,72.0,71.4,12.0,15.5,0.30,0.52,0.82,0.08,0.13,0.21,1.21,56,14.24,,,,4.0,4.4,4.4
433,Ugarte,Manuel,Ugarte Ribeiro,16,3,50,0,0,i,0,Knee injury - Unknown return date,2026-07-23T12:01:23.706702Z,0.0,0,0.0,0,0,0.0,14,16,0,0,0,0,0,0,0,0,0,0.0,0.0,0.0,0.0,0.00,0.00,0.00,0,0,0,0,0,0,,,,0.0,0.0,0.0
434,J.Fletcher,Jack,Fletcher,16,3,49,-1,0,a,,,,0.0,0,0.0,0,0,0.0,17,34,0,0,0,0,0,0,0,0,0,0.0,0.0,0.0,0.0,0.00,0.00,0.00,0,0,0,0,0,0,,,,0.0,0.0,0.0
435,Lacey,Shea,Lacey,16,3,49,-1,0,a,,,,0.2,1,1.0,10,0,0.1,225,169,0,0,0,0,0,0,0,0,3,0.2,0.6,0.0,0.1,0.00,0.00,0.00,0.0,0.0,0.0,0.0,1,9.0,,,,0.2,0.2,0.2
436,Collyer,Toby,Collyer,16,3,50,0,0,u,0,Has joined West Brom permanently,2026-09-01T13:16:48.584385Z,0.0,0,0.0,0,0,0.0,0,27,0,0,0,0,0,0,0,0,0,0.0,0.0,0.0,0.0,0.00,0.00,0.00,0,0,0,0,0,0,,,,0.0,0.0,0.0
437,Bendito Mantato,Bendito,Mantato,16,3,45,0,0,a,,,,0.0,0,0.0,0,0,0.2,128,436,0,0,0,0,0,0,0,0,0,0.0,0.0,0.0,0.0,0.00,0.00,0.00,0,0,0,0,0,0,,,,0.0,0.0,0.0
438,Fletcher,Tyler,Fletcher,16,3,44,-1,0,a,,,,0.0,0,0.0,0,0,0.3,1420,1097,0,0,0,0,0,0,0,0,0,0.0,0.0,0.0,0.0,0.00,0.00,0.00,0,0,0,0,0,0,,,,0.0,0.0,0.0
439,Šeško,Benjamin,Sesko,16,4,70,0,0,d,75,Unspecified injury - 75% chance of playing,2026-09-20T19:30:08.505755Z,1.6,8,2.0,76,0,1.7,6043,10591,1,0,0,3,0,0,0,0,39,34.6,11.9,36.0,8.2,0.39,0.01,0.40,0.46,0.01,0.47,2.37,5,5.92,,,,1.1,1.6,1.2
440,Zirkzee,Joshua,Zirkzee,16,4,53,-2,-1,a,,,,0.4,2,1.0,20,0,0.4,909,1721,0,0,0,0,0,0,0,0,8,4.4,4.8,0.0,0.9,0.00,0.01,0.01,0.0,0.04,0.04,0.09,4,18.0,,,,0.4,0.4,0.4
441,Obi,Chido,Obi,16,4,45,0,0,u,0,Has joined Willem II on loan for the rest of the season,2026-09-14T16:12:42.090874Z,0.0,0,0.0,0,0,1.0,0,6835,0,0,0,0,0,0,0,0,0,0.0,0.0,0.0,0.0,0.00,0.00,0.00,0,0,0,0,0,0,,,,0.0,0.0,0.0
405,N.Gonzalez,Nico,González Iglesias,17,3,55,0,0,a,100,,2026-09-14T21:30:07.343728Z,1.0,5,1.7,164,3,0.2,227,1374,0,0,1,2,1,0,0,0,23,13.4,42.0,2.0,5.8,0.00,0.21,0.21,0.0,0.12,0.12,1.28,12,6.59,,,,0.9,0.0,1.0
442,Pope,Nick,Pope,17,1,49,-1,0,a,,,,0.0,0,0.0,0,0,1.0,469,1712,0,0,0,0,0,0,0,0,0,0.0,0.0,0.0,0.0,0.00,0.00,0.00,0,0,0,0,0,0,,,,0.0,0.0,0.0
443,Gillespie,Mark,Gillespie,17,1,45,0,0,a,,,,0.0,0,0.0,0,0,0.0,24,35,0,0,0,0,0,0,0,0,0,0.0,0.0,0.0,0.0,0.00,0.00,0.00,0,0,0,0,0,0,,,,0.0,0.0,0.0
444,Jaouen,Ewen,Jaouen,17,1,44,-1,-1,d,50,Ankle injury - 50% chance of playing,2026-09-10T16:00:09.127466Z,0.0,0,0.0,0,0,0.0,11,61,0,0,0,0,0,0,0,0,0,0.0,0.0,0.0,0.0,0.00,0.00,0.00,0,0,0,0,0,0,,,,0.0,0.0,0.0
445,Thiaw,Malick,Thiaw,17,2,50,0,0,a,,,,2.8,14,2.8,450,5,2.2,4599,5184,0,0,1,9,0,0,0,0,32,74.8,14.9,2.0,9.2,0.00,0.08,0.08,0.0,0.02,0.02,1.83,45,9.0,,,,2.8,2.8,2.8
446,Schär,Fabian,Schär,17,2,49,-1,0,a,100,,2026-08-15T16:30:07.209742Z,0.4,2,1.0,25,0,0.2,302,544,0,0,0,2,0,0,0,0,0,0.0,0.0,0.0,0.0,0.00,0.01,0.01,0.0,0.04,0.04,6.73,7,25.2,,,2,0.4,0.4,0.4
447,Botman,Sven,Botman,17,2,50,0,0,a,,,,3.0,15,3.0,450,5,0.7,2570,1486,0,0,1,9,1,0,0,0,43,100.8,3.3,6.0,11.1,0.06,0.17,0.23,0.01,0.03,0.04,1.83,59,11.8,,,,3.0,3.0,3.0
448,Burn,Dan,Burn,17,2,48,-2,-1,i,0,Ankle injury - Expected back 12 Oct,2026-08-23T18:00:08.367241Z,0.0,0,0.0,0,0,0.8,50,3398,0,0,0,0,0,0,0,0,0,0.0,0.0,0.0,0.0,0.00,0.00,0.00,0,0,0,0,0,0,,,,0.0,0.0,0.0
449,Hall,Lewis,Hall,17,2,52,2,0,a,,,,6.2,31,6.2,449,5,16.1,126987,8695,1,1,1,9,0,0,0,6,127,110.0,59.8,14.0,18.3,0.25,0.79,1.04,0.05,0.16,0.21,1.83,46,9.22,,1,1,6.0,6.2,6.2
450,Livramento,Tino,Livramento,17,2,49,-1,0,d,75,Unspecified injury - 75% chance of playing,2026-09-19T14:00:09.046677Z,0.8,4,2.0,33,0,0.1,367,920,0,1,0,1,1,0,0,0,12,5.0,3.8,4.0,1.3,0.00,0.01,0.01,0.0,0.03,0.03,0.49,3,8.18,,,,0.8,0.8,0.6
451,A.Murphy,Alex,Murphy,17,2,40,0,0,u,0,Has joined FC Kaiserslautern on loan for the rest of the season,2026-08-12T14:05:29.224600Z,0.0,0,0.0,0,0,0.1,0,158,0,0,0,0,0,0,0,0,0,0.0,0.0,0.0,0.0,0.00,0.00,0.00,0,0,0,0,0,0,,,,0.0,0.0,0.0
453,Barnes,Harvey,Barnes,17,3,61,1,1,a,,,,5.6,28,5.6,450,5,5.1,96491,6602,1,3,1,9,0,0,0,3,105,57.6,44.1,69.0,17.1,0.62,0.48,1.10,0.12,0.1,0.22,1.83,33,6.6,,3,,4.6,5.6,5.6
454,Elanga,Anthony,Elanga,17,3,61,1,-1,i,0,Unspecified injury - Unknown return date,2026-09-14T20:00:09.505598Z,3.6,18,6.0,232,3,5.0,177,121070,2,0,1,3,1,0,0,2,71,82.6,50.6,61.0,19.4,0.42,0.34,0.76,0.16,0.13,0.29,1.56,9,3.49,,2,,3.0,0.0,0.0
456,J.Ramsey,Jacob,Ramsey,17,3,49,-1,0,i,0,Thigh injury - Unknown return date,2026-09-15T09:00:08.191022Z,1.4,7,2.3,69,0,0.3,15,3024,1,0,0,1,1,0,0,0,26,40.4,6.3,21.0,6.7,0.17,0.16,0.33,0.22,0.21,0.43,2.5,11,14.35,,,,1.4,0.0,0.0
457,J.Murphy,Jacob,Murphy,17,3,59,-1,0,a,,,,0.6,3,0.6,181,2,0.1,480,410,0,0,0,5,3,0,0,0,21,3.6,7.2,6.0,1.6,0.03,0.41,0.44,0.01,0.2,0.21,2.47,18,8.95,,4,,0.5,0.6,0.6
458,Joelinton,Joelinton Cássio,Apolinário de Lira,17,3,54,-1,0,i,0,Unspecified injury - Unknown return date,2026-08-16T08:00:08.074045Z,0.0,0,0.0,0,0,0.0,6,43,0,0,0,0,0,0,0,0,0,0.0,0.0,0.0,0.0,0.00,0.00,0.00,0,0,0,0,0,0,,,,0.0,0.0,0.0
459,L.Miley,Lewis,Miley,17,3,55,0,0,a,100,,2026-07-23T12:01:23.785456Z,2.4,12,2.4,396,5,0.1,256,248,0,0,1,8,1,0,0,0,68,36.6,41.7,5.0,8.3,0.05,0.14,0.19,0.01,0.03,0.04,1.81,52,11.82,,5,,2.2,2.4,2.4
460,Willock,Joe,Willock,17,3,50,0,0,a,,,,4.4,22,4.4,284,3,0.5,5619,1350,2,0,1,5,0,0,0,3,80,52.0,33.7,46.0,12.4,0.81,0.30,1.11,0.26,0.1,0.36,1.64,18,5.7,,,,4.4,4.4,4.4
461,Touré,Bazoumana,Touré,17,3,58,-2,0,a,,,,1.6,8,2.7,50,0,0.1,190,476,1,0,0,1,0,0,0,0,29,36.6,5.3,21.0,6.3,0.28,0.01,0.29,0.5,0.02,0.52,1.37,4,7.2,,,,1.4,1.6,1.6
462,Steur,Sean,Steur,17,3,49,-1,0,a,,,,1.6,8,1.6,223,2,0.1,119,216,0,0,1,5,0,0,0,0,42,19.4,21.9,0.0,4.2,0.00,0.06,0.06,0.0,0.02,0.02,1.71,21,8.48,,,,1.6,1.6,1.6
463,Woltemade,Nick,Woltemade,17,4,59,-1,0,u,0,Has joined Juventus on loan for the rest of the season,2026-09-02T16:07:16.549304Z,0.8,4,4.0,19,0,0.5,0,2021,0,1,0,0,0,0,0,0,18,18.2,10.5,11.0,4.0,0.02,0.01,0.03,0.09,0.05,0.14,1.8,0,0.0,,,,0.7,0.0,0.0
464,Wissa,Yoane,Wissa,17,4,62,2,0,a,,,,3.0,15,3.0,441,5,18.8,48134,87130,1,1,1,8,2,0,0,2,54,57.8,55.4,86.0,19.9,2.35,0.06,2.41,0.48,0.01,0.49,1.63,27,5.51,2,,,2.4,3.0,3.0
465,Osula,William,Osula,17,4,58,-2,-1,i,0,Foot injury - Unknown return date,2026-08-25T19:00:08.004915Z,0.8,4,4.0,55,1,0.3,55,1362,0,1,0,1,0,0,0,0,18,28.2,13.7,8.0,5.0,0.06,0.14,0.20,0.1,0.23,0.33,2.42,5,8.18,1,,4,0.7,0.0,0.0
466,Neave,Sean,Neave,17,4,45,0,0,u,0,Has joined Wolves on loan for the rest of the season,2026-09-04T12:37:43.515176Z,0.0,0,0.0,0,0,0.5,0,2214,0,0,0,0,0,0,0,0,0,0.0,0.0,0.0,0.0,0.00,0.00,0.00,0,0,0,0,0,0,,,,0.0,0.0,0.0
559,Bamba,Aladji,Bamba,17,3,49,-1,0,a,,,,0.6,3,1.0,27,0,0.1,71,253,0,0,0,1,0,0,0,0,12,5.4,0.3,0.0,0.6,0.00,0.00,0.00,0.0,0.0,0.0,4.3,8,26.67,,,,0.6,0.6,0.6
567,Horníček,Lukás,Hornícek,17,1,50,0,0,a,,,,2.8,14,2.8,450,5,1.5,3860,2491,0,0,1,9,1,0,19,0,72,138.6,0.0,0.0,13.8,0.00,0.00,0.00,0.0,0.0,0.0,1.83,0,0.0,,,,2.8,2.8,2.8
593,Dedić,Amar,Dedic,17,2,45,0,0,i,0,Unspecified injury - Unknown return date,2026-09-17T14:30:09.823731Z,2.6,13,3.2,327,4,1.9,150,25764,0,1,1,7,0,0,0,2,36,70.0,40.7,15.0,12.6,0.14,0.08,0.22,0.04,0.02,0.06,2.03,24,6.61,,,3,2.9,0.0,0.0
609,Shahar,Leo,Shahar,17,2,40,0,0,u,0,has joined Arouca on loan for the rest of the seaon.,2026-09-11T14:41:57.406766Z,0.0,0,0.0,0,0,0.2,0,1036,0,0,0,0,0,0,0,0,0,0.0,0.0,0.0,0.0,0.00,0.00,0.00,0,0,0,0,0,0,,,,0.0,0.0,0.0
634,Fernandez-Pardo,Matias,Fernandez-Pardo,17,4,60,0,0,a,,,,1.3,4,1.3,157,2,0.1,937,805,0,0,0,4,0,0,0,0,16,2.2,11.7,10.0,2.4,0.05,0.01,0.06,0.03,0.01,0.04,1.69,5,2.87,,,,0.7,1.3,1.3
659,Miley,Mason,Miley,17,3,45,0,0,a,,,,0.0,0,0.0,0,0,0.0,880,332,0,0,0,0,0,0,0,0,0,0.0,0.0,0.0,0.0,0.00,0.00,0.00,0,0,0,0,0,0,,,,0.0,0.0,0.0
663,Pivas,Miodrag,Pivas,17,2,40,0,0,a,,,,0.0,0,0.0,0,0,0.0,172,17,0,0,0,0,0,0,0,0,0,0.0,0.0,0.0,0.0,0.00,0.00,0.00,0,0,0,0,0,0,,,,0.0,1.1,1.1
664,Salia,Vakhtang,Salia,17,4,45,0,0,a,,,,0.0,0,0.0,0,0,0.0,4031,493,0,0,0,0,0,0,0,0,0,0.0,0.0,0.0,0.0,0.00,0.00,0.00,0,0,0,0,0,0,,,,0.0,1.0,1.0
665,Mills,Michael,Mills,17,3,45,0,0,a,,,,0.0,0,0.0,0,0,0.0,82,12,0,0,0,0,0,0,0,0,0,0.0,0.0,0.0,0.0,0.00,0.00,0.00,0,0,0,0,0,0,,,,0.0,1.1,1.1
666,Thompson,Kyran,Thompson,17,3,45,0,0,a,,,,0.0,0,0.0,0,0,0.0,93,8,0,0,0,0,0,0,0,0,0,0.0,0.0,0.0,0.0,0.00,0.00,0.00,0,0,0,0,0,0,,,,0.0,1.1,1.1
167,Delap,Liam,Delap,18,4,56,1,1,a,,,,1.8,9,2.2,277,3,2.8,20910,17686,1,0,1,3,2,0,0,0,49,35.0,43.5,50.0,12.8,0.89,0.35,1.24,0.29,0.11,0.4,0.85,17,5.52,3,,,1.6,1.8,1.8
201,Muñoz,Daniel,Muñoz Mejía,18,2,54,-1,0,a,,,,1.0,5,1.2,257,3,5.8,5035,16847,0,0,0,4,0,0,0,0,29,35.2,58.5,64.0,15.8,0.60,0.21,0.81,0.21,0.07,0.28,0.91,15,5.25,,,,0.9,1.0,1.0
467,Sels,Matz,Sels,18,1,50,0,0,a,,,,2.8,14,2.8,450,5,1.6,1086,3185,0,0,1,5,0,0,11,0,67,68.2,0.0,0.0,6.8,0.00,0.01,0.01,0.0,0.0,0.0,0.95,0,0.0,,,,2.8,2.8,2.8
468,John,John Victor,Maciel Furtado,18,1,45,0,0,a,,,,0.0,0,0.0,0,0,0.1,30,81,0,0,0,0,0,0,0,0,0,0.0,0.0,0.0,0.0,0.00,0.00,0.00,0,0,0,0,0,0,,,,0.0,0.0,0.0
469,N.Williams,Neco,Williams,18,2,50,0,0,a,,,,3.8,19,3.8,450,5,8.9,6772,23258,0,1,1,5,0,0,0,1,85,69.8,61.9,26.0,15.8,0.41,0.61,1.02,0.08,0.12,0.2,0.95,29,5.8,,2,3,3.8,3.8,3.8
470,Morato,Felipe,Rodrigues da Silva,18,2,50,0,0,u,0,Has joined West Ham on loan for the rest of the season,2026-09-02T16:19:54.503286Z,0.0,0,0.0,0,0,0.0,0,66,0,0,0,0,0,0,0,0,0,0.0,0.0,0.0,0.0,0.00,0.00,0.00,0,0,0,0,0,0,,,,0.0,0.0,0.0
471,Milenković,Nikola,Milenković,18,2,54,-1,-1,i,0,Hamstring injury - Expected back 11 Oct,2026-09-12T14:00:09.705107Z,2.4,12,4.0,270,3,1.1,31,7275,0,0,1,3,1,0,0,0,34,53.2,1.4,16.0,7.0,0.11,0.03,0.14,0.04,0.01,0.05,1.09,31,10.33,,,,2.2,0.0,0.0
472,Murillo,Murillo,Costa dos Santos,18,2,55,0,0,a,100,,2026-07-23T12:01:23.801183Z,4.6,23,4.6,449,5,2.1,4386,3968,0,1,1,5,1,0,0,0,76,94.2,38.3,18.0,15.1,0.42,0.37,0.79,0.08,0.07,0.15,0.96,53,10.62,,,2,4.2,4.6,4.6
473,Aina,Ola,Aina,18,2,45,0,0,a,,,,1.6,8,2.0,306,4,2.5,668,12064,0,0,1,3,2,0,0,0,45,58.2,53.3,15.0,12.7,0.04,0.53,0.57,0.01,0.16,0.17,1.09,22,6.47,,,,1.8,1.6,1.6
474,Jair Cunha,Jair,Paula da Cunha Filho,18,2,45,0,0,a,100,,2026-09-12T14:00:09.724349Z,2.2,11,2.8,360,4,0.2,131,411,0,0,1,4,2,0,0,0,40,55.4,2.4,1.0,5.9,0.05,0.02,0.07,0.01,0.0,0.01,0.99,36,9.0,,,,2.4,1.7,2.2
475,Savona,Nicolò,Savona,18,2,45,0,0,i,0,Knee injury - Unknown return date,2026-07-23T12:01:23.816304Z,0.0,0,0.0,0,0,0.0,12,10,0,0,0,0,0,0,0,0,0,0.0,0.0,0.0,0.0,0.00,0.00,0.00,0,0,0,0,0,0,,,,0.0,0.0,0.0
476,O.Richards,Omar,Richards,18,2,40,0,0,a,,,,0.0,0,0.0,0,0,0.2,159,408,0,0,0,0,0,0,0,0,0,0.0,0.0,0.0,0.0,0.00,0.00,0.00,0,0,0,0,0,0,,,,0.0,0.0,0.0
477,Abbott,Zach,Abbott,18,2,40,0,0,u,0,Has joined Southampton on loan for the rest of the season,2026-09-02T16:19:54.536676Z,0.0,0,0.0,0,0,0.1,0,443,0,0,0,0,0,0,0,0,0,0.0,0.0,0.0,0.0,0.00,0.00,0.00,0,0,0,0,0,0,,,,0.0,0.0,0.0
478,Netz,Luca,Netz,18,2,44,-1,0,a,,,,0.6,3,1.0,27,0,0.0,35,66,0,0,0,1,0,0,0,0,8,2.0,0.9,0.0,0.3,0.00,0.02,0.02,0.0,0.07,0.07,0.43,1,3.33,,,,0.7,0.6,0.6
479,Bindon,Tyler,Bindon,18,2,40,0,0,u,0,Has joined Charlton Athletic on loan for the rest of the season,2026-09-01T13:16:05.383880Z,0.0,0,0.0,0,0,0.1,0,278,0,0,0,0,0,0,0,0,0,0.0,0.0,0.0,0.0,0.00,0.00,0.00,0,0,0,0,0,0,,,,0.0,0.0,0.0
480,Gibbs-White,Morgan,Gibbs-White,18,3,80,0,0,a,100,,2026-08-24T15:30:08.350159Z,5.6,28,5.6,450,5,15.8,34810,46682,1,2,1,5,0,0,0,6,116,101.0,123.3,72.0,29.6,1.56,1.42,2.98,0.31,0.28,0.59,0.95,21,4.2,1,,1,3.5,5.6,5.6
482,Hudson-Odoi,Callum,Hudson-Odoi,18,3,58,-2,0,a,100,,2026-07-23T12:01:23.832709Z,0.2,1,1.0,1,0,0.1,145,681,0,0,0,0,0,0,0,0,2,0.0,0.3,0.0,0.0,0.00,0.00,0.00,0.0,0.0,0.0,0.0,0,0.0,,,4,0.2,0.2,0.2
483,Ndoye,Dan,Ndoye,18,3,55,0,0,a,,,,3.0,15,3.0,316,5,0.7,411,5316,1,0,1,3,1,0,0,2,44,37.6,38.3,74.0,14.7,1.25,0.93,2.18,0.36,0.26,0.62,1.09,20,5.7,,,,2.7,3.0,3.0
484,Hutchinson,Omari,Hutchinson,18,3,54,-1,0,u,0,Has joined AC Milan on loan for the rest of the season,2026-09-01T13:23:52.340206Z,0.0,0,0.0,0,0,0.1,0,189,0,0,0,0,0,0,0,0,0,0.0,0.0,0.0,0.0,0.00,0.00,0.00,0,0,0,0,0,0,,,,0.0,0.0,0.0
485,Bakwa,Dilane,Bakwa,18,3,55,0,0,u,0,Has joined Lille on loan for the rest of the season,2026-08-27T14:53:03.381941Z,0.0,0,0.0,0,0,0.0,0,16,0,0,0,0,0,0,0,0,0,0.0,0.0,0.0,0.0,0.00,0.00,0.00,0,0,0,0,0,0,,,,0.0,0.0,0.0
486,McAtee,James,McAtee,18,3,55,0,0,a,,,,2.4,12,2.4,416,5,0.1,213,537,0,0,2,4,2,0,0,0,91,48.8,147.8,20.0,21.7,0.37,0.96,1.33,0.08,0.21,0.29,0.98,39,8.44,,1,,2.2,2.4,2.4
487,Dominguez,Nicolás,Domínguez,18,3,49,-1,0,a,,,,0.2,1,1.0,1,0,0.1,38,179,0,0,0,0,0,0,0,0,3,0.2,0.0,0.0,0.0,0.00,0.00,0.00,0.0,0.0,0.0,0.0,0,0.0,,,,0.2,0.2,0.2
488,I.Sangaré,Ibrahim,Sangaré,18,3,49,-1,0,a,100,,2026-08-28T09:30:07.471668Z,0.8,4,1.3,105,1,0.4,167,1750,0,0,0,1,0,0,0,0,15,20.2,13.4,5.0,3.9,0.09,0.02,0.11,0.08,0.02,0.1,0.48,8,6.86,,,,0.8,0.8,0.8
489,Yates,Ryan,Yates,18,3,45,0,0,a,100,,2026-08-17T20:30:08.195072Z,0.0,0,0.0,0,0,1.2,335,4388,0,0,0,0,0,0,0,0,0,0.0,0.0,0.0,0.0,0.00,0.00,0.00,0,0,0,0,0,0,,,,0.0,0.0,0.0
490,Wood,Chris,Wood,18,4,58,-2,0,a,,,,0.8,4,1.0,62,0,0.9,1003,3594,0,0,0,1,0,0,0,0,13,0.2,2.5,3.0,0.4,0.12,0.01,0.13,0.17,0.01,0.18,0.77,1,1.45,2,,,0.7,0.8,0.8
491,Igor Jesus,Igor Jesus,Maciel da Cruz,18,4,58,-2,0,a,,,,2.4,12,2.4,257,2,2.7,4225,13821,1,0,0,3,1,0,0,2,53,51.4,31.5,86.0,16.9,1.25,0.08,1.33,0.44,0.03,0.47,0.91,15,5.25,4,,,2.1,2.4,2.4
493,Kalimuendo,Arnaud,Kalimuendo,18,4,54,-1,0,a,,,,0.2,1,1.0,1,0,0.1,120,232,0,0,0,0,0,0,0,0,3,0.0,0.0,0.0,0.0,0.00,0.00,0.00,0.0,0.0,0.0,0.0,0,0.0,,,,0.2,0.2,0.2
558,Schlager,Xaver,Schlager,18,3,50,0,0,a,,,,2.6,13,2.6,376,4,0.1,119,449,0,0,1,5,1,0,0,0,70,54.8,19.2,27.0,10.2,0.19,0.18,0.37,0.05,0.04,0.09,1.06,49,11.73,,3,,2.6,2.6,2.6
581,Diomande,Ousmane,Diomande,18,2,54,-1,0,a,,,,1.4,7,2.3,163,2,0.5,802,1158,0,0,0,2,0,0,0,0,17,24.6,0.4,11.0,3.6,0.16,0.01,0.17,0.09,0.01,0.1,0.8,19,10.49,,,,1.3,1.4,1.4
590,Benda,Steven,Benda,18,1,45,0,0,a,,,,0.0,0,0.0,0,0,0.1,73,130,0,0,0,0,0,0,0,0,0,0.0,0.0,0.0,0.0,0.00,0.00,0.00,0,0,0,0,0,0,,,,0.0,0.0,0.0
112,Van Hecke,Jan Paul,van Hecke,19,2,49,-1,0,a,,,,4.8,24,4.8,450,5,6.6,7841,14061,1,0,2,8,1,0,0,2,85,109.8,44.5,53.0,20.7,0.69,0.42,1.11,0.14,0.08,0.22,1.56,43,8.6,,,,4.9,4.8,4.8
147,Tosin,Tosin,Adarabioyo,19,2,44,-1,0,a,,,,0.2,1,1.0,5,0,0.2,61,294,0,0,0,0,0,0,0,0,5,9.0,0.2,0.0,0.9,0.00,0.00,0.00,0.0,0.0,0.0,0.54,4,72.0,,,,0.2,0.2,0.2
401,Marmoush,Omar,Marmoush,19,4,70,0,0,a,,,,1.6,8,2.0,339,4,2.1,5437,13131,0,0,2,5,0,0,0,0,37,12.4,49.1,52.0,11.1,0.38,0.15,0.53,0.1,0.04,0.14,1.02,13,3.45,2,,5,1.1,1.6,1.6
403,Sávio,Sávio,Moreira de Oliveira,19,3,65,0,0,a,100,,2026-08-29T16:30:08.380416Z,1.6,8,2.7,240,3,0.7,1476,4190,0,0,2,3,0,0,0,0,66,27.0,71.0,43.0,14.2,0.41,0.70,1.11,0.15,0.26,0.41,1.04,11,4.12,,4,,1.2,1.6,1.6
455,Tonali,Sandro,Tonali,19,3,53,-2,-1,a,100,,2026-09-14T14:30:07.387706Z,2.8,14,2.8,427,5,1.9,1202,9309,0,0,2,8,0,0,0,0,86,46.2,71.4,18.0,13.6,0.24,0.61,0.85,0.05,0.13,0.18,1.63,42,8.85,,,,2.6,2.8,2.8
494,Vicario,Guglielmo,Vicario,19,1,45,0,0,u,0,Has joined Juventus on loan for the rest of the season,2026-08-19T13:55:33.193962Z,0.0,0,0.0,0,0,0.1,0,394,0,0,0,0,0,0,0,0,0,0.0,0.0,0.0,0.0,0.00,0.00,0.00,0,0,0,0,0,0,,,,0.0,0.0,0.0
495,Austin,Brandon,Austin,19,1,40,0,0,a,,,,0.0,0,0.0,0,0,1.0,1091,1156,0,0,0,0,0,0,0,0,0,0.0,0.0,0.0,0.0,0.00,0.00,0.00,0,0,0,0,0,0,,,,0.0,0.0,0.0
496,Kinsky,Antonín,Kinský,19,1,45,0,0,a,,,,3.6,18,3.6,450,5,17.7,8554,67250,0,0,2,8,0,0,12,0,77,77.6,10.0,0.0,8.8,0.00,0.00,0.00,0.0,0.0,0.0,1.56,0,0.0,,,,4.0,3.6,3.6
497,Dubravka,Martin,Dubravka,19,1,40,0,0,a,,,,0.0,0,0.0,0,0,17.3,14175,25254,0,0,0,0,0,0,0,0,0,0.0,0.0,0.0,0.0,0.00,0.00,0.00,0,0,0,0,0,0,,,,0.0,0.0,0.0
498,Senesi,Marcos,Senesi Barón,19,2,58,-2,0,a,,,,0.6,3,3.0,90,1,3.6,627,12366,0,0,0,3,0,0,0,0,10,36.6,2.2,0.0,3.9,0.00,0.02,0.02,0.0,0.02,0.02,3.87,16,16.0,,,,0.5,0.6,0.6
499,Pedro Porro,Pedro,Porro Sauceda,19,2,54,-1,0,d,75,Hamstring injury - 75% chance of playing,2026-09-19T12:00:08.823872Z,1.8,9,3.0,198,3,7.9,1343,42163,0,0,1,2,0,0,0,1,33,22.6,43.7,27.0,9.3,0.37,0.16,0.53,0.17,0.07,0.24,0.76,9,4.09,,3,1,1.7,1.8,1.4
500,Romero,Cristian,Romero,19,2,50,0,0,u,0,Has joined Atletico Madrid permanently,2026-08-17T13:49:05.465401Z,0.0,0,0.0,0,0,0.1,0,148,0,0,0,0,0,0,0,0,0,0.0,0.0,0.0,0.0,0.00,0.00,0.00,0,0,0,0,0,0,,,,0.0,0.0,0.0
502,Robertson,Andrew,Robertson,19,2,44,-1,0,a,,,,3.4,17,3.4,366,4,2.6,3092,7234,0,1,1,7,0,0,0,1,68,59.8,67.8,35.0,16.2,0.13,0.43,0.56,0.03,0.11,0.14,1.73,20,4.92,,1,,3.9,3.4,3.4
503,Van de Ven,Micky,van de Ven,19,2,50,0,0,a,100,,2026-08-21T15:00:07.610517Z,3.2,16,4.0,360,4,3.9,2975,11402,0,0,2,5,1,0,0,3,69,51.6,6.4,14.0,7.2,0.59,0.05,0.64,0.15,0.01,0.16,0.98,29,7.25,,,,3.2,3.2,3.2
505,Spence,Djed,Spence,19,2,45,0,0,u,0,Has joined Internazionale permanently,2026-08-18T14:13:08.454214Z,0.0,0,0.0,0,0,0.2,0,628,0,0,0,0,0,0,0,0,0,0.0,0.0,0.0,0.0,0.00,0.00,0.00,0,0,0,0,0,0,,,,0.0,0.0,0.0
506,Udogie,Destiny,Udogie,19,2,44,-1,0,a,100,,2026-09-11T18:00:09.092110Z,1.4,7,2.3,86,1,0.3,199,944,0,0,1,1,1,0,0,0,21,9.8,13.5,4.0,2.7,0.00,0.23,0.23,0.0,0.24,0.24,1.22,4,4.19,,,,1.6,1.4,1.4
507,Phillips,Ashley,Phillips,19,2,45,0,0,u,0,Has joined Middlesbrough permanently,2026-08-18T14:13:08.474144Z,0.0,0,0.0,0,0,0.0,0,29,0,0,0,0,0,0,0,0,0,0.0,0.0,0.0,0.0,0.00,0.00,0.00,0,0,0,0,0,0,,,,0.0,0.0,0.0
508,Davies,Ben,Davies,19,2,39,-1,-1,a,,,,0.0,0,0.0,0,0,0.9,3834,1895,0,0,0,0,0,0,0,0,0,0.0,0.0,0.0,0.0,0.00,0.00,0.00,0,0,0,0,0,0,,,,0.0,0.0,0.0
509,Byfield,Jun'ai,Byfield,19,2,40,0,0,a,,,,0.0,0,0.0,0,0,0.1,70,132,0,0,0,0,0,0,0,0,0,0.0,0.0,0.0,0.0,0.00,0.00,0.00,0,0,0,0,0,0,,,,0.0,0.0,0.0
510,Rowswell,James,Rowswell,19,2,40,0,0,a,,,,0.0,0,0.0,0,0,0.1,73,170,0,0,0,0,0,0,0,0,0,0.0,0.0,0.0,0.0,0.00,0.00,0.00,0,0,0,0,0,0,,,,0.0,0.0,0.0
511,Souza,João Victor,de Souza Menezes,19,2,40,0,0,u,0,Has joined FC Porto on loan for the rest of the season,2026-09-01T13:24:26.858636Z,0.0,0,0.0,0,0,0.2,0,492,0,0,0,0,0,0,0,0,0,0.0,0.0,0.0,0.0,0.00,0.00,0.00,0,0,0,0,0,0,,,,0.0,0.0,0.0
512,Kudus,Mohammed,Kudus,19,3,65,0,0,a,100,,2026-07-23T12:01:23.848657Z,1.4,7,1.8,123,0,0.1,1168,575,0,1,0,3,0,0,0,0,49,12.4,31.2,19.0,6.3,0.11,0.42,0.53,0.08,0.31,0.39,1.07,14,10.24,3,6,3,1.1,1.4,1.4
513,Xavi,Xavi,Simons,19,3,59,-1,0,i,0,Knee injury - Unknown return date,2026-07-23T12:01:23.864304Z,0.0,0,0.0,0,0,0.0,27,37,0,0,0,0,0,0,0,0,0,0.0,0.0,0.0,0.0,0.00,0.00,0.00,0,0,0,0,0,0,4,,2,0.0,0.0,0.0
514,Tel,Mathys,Tel,19,3,57,-3,-1,a,,,,1.6,8,2.0,257,3,0.2,101,1248,0,0,1,4,0,0,0,0,41,21.6,52.7,72.0,14.6,0.21,0.23,0.44,0.07,0.08,0.15,1.94,13,4.55,,5,4,1.4,1.6,1.6
515,Maddison,James,Maddison,19,3,63,-2,0,a,100,,2026-08-25T14:30:07.623508Z,0.6,3,1.0,59,0,0.4,394,1088,0,0,0,2,0,0,0,0,18,11.2,12.1,8.0,3.2,0.06,0.04,0.10,0.09,0.06,0.15,1.57,11,16.78,,,,0.5,0.6,0.6
516,Bentancur,Rodrigo,Bentancur,19,3,55,0,0,a,,,,3.0,15,3.0,370,4,0.2,182,356,0,0,2,6,0,0,0,0,69,58.4,33.0,6.0,9.9,0.02,0.12,0.14,0.0,0.03,0.03,1.36,60,14.59,,,,2.7,3.0,3.0
517,Odobert,Wilson,Odobert,19,3,55,0,0,i,0,Knee injury - Unknown return date,2026-07-23T12:01:23.879434Z,0.0,0,0.0,0,0,0.0,11,8,0,0,0,0,0,0,0,0,0,0.0,0.0,0.0,0.0,0.00,0.00,0.00,0,0,0,0,0,0,,,,0.0,0.0,0.0
518,P.M.Sarr,Pape Matar,Sarr,19,3,49,-1,0,u,0,Has joined Juventus on loan for the rest of the season,2026-09-02T16:02:43.386849Z,0.0,0,0.0,0,0,0.1,0,405,0,0,0,0,0,0,0,0,0,0.0,0.0,0.0,0.0,0.00,0.00,0.00,0,0,0,0,0,0,,,,0.0,0.0,0.0
519,Gallagher,Conor,Gallagher,19,3,53,-2,0,a,,,,1.8,9,3.0,134,2,0.2,461,346,1,0,1,2,1,0,0,0,48,10.2,9.9,3.0,2.2,0.37,0.12,0.49,0.25,0.08,0.33,1.78,18,12.09,,,,1.7,1.8,1.8
520,Bergvall,Lucas,Bergvall,19,3,54,-1,0,a,,,,0.6,3,1.0,78,1,0.1,53,338,0,0,0,2,0,0,0,0,13,8.0,9.9,9.0,2.3,0.06,0.27,0.33,0.07,0.31,0.38,2.55,13,15.0,,,,0.6,0.6,0.6
521,Kulusevski,Dejan,Kulusevski,19,3,65,0,0,i,0,Knee injury - Unknown return date,2026-07-23T12:01:23.895175Z,0.0,0,0.0,0,0,0.0,24,32,0,0,0,0,0,0,0,0,0,0.0,0.0,0.0,0.0,0.00,0.00,0.00,0,0,0,0,0,0,,,,0.0,0.0,0.0
522,Gray,Archie,Gray,19,3,49,-1,0,a,,,,1.8,9,2.2,307,3,0.2,281,686,0,0,1,7,0,0,0,0,51,17.6,11.5,10.0,3.9,0.23,0.05,0.28,0.07,0.01,0.08,1.79,27,7.92,,,,1.8,1.8,1.8
523,Moore,Mikey,Moore,19,3,50,0,0,u,0,Has joined FC Köln on loan for the rest of the season,2026-09-04T12:39:48.098158Z,0.6,3,1.5,89,1,0.1,0,329,0,0,0,4,0,0,0,0,11,14.2,6.3,56.0,7.5,0.40,0.02,0.42,0.4,0.02,0.42,3.3,3,3.03,,,,0.6,0.0,0.0
524,Olusesi,Callum,Olusesi,19,3,44,-1,0,a,,,,0.0,0,0.0,0,0,1.0,3402,4411,0,0,0,0,0,0,0,0,0,0.0,0.0,0.0,0.0,0.00,0.00,0.00,0,0,0,0,0,0,,,,0.0,0.0,0.0
525,Fernandes,Mateus,Fernandes,19,3,57,-3,-1,a,,,,1.4,7,1.4,249,3,0.8,243,4050,0,0,1,4,1,0,0,0,50,24.2,86.9,25.0,13.5,0.19,0.28,0.47,0.07,0.1,0.17,1.6,21,7.59,,2,,1.2,1.4,1.4
526,Solanke,Dominic,Solanke-Mitchell,19,4,58,-2,0,a,,,,1.4,7,1.4,170,2,0.8,956,3123,0,0,1,1,0,0,0,0,21,3.2,4.9,21.0,2.7,0.56,0.01,0.57,0.3,0.01,0.31,1.36,9,4.76,1,,,1.2,1.4,1.4
527,Richarlison,Richarlison,de Andrade,19,4,59,-1,0,u,0,not included in squad.,2026-09-04T12:32:39.183614Z,0.4,2,2.0,67,1,0.7,0,3219,0,0,0,3,0,0,0,0,6,0.0,2.2,0.0,0.2,0.00,0.00,0.00,0.0,0.0,0.0,4.06,1,1.34,,,,0.3,0.0,0.0
528,Scarlett,Dane,Scarlett,19,4,45,0,0,u,0,Has joined Leyton Orient permanently,2026-09-02T16:02:43.413625Z,0.0,0,0.0,0,0,1.1,0,4734,0,0,0,0,0,0,0,0,0,0.0,0.0,0.0,0.0,0.00,0.00,0.00,0,0,0,0,0,0,,,,0.0,0.0,0.0
578,Mudryk,Mykhailo,Mudryk,19,3,53,-2,-1,i,0,Ankle injury - Unknown return date,2026-09-11T18:00:09.154412Z,0.2,1,1.0,16,0,0.0,13,333,0,0,0,0,0,0,0,0,3,0.0,0.1,2.0,0.1,0.00,0.00,0.00,0.0,0.0,0.0,0.9,0,0.0,,,,0.2,0.0,0.0
601,Williams-Barnett,Luca,Williams-Barnett,19,3,45,0,0,a,,,,0.0,0,0.0,0,0,0.1,98,430,0,0,0,0,0,0,0,0,0,0.0,0.0,0.0,0.0,0.00,0.00,0.00,0,0,0,0,0,0,,,,0.0,0.0,0.0
501,Danso,Kevin,Danso,20,2,50,0,0,a,,,,0.6,3,1.0,270,3,0.2,625,413,0,0,0,8,0,0,0,0,7,37.6,21.9,2.0,6.2,0.07,0.17,0.24,0.02,0.06,0.08,1.97,20,6.67,,,,0.6,0.6,0.6
529,Roefs,Robin,Roefs,20,1,49,-1,0,a,,,,2.2,11,2.2,450,5,2.5,1163,6497,0,0,1,10,0,0,6,0,41,59.0,0.0,0.0,5.9,0.00,0.01,0.01,0.0,0.0,0.0,1.73,0,0.0,,,,2.2,2.2,2.2
530,Patterson,Anthony,Patterson,20,1,40,0,0,u,0,Has joined Wrexham permanently,2026-08-12T14:08:03.064533Z,0.0,0,0.0,0,0,0.1,0,201,0,0,0,0,0,0,0,0,0,0.0,0.0,0.0,0.0,0.00,0.00,0.00,0,0,0,0,0,0,,,,0.0,0.0,0.0
531,Ellborg,Melker,Ellborg,20,1,45,0,0,a,,,,0.0,0,0.0,0,0,0.1,66,124,0,0,0,0,0,0,0,0,0,0.0,0.0,0.0,0.0,0.00,0.00,0.00,0,0,0,0,0,0,,,,0.0,0.0,0.0
532,Ballard,Daniel,Ballard,20,2,49,-1,0,a,,,,2.8,14,2.8,450,5,2.6,2021,8540,0,0,1,10,2,0,0,0,31,75.8,23.5,24.0,12.3,0.31,0.16,0.47,0.06,0.03,0.09,1.73,49,9.8,,,,2.9,2.8,2.8
533,Mukiele,Nordi,Mukiele,20,2,54,-1,0,a,100,,2026-08-09T08:30:05.954750Z,2.6,13,3.2,360,4,1.9,2958,4704,0,0,1,8,1,0,0,1,44,85.4,17.9,48.0,15.1,0.75,0.28,1.03,0.19,0.07,0.26,1.72,48,12.0,,,,2.4,2.6,2.6
534,Hume,Trai,Hume,20,2,43,-2,-1,a,,,,2.0,10,2.5,206,2,2.9,806,19275,0,0,1,2,0,0,0,0,44,31.8,58.6,15.0,10.6,0.14,0.29,0.43,0.06,0.13,0.19,2.0,13,5.68,,3,,2.3,2.0,2.0
535,Alderete,Omar,Alderete,20,2,48,-2,-1,a,100,,2026-08-09T08:30:05.962393Z,0.2,1,1.0,23,0,0.2,126,610,0,0,0,1,0,0,0,0,2,0.0,0.6,0.0,0.0,0.00,0.01,0.01,0.0,0.04,0.04,0.39,0,0.0,,,,0.2,0.2,0.2
536,Reinildo,Reinildo,Mandava,20,2,44,-1,-1,a,100,,2026-09-12T21:30:09.421687Z,1.4,7,1.8,360,4,0.3,68,1182,0,0,1,5,0,1,0,0,37,53.8,36.4,6.0,9.5,0.00,0.32,0.32,0.0,0.08,0.08,1.26,29,7.25,,,,1.6,0.0,1.4
537,Seelt,Jenson,Seelt,20,2,45,0,0,u,0,Has joined Swansea City on loan for the rest of the season,2026-08-29T00:34:52.425076Z,0.0,0,0.0,0,0,0.0,0,9,0,0,0,0,0,0,0,0,0,0.0,0.0,0.0,0.0,0.00,0.00,0.00,0,0,0,0,0,0,,,,0.0,0.0,0.0
538,Hjelde,Leo Fuhr,Hjelde,20,2,40,0,0,u,0,Has joined KV Mechelen on loan for the rest of the season,2026-08-12T14:08:03.081789Z,0.0,0,0.0,0,0,0.0,0,85,0,0,0,0,0,0,0,0,0,0.0,0.0,0.0,0.0,0.00,0.00,0.00,0,0,0,0,0,0,,,,0.0,0.0,0.0
539,O'Nien,Luke,O'Nien,20,2,39,-1,-1,a,,,,0.2,1,1.0,66,1,2.5,9752,6233,0,0,0,1,1,0,0,0,1,11.4,1.4,4.0,1.7,0.01,0.01,0.02,0.01,0.01,0.02,2.3,5,6.82,,,,0.3,0.2,0.2
540,Masuaku,Arthur,Masuaku,20,2,40,0,0,u,0,Has joined Konyaspor permanently,2026-08-12T14:08:03.097784Z,0.0,0,0.0,0,0,0.1,0,381,0,0,0,0,0,0,0,0,0,0.0,0.0,0.0,0.0,0.00,0.00,0.00,0,0,0,0,0,0,,,,0.0,0.0,0.0
541,Meunier,Thomas,Meunier,20,2,45,0,0,a,100,,2026-08-16T08:30:07.830062Z,2.8,14,2.8,396,5,0.3,908,415,0,1,1,8,0,0,0,0,42,47.4,28.6,41.0,11.8,0.34,0.58,0.92,0.08,0.13,0.21,1.35,20,4.55,,,,3.1,2.8,2.8
542,E.Le Fée,Enzo,Le Fée,20,3,57,-3,-1,a,,,,3.6,18,3.6,438,5,3.4,5425,15463,1,1,1,9,0,0,0,1,90,54.8,64.5,80.0,20.1,2.06,1.34,3.40,0.42,0.28,0.7,1.74,21,4.32,2,1,3,3.2,3.6,3.6
543,Diarra,Habib,Diarra,20,3,54,-1,0,i,0,Hamstring injury - Unknown return date,2026-08-30T16:30:08.428960Z,1.0,5,2.5,28,0,0.0,6,110,0,1,0,1,0,0,0,0,18,15.6,10.9,2.0,2.9,0.03,0.16,0.19,0.1,0.51,0.61,0.39,0,0.0,1,,,0.9,0.0,0.0
544,Xhaka,Granit,Xhaka,20,3,55,0,0,a,,,,4.2,21,4.2,450,5,3.7,3295,13916,0,1,1,10,2,0,0,5,116,69.0,153.8,3.0,22.6,0.06,1.32,1.38,0.01,0.26,0.27,1.73,54,10.8,,2,2,3.8,4.2,4.2
545,Sadiki,Noah,Sadiki,20,3,49,-1,0,a,,,,2.0,10,2.0,410,5,0.2,225,788,0,0,1,9,1,0,0,0,75,52.8,56.2,80.0,18.9,0.44,0.24,0.68,0.1,0.05,0.15,1.42,29,6.37,,,,2.0,2.0,2.0
546,Adingra,Simon,Adingra,20,3,49,-1,0,u,0,Has joined Ajax on loan for the rest of the season,2026-08-20T14:00:08.416985Z,0.0,0,0.0,0,0,0.0,0,127,0,0,0,0,0,0,0,0,0,0.0,0.0,0.0,0.0,0.00,0.00,0.00,0,0,0,0,0,0,,,,0.0,0.0,0.0
547,Mundle,Romaine,Mundle,20,3,49,-1,0,i,0,Knee injury - Unknown return date,2026-09-09T14:00:08.462705Z,0.2,1,1.0,1,0,0.0,6,32,0,0,0,0,0,0,0,0,2,8.0,0.1,17.0,2.5,0.17,0.00,0.17,15.3,0.0,15.3,8.1,1,90.0,,,,0.2,0.0,0.0
548,Rigg,Chris,Rigg,20,3,49,-1,0,a,,,,0.4,2,1.0,17,0,0.0,12,122,0,0,0,1,0,0,0,0,6,0.0,0.3,0.0,0.0,0.00,0.00,0.00,0.0,0.0,0.0,2.33,1,5.29,,,,0.4,0.4,0.4
549,Talbi,Chemsdine,Talbi,20,3,53,-2,0,a,,,,0.2,1,1.0,31,0,0.1,65,346,0,0,0,1,0,0,0,0,1,0.0,0.9,0.0,0.0,0.00,0.00,0.00,0.0,0.0,0.0,0.41,2,5.81,,,,0.2,0.2,0.2
550,Jocelin.T,Djiamgone Jocelin Ta,Bi,20,3,50,0,0,a,,,,0.0,0,0.0,0,0,0.0,15,23,0,0,0,0,0,0,0,0,0,0.0,0.0,0.0,0.0,0.00,0.00,0.00,0,0,0,0,0,0,,,,0.0,0.0,0.0
551,N.Angulo,Nilson,Angulo,20,3,50,0,0,a,,,,3.2,16,3.2,313,5,0.1,263,458,1,1,1,7,1,0,0,0,67,50.8,26.6,34.0,11.1,0.60,0.13,0.73,0.17,0.04,0.21,1.31,24,6.9,,,1,3.2,3.2,3.2
552,Brobbey,Brian,Brobbey,20,4,57,-3,-1,a,,,,4.8,24,4.8,399,5,6.3,104860,16888,3,0,1,9,1,0,0,3,113,4.4,52.9,58.0,11.3,2.94,0.11,3.05,0.66,0.02,0.68,1.85,11,2.48,,,,4.2,4.8,4.8
553,Isidor,Wilson,Isidor,20,4,55,0,0,a,,,,3.0,15,3.0,117,0,1.3,1487,6865,1,1,0,3,0,0,0,3,51,30.6,0.7,35.0,6.6,1.49,0.01,1.50,1.15,0.01,1.16,2.91,5,3.85,,,,2.7,3.0,3.0
612,Methalie,Dayann,Méthalie,20,2,45,0,0,a,100,,2026-08-28T13:00:08.950445Z,-0.2,-1,-1.0,90,1,0.0,61,36,0,0,0,5,1,0,0,0,-8,0.0,0.0,0.0,0.0,0.03,0.01,0.04,0.03,0.01,0.04,2.82,3,3.0,,,,-0.2,-0.2,-0.2
613,Ahoka,Jules,Ahoka,20,3,45,0,0,a,,,,0.0,0,0.0,0,0,0.2,325,919,0,0,0,0,0,0,0,0,0,0.0,0.0,0.0,0.0,0.00,0.00,0.00,0,0,0,0,0,0,,,,0.0,0.0,0.0
646,Fofana,Malick,Fofana,20,3,55,0,0,a,,,,1.0,3,1.0,60,0,0.0,178,189,0,0,0,2,0,0,0,0,11,0.0,1.3,6.0,0.7,0.39,0.01,0.40,0.58,0.02,0.6,4.88,3,4.5,,,,0.5,1.0,1.0
651,J.Angulo,Juan,Angulo,20,4,45,0,0,a,,,,0.0,0,0.0,0,0,0.7,5394,4011,0,0,0,0,0,0,0,0,0,0.0,0.0,0.0,0.0,0.00,0.00,0.00,0,0,0,0,0,0,,,,0.0,0.0,0.0
