id,web_name,first_name,second_name,team,element_type,now_cost,cost_change_start,cost_change_event,status,chance_of_playing_next_round,news,news_added,form,total_points,points_per_game,minutes,starts,selected_by_percent,transfers_in_event,transfers_out_event,goals_scored,assists,clean_sheets,goals_conceded,yellow_cards,red_cards,saves,bonus,bps,influence,creativity,threat,ict_index,expected_goals,expected_assists,expected_goal_involvements,expected_goals_per_90,expected_assists_per_90,expected_goal_involvements_per_90,expected_goals_conceded_per_90,defensive_contribution,defensive_contribution_per_90,penalties_order,corners_and_indirect_freekicks_order,direct_freekicks_order,value_season,ep_this,ep_next
1,Raya,David,Raya Martín,1,1,60,0,0,a,,,,5.0,15,5.0,270,3,39.0,168786,144761,0,0,2,1,0,0,5,0,60,46.2,0.0,0.0,4.7,0.00,0.01,0.01,0.0,0.0,0.0,0.31,0,0.0,,,,2.5,5.0,5.0
2,Arrizabalaga,Kepa,Arrizabalaga Revuelta,1,1,49,-1,-1,a,,,,0.0,0,0.0,0,0,0.1,237,652,0,0,0,0,0,0,0,0,0,0.0,0.0,0.0,0.0,0.00,0.00,0.00,0,0,0,0,0,0,,,,0.0,0.0,0.0
3,Meslier,Illan,Meslier,1,1,49,-1,-1,a,,,,0.0,0,0.0,0,0,0.0,88,242,0,0,0,0,0,0,0,0,0,0.0,0.0,0.0,0.0,0.00,0.00,0.00,0,0,0,0,0,0,,,,0.0,0.0,0.0
4,Gabriel,Gabriel,dos Santos Magalhães,1,2,80,0,0,a,,,,5.0,15,5.0,270,3,24.5,38861,170250,0,0,2,1,1,0,0,0,54,48.4,7.4,83.0,13.8,0.49,0.05,0.54,0.16,0.02,0.18,0.31,21,7.0,,,,1.9,5.0,5.0
5,J.Timber,Jurriën,Timber,1,2,65,0,0,d,25,Groin injury - 25% chance of playing,2026-07-23T12:01:23.272929Z,0.0,0,0.0,0,0,0.1,533,1113,0,0,0,0,0,0,0,0,0,0.0,0.0,0.0,0.0,0.00,0.00,0.00,0,0,0,0,0,0,,,,0.0,0.0,0.0
6,Saliba,William,Saliba,1,2,59,-1,-1,i,0,Back injury - Unknown return date,2026-07-23T12:01:23.289376Z,0.0,0,0.0,0,0,0.2,653,2780,0,0,0,0,0,0,0,0,0,0.0,0.0,0.0,0.0,0.00,0.00,0.00,0,0,0,0,0,0,,,,0.0,0.0,0.0
7,Lewis-Skelly,Myles,Lewis-Skelly,1,3,55,0,0,a,,,,2.7,8,2.7,226,3,0.7,5307,7626,0,0,2,1,0,0,0,0,35,21.6,38.8,16.0,7.0,0.16,0.23,0.39,0.06,0.09,0.15,0.31,14,5.58,,,,1.5,2.7,2.7
8,Calafiori,Riccardo,Calafiori,1,2,58,3,1,a,,,,7.3,22,7.3,236,3,48.3,337358,62537,0,2,2,1,0,0,0,2,61,51.6,27.3,39.0,11.8,0.54,0.58,1.12,0.21,0.22,0.43,0.25,9,3.43,,,,3.8,7.3,7.3
9,Hincapie,Piero,Hincapié,1,2,53,-2,-1,a,,,,0.7,2,1.0,32,0,1.1,2904,14053,0,0,0,0,0,0,0,0,6,6.4,1.0,2.0,1.0,0.00,0.00,0.00,0.0,0.0,0.0,0.79,3,8.44,,,,0.4,0.7,0.7
10,White,Benjamin,White,1,2,55,0,0,a,100,,2026-07-23T12:01:23.305229Z,6.7,20,6.7,270,3,7.6,84623,80965,0,1,2,1,0,0,0,3,74,65.4,52.2,23.0,14.1,0.18,0.29,0.47,0.06,0.1,0.16,0.31,15,5.0,,,,3.6,6.7,6.7
11,Mosquera,Cristhian,Mosquera,1,2,54,-1,-1,d,75,Muscular injury - 75% chance of playing,2026-09-04T14:00:08.080310Z,4.0,12,6.0,168,2,3.1,655,123000,0,0,2,0,0,0,0,0,52,24.6,2.0,0.0,2.7,0.00,0.01,0.01,0.0,0.01,0.01,0.28,10,5.36,,,,2.2,3.0,3.0
12,Saka,Bukayo,Saka,1,3,95,0,0,a,,,,7.3,22,7.3,246,3,11.4,142899,100151,2,0,2,1,0,0,0,4,95,94.4,61.9,147.0,30.3,1.50,0.35,1.85,0.55,0.13,0.68,0.29,22,8.05,1,2,2,2.3,7.3,7.3
13,Rice,Declan,Rice,1,3,74,-1,-1,a,,,,4.3,13,4.3,241,3,13.4,19235,102215,0,1,2,1,0,0,0,0,51,64.6,53.9,4.0,12.3,0.10,0.26,0.36,0.04,0.1,0.14,0.29,24,8.96,,1,1,1.8,4.3,4.3
14,Eze,Eberechi,Eze,1,3,64,-1,0,a,,,,0.7,2,1.0,59,0,1.2,3096,21661,0,0,0,0,0,0,0,0,10,1.6,3.8,3.0,0.7,0.04,0.07,0.11,0.06,0.11,0.17,0.59,5,7.63,,,3,0.3,0.7,0.7
15,Ødegaard,Martin,Ødegaard,1,3,67,2,1,a,,,,8.0,24,8.0,221,3,15.6,470582,77641,2,0,2,1,0,0,0,6,101,102.4,102.5,66.0,27.1,1.01,1.05,2.06,0.41,0.43,0.84,0.27,16,6.52,3,,4,3.6,8.0,8.0
16,Madueke,Noni,Madueke,1,3,63,-2,0,a,,,,0.7,2,1.0,23,0,0.2,1227,3276,0,0,0,0,0,0,0,0,11,11.6,43.9,0.0,5.6,0.00,0.05,0.05,0.0,0.2,0.2,0.59,3,11.74,,5,,0.3,0.7,0.7
17,Merino,Mikel,Merino Zazón,1,3,59,-1,0,a,,,,0.7,2,0.7,46,0,0.4,1518,7768,0,0,0,0,1,0,0,0,12,6.4,3.3,14.0,2.4,0.14,0.02,0.16,0.27,0.04,0.31,0.51,6,11.74,,,,0.3,0.7,0.7
18,Martinelli,Gabriel,Martinelli Silva,1,3,63,-2,0,u,0,Has joined Al Hilal permanently,2026-09-04T12:34:46.738449Z,0.0,0,0.0,0,0,0.1,0,5268,0,0,0,0,0,0,0,0,0,0.0,0.0,0.0,0.0,0.00,0.00,0.00,0,0,0,0,0,0,,,,0.0,0.0,0.0
19,Zubimendi,Martín,Zubimendi Ibáñez,1,3,54,-1,0,a,,,,1.0,3,1.0,50,0,0.7,1245,9029,0,0,0,0,0,0,0,0,9,10.0,4.0,11.0,2.5,0.08,0.04,0.12,0.14,0.07,0.21,0.5,9,16.2,,,,0.6,1.0,1.0
20,Dowman,Max,Dowman,1,3,53,-2,-1,a,,,,0.0,0,0.0,0,0,0.1,495,1031,0,0,0,0,0,0,0,0,0,0.0,0.0,0.0,0.0,0.00,0.00,0.00,0,0,0,0,0,0,,,,0.0,0.0,0.0
22,Nwaneri,Ethan,Nwaneri,1,3,54,-1,0,u,0,Has joined Borussia Dortmund on loan for the rest of the season,2026-09-02T16:01:07.058827Z,0.0,0,0.0,0,0,0.0,0,282,0,0,0,0,0,0,0,0,0,0.0,0.0,0.0,0.0,0.00,0.00,0.00,0,0,0,0,0,0,,,,0.0,0.0,0.0
23,Fábio Vieira,Fábio,Ferreira Vieira,1,3,55,0,0,u,0,Has joined Hamburger SV permanently,2026-09-02T16:00:28.446370Z,0.0,0,0.0,0,0,0.0,0,226,0,0,0,0,0,0,0,0,0,0.0,0.0,0.0,0.0,0.00,0.00,0.00,0,0,0,0,0,0,,,,0.0,0.0,0.0
24,Nelson,Reiss,Nelson,1,3,55,0,0,u,0,has departed the club as a free agent.,2026-08-29T00:33:08.556767Z,0.0,0,0.0,0,0,0.0,0,84,0,0,0,0,0,0,0,0,0,0.0,0.0,0.0,0.0,0.00,0.00,0.00,0,0,0,0,0,0,,,,0.0,0.0,0.0
25,Gyökeres,Viktor,Gyökeres,1,4,72,-3,-1,a,,,,0.3,1,1.0,12,0,3.9,4928,67394,0,0,0,0,0,0,0,0,2,0.0,0.1,0.0,0.0,0.00,0.00,0.00,0.0,0.0,0.0,0.82,1,7.5,2,,,0.1,0.3,0.3
26,Havertz,Kai,Havertz,1,4,75,0,0,a,,,,5.3,16,5.3,257,3,7.7,132273,52921,2,0,2,1,0,0,0,2,77,82.6,53.6,105.0,24.1,0.55,0.33,0.88,0.19,0.12,0.31,0.28,8,2.8,,,,2.1,5.3,5.3
27,G.Jesus,Gabriel,Fernando de Jesus,1,4,59,-1,0,u,0,Has joined FC Barcelona permanently,2026-09-02T16:00:28.475184Z,0.0,0,0.0,0,0,0.2,0,6647,0,0,0,0,0,0,0,0,0,0.0,0.0,0.0,0.0,0.00,0.00,0.00,0,0,0,0,0,0,,,,0.0,0.0,0.0
31,Konsa,Ezri,Konsa Ngoyo,1,2,44,-1,0,a,,,,1.7,5,2.5,101,1,14.5,409342,69922,0,0,0,1,0,0,0,0,18,22.6,1.5,4.0,2.8,0.00,0.01,0.01,0.0,0.01,0.01,0.35,11,9.8,,,,1.1,1.7,1.7
452,Bruno G.,Bruno,Guimarães Rodriguez Moura,1,3,68,-2,0,a,100,,2026-09-04T14:00:08.328779Z,0.3,1,1.0,19,0,1.8,1682,27642,0,0,0,0,0,0,0,0,4,1.4,0.8,2.0,0.4,0.00,0.01,0.01,0.0,0.05,0.05,0.0,3,14.21,4,4,,0.1,0.2,0.3
557,Tzolis,Christos,Tzolis,1,3,64,-1,-1,a,,,,3.7,11,3.7,210,3,16.8,54168,274985,0,2,1,1,2,0,0,1,62,47.6,101.6,38.0,18.8,0.19,0.35,0.54,0.08,0.15,0.23,0.24,17,7.29,,3,,1.7,3.7,3.7
29,M.Bizot,Marco,Bizot,2,1,45,0,0,a,,,,0.3,1,1.0,90,1,0.1,737,1174,0,0,0,4,0,0,3,0,1,28.2,0.0,0.0,2.8,0.00,0.00,0.00,0.0,0.0,0.0,3.77,0,0.0,,,,0.2,0.3,0.3
30,Digne,Lucas,Digne,2,2,45,0,0,u,0,Has joined Paris Saint-Germain permanently,2026-08-10T14:03:30.089007Z,0.0,0,0.0,0,0,0.1,0,730,0,0,0,0,0,0,0,0,0,0.0,0.0,0.0,0.0,0.00,0.00,0.00,0,0,0,0,0,0,,,,0.0,0.0,0.0
32,Cash,Matty,Cash,2,2,45,0,0,d,75,Muscular injury - 75% chance of playing,2026-09-09T14:30:08.192142Z,2.3,7,2.3,251,3,6.6,17706,47179,0,0,1,5,1,0,0,0,23,32.4,19.2,13.0,6.5,0.15,0.04,0.19,0.05,0.01,0.06,1.8,14,5.02,,1,,1.6,2.3,1.7
33,Mings,Tyrone,Mings,2,2,45,0,0,a,,,,2.3,7,3.5,106,1,0.4,2812,1709,0,0,1,0,0,0,0,0,33,16.8,4.4,13.0,3.4,0.11,0.02,0.13,0.09,0.02,0.11,0.67,6,5.09,,,,1.6,2.3,2.3
34,Pau,Pau,Torres,2,2,45,0,0,a,,,,0.7,2,1.0,163,2,0.4,1805,3834,0,0,0,5,0,0,0,0,-8,11.0,1.5,0.0,1.2,0.00,0.01,0.01,0.0,0.01,0.01,2.53,9,4.97,,,,0.4,0.7,0.7
35,Bogarde,Lamare,Bogarde,2,3,50,0,0,a,,,,0.3,1,1.0,16,0,0.1,514,844,0,0,0,0,0,0,0,0,3,2.2,0.5,0.0,0.3,0.00,0.00,0.00,0.0,0.0,0.0,1.24,1,5.62,,,,0.2,0.3,0.3
36,Maatsen,Ian,Maatsen,2,2,45,0,0,a,,,,2.7,8,2.7,245,3,0.8,8715,4349,0,0,1,5,1,0,0,1,15,24.6,21.1,19.0,6.4,0.10,0.42,0.52,0.04,0.15,0.19,1.79,20,7.35,,,,1.8,2.7,2.7
37,Lindelöf,Victor,Lindelöf,2,2,45,0,0,a,,,,2.0,6,2.0,270,3,0.3,2607,1418,0,0,1,5,0,0,0,0,25,39.2,26.2,2.0,6.7,0.00,0.16,0.16,0.0,0.05,0.05,1.79,14,4.67,,,,1.3,2.0,2.0
38,A.García,Andrés,García,2,2,40,0,0,a,,,,0.0,0,0.0,0,0,1.7,9299,12483,0,0,0,0,0,0,0,0,0,0.0,0.0,0.0,0.0,0.00,0.00,0.00,0,0,0,0,0,0,,,,0.0,0.0,0.0
39,Nedeljkovic,Kosta,Nedeljkovic,2,2,40,0,0,u,0,Has joined Rangers on loan for the rest of the season,2026-08-19T13:56:46.385411Z,0.0,0,0.0,0,0,0.2,0,1614,0,0,0,0,0,0,0,0,0,0.0,0.0,0.0,0.0,0.00,0.00,0.00,0,0,0,0,0,0,,,,0.0,0.0,0.0
41,Buendía,Emiliano,Buendía Stati,2,3,59,-1,-1,a,,,,2.3,7,2.3,249,3,1.0,8266,14797,0,0,1,5,0,0,0,0,15,5.0,40.3,24.0,6.3,0.78,0.16,0.94,0.28,0.06,0.34,1.76,14,5.06,1,3,1,1.2,2.3,2.3
44,Bailey,Leon,Bailey,2,3,54,-1,0,u,0,Has joined Olympiakos permanently,2026-09-04T12:35:14.472260Z,0.0,0,0.0,0,0,0.1,0,3742,0,0,0,0,0,0,0,0,0,0.0,0.0,0.0,0.0,0.00,0.00,0.00,0,0,0,0,0,0,,,,0.0,0.0,0.0
45,McGinn,John,McGinn,2,3,54,-1,0,a,,,,1.7,5,1.7,261,3,2.3,11365,22447,0,0,1,5,2,0,0,0,16,3.0,20.0,15.0,3.3,0.77,0.09,0.86,0.27,0.03,0.3,1.8,15,5.17,,2,,0.9,1.7,1.7
46,Barkley,Ross,Barkley,2,3,50,0,0,a,,,,2.3,7,2.3,240,3,0.3,3448,2493,0,0,1,5,0,0,0,0,49,35.8,78.8,24.0,13.9,0.35,0.13,0.48,0.13,0.05,0.18,1.94,17,6.38,,4,,1.4,2.3,2.3
47,Kamara,Boubacar,Kamara,2,3,50,0,0,a,100,,2026-07-23T12:01:23.337269Z,2.3,7,2.3,270,3,0.3,2653,3363,0,0,1,5,0,0,0,0,42,35.4,43.2,0.0,7.9,0.00,0.10,0.10,0.0,0.03,0.03,1.79,25,8.33,,,,1.4,2.3,2.3
48,Onana,Amadou,Onana,2,3,50,0,0,i,0,Knee injury - Unknown return date,2026-07-23T12:01:23.352497Z,0.0,0,0.0,0,0,0.0,79,207,0,0,0,0,0,0,0,0,0,0.0,0.0,0.0,0.0,0.00,0.00,0.00,0,0,0,0,0,0,,,,0.0,0.0,0.0
49,Iling Jr,Samuel,Iling-Junior,2,3,50,0,0,u,0,Has joined Bolton Wanderers on loan for the rest of the season,2026-08-17T13:52:28.532616Z,0.0,0,0.0,0,0,0.0,0,19,0,0,0,0,0,0,0,0,0,0.0,0.0,0.0,0.0,0.00,0.00,0.00,0,0,0,0,0,0,,,,0.0,0.0,0.0
50,Burrowes,Bradley,Burrowes,2,3,45,0,0,a,,,,0.0,0,0.0,0,0,0.7,5346,6130,0,0,0,0,0,0,0,0,0,0.0,0.0,0.0,0.0,0.00,0.00,0.00,0,0,0,0,0,0,,,,0.0,0.0,0.0
51,George Hemmings,George,Hemmings,2,3,45,0,0,a,,,,2.3,7,2.3,234,3,1.2,35421,15462,0,0,1,5,0,0,0,0,29,23.2,29.4,23.0,7.5,0.07,0.15,0.22,0.03,0.06,0.09,1.92,18,6.92,,,,1.6,2.3,2.3
52,Alysson,Alysson Edward Franco,da Rocha dos Santos,2,3,50,0,0,a,,,,0.7,2,0.7,42,0,0.0,364,506,0,0,0,0,1,0,0,0,10,5.4,2.6,2.0,1.0,0.00,0.00,0.00,0.0,0.0,0.0,1.09,6,12.86,,,,0.4,0.7,0.7
53,Manzambi,Johan,Manzambi,2,3,59,-1,0,i,0,Knee injury - Expected back 12 Sep,2026-08-15T15:30:06.388335Z,0.0,0,0.0,0,0,0.1,325,1437,0,0,0,0,0,0,0,0,0,0.0,0.0,0.0,0.0,0.00,0.00,0.00,0,0,0,0,0,0,,,,0.0,0.0,0.0
54,Gomes,Joao,Gomes,2,3,55,0,0,s,0,Suspended until 19 Sep,2026-08-23T17:30:08.367415Z,-0.7,-2,-2.0,39,1,0.0,93,389,0,0,0,4,0,1,0,0,-2,1.0,11.0,0.0,1.2,0.00,0.01,0.01,0.0,0.02,0.02,5.95,7,16.15,,,,-0.4,0.0,0.0
55,Watkins,Ollie,Watkins,2,4,78,-2,0,u,0,Has joined Al Hilal permanently,2026-09-01T13:15:16.698799Z,0.0,0,0.0,0,0,3.2,0,98816,0,0,0,0,0,0,0,0,0,0.0,0.0,0.0,0.0,0.00,0.00,0.00,0,0,0,0,0,0,,,,0.0,0.0,0.0
56,Abraham,Tammy,Abraham,2,4,55,0,0,a,100,,2026-08-15T16:00:07.558543Z,0.7,2,1.0,24,0,0.2,3141,2006,0,0,0,0,0,0,0,0,6,2.0,2.3,0.0,0.4,0.00,0.00,0.00,0.0,0.0,0.0,1.39,1,3.75,,,,0.4,0.7,0.7
160,Garnacho,Alejandro,Garnacho Ferreyra,2,3,59,-1,0,a,,,,1.0,3,1.0,31,0,0.4,1196,6321,0,0,0,0,0,0,0,0,9,1.2,3.6,0.0,0.5,0.00,0.00,0.00,0.0,0.0,0.0,1.42,2,5.81,,,,0.5,1.0,1.0
166,N.Jackson,Nicolas,Jackson,2,4,65,0,0,a,,,,1.3,4,2.0,154,2,1.2,25682,12553,0,0,1,1,0,0,0,0,21,5.4,23.4,22.0,5.1,0.24,0.54,0.78,0.14,0.32,0.46,0.72,5,2.92,2,,,0.6,1.3,1.3
582,Madjo,Brian,Madjo,2,4,55,0,0,i,0,Unspecified injury - Unknown return date,2026-08-15T16:00:07.974271Z,0.0,0,0.0,0,0,0.3,284,3971,0,0,0,0,0,0,0,0,0,0.0,0.0,0.0,0.0,0.00,0.00,0.00,0,0,0,0,0,0,,,,0.0,0.0,0.0
596,Ruggeri,Matteo,Ruggeri,2,2,45,0,0,a,,,,0.7,2,1.0,23,0,0.1,194,830,0,0,0,0,0,0,0,0,6,6.6,2.6,0.0,0.9,0.00,0.01,0.01,0.0,0.04,0.04,1.92,3,11.74,,,,0.4,0.7,0.7
597,Suzuki,Zion,Suzuki,2,1,50,0,0,a,,,,4.0,12,6.0,180,2,1.6,53580,11855,0,0,1,1,0,0,5,3,46,40.8,0.0,0.0,4.1,0.00,0.00,0.00,0.0,0.0,0.0,0.8,0,0.0,,,,2.4,4.0,4.0
606,Rowe,Triston,Rowe,2,2,40,0,0,a,,,,0.0,0,0.0,0,0,0.2,2159,1339,0,0,0,0,0,0,0,0,0,0.0,0.0,0.0,0.0,0.00,0.00,0.00,0,0,0,0,0,0,,,,0.0,0.0,0.0
607,Lynch,Luka,Lynch,2,3,45,0,0,u,0,Has joined Oxford United on loan until January,2026-09-04T12:35:39.820426Z,0.0,0,0.0,0,0,0.1,0,2501,0,0,0,0,0,0,0,0,0,0.0,0.0,0.0,0.0,0.00,0.00,0.00,0,0,0,0,0,0,,,,0.0,0.0,0.0
611,Wan-Bissaka,Aaron,Wan-Bissaka,2,2,45,0,0,a,,,,1.0,2,1.0,17,0,0.2,2315,1599,0,0,0,0,0,0,0,0,7,6.4,1.7,0.0,0.8,0.00,0.00,0.00,0.0,0.0,0.0,1.85,3,15.88,,,,0.4,1.0,1.0
618,Goretzka,Leon,Goretzka,2,3,60,0,0,i,0,Knee injury - Expected back 10 Oct,2026-09-09T09:30:08.229436Z,0.0,0,0.0,0,0,0.0,879,1464,0,0,0,0,0,0,0,0,0,0.0,0.0,0.0,0.0,0.00,0.00,0.00,0,0,0,0,0,0,,,,0.0,0.0,0.0
630,Harwood-Bellis,Taylor,Harwood-Bellis,2,2,45,0,0,a,,,,0.0,0,0.0,0,0,0.0,489,200,0,0,0,0,0,0,0,0,0,0.0,0.0,0.0,0.0,0.00,0.00,0.00,0,0,0,0,0,0,,,,0.0,1.8,1.8
631,Mbaye,Ibrahim,Mbaye,2,3,60,0,0,a,,,,0.0,0,0.0,0,0,0.1,2236,1077,0,0,0,0,0,0,0,0,0,0.0,0.0,0.0,0.0,0.00,0.00,0.00,0,0,0,0,0,0,,,,0.0,2.2,2.2
57,Petrović,Đorđe,Petrović,3,1,45,0,0,a,,,,2.0,6,2.0,270,3,3.3,19031,24503,0,0,0,5,0,0,9,0,33,74.0,0.0,0.0,7.4,0.00,0.00,0.00,0.0,0.0,0.0,1.6,0,0.0,,,,1.3,2.0,2.0
58,Forster,Fraser,Forster,3,1,40,0,0,a,,,,0.0,0,0.0,0,0,3.5,24359,13952,0,0,0,0,0,0,0,0,0,0.0,0.0,0.0,0.0,0.00,0.00,0.00,0,0,0,0,0,0,,,,0.0,0.0,0.0
59,Dennis,Will,Dennis,3,1,40,0,0,u,0,Has joined MK Dons permanently,2026-08-27T14:53:48.692835Z,0.0,0,0.0,0,0,0.1,0,1180,0,0,0,0,0,0,0,0,0,0.0,0.0,0.0,0.0,0.00,0.00,0.00,0,0,0,0,0,0,,,,0.0,0.0,0.0
60,Hill,James,Hill,3,2,55,0,0,a,,,,2.0,6,2.0,270,3,0.8,4952,7155,0,0,0,5,0,0,0,0,23,54.0,52.8,6.0,11.3,0.00,0.76,0.76,0.0,0.25,0.25,1.6,24,8.0,,,,1.1,2.0,2.0
61,Truffert,Adrien,Truffert,3,2,55,0,0,a,,,,1.7,5,1.7,270,3,3.5,7508,32450,0,0,0,5,1,0,0,2,24,53.4,40.7,6.0,10.1,0.01,0.13,0.14,0.0,0.04,0.04,1.6,22,7.33,,,,0.9,1.7,1.7
62,Diakité,Bafodé,Diakité,3,2,50,0,0,a,,,,0.0,0,0.0,0,0,0.2,918,2070,0,0,0,0,0,0,0,0,0,0.0,0.0,0.0,0.0,0.00,0.00,0.00,0,0,0,0,0,0,,,,0.0,0.0,0.0
63,Milosavljević,Veljko,Milosavljevic,3,2,50,0,0,i,0,Unspecified injury - Unknown return date,2026-08-06T10:00:10.456051Z,0.0,0,0.0,0,0,0.0,53,129,0,0,0,0,0,0,0,0,0,0.0,0.0,0.0,0.0,0.00,0.00,0.00,0,0,0,0,0,0,,,,0.0,0.0,0.0
64,Smith,Adam,Smith,3,2,45,0,0,a,,,,0.7,2,0.7,270,3,0.1,925,1202,0,0,0,5,2,0,0,0,12,32.2,41.6,4.0,7.8,0.01,0.06,0.07,0.0,0.02,0.02,1.6,15,5.0,,,,0.4,0.7,0.7
65,J.Araujo,Julián,Araujo Zúñiga,3,2,44,-1,-1,i,0,Thigh injury - Unknown return date,2026-08-09T08:00:05.645826Z,0.0,0,0.0,0,0,0.0,80,179,0,0,0,0,0,0,0,0,0,0.0,0.0,0.0,0.0,0.00,0.00,0.00,0,0,0,0,0,0,,,,0.0,0.0,0.0
66,Soler,Julio,Soler Barreto,3,2,40,0,0,a,100,,2026-08-15T16:30:07.021055Z,0.0,0,0.0,0,0,0.3,2924,1995,0,0,0,0,0,0,0,0,0,0.0,0.0,0.0,0.0,0.00,0.00,0.00,0,0,0,0,0,0,,,,0.0,0.0,0.0
67,Rayan,Rayan Vitor,Simplício Rocha,3,3,64,-1,-1,a,,,,2.0,6,2.0,266,3,2.0,5392,29333,0,0,0,4,0,0,0,0,21,16.4,15.7,71.0,10.4,0.48,0.06,0.54,0.16,0.02,0.18,1.54,8,2.71,,,,0.9,2.0,2.0
68,Tavernier,Marcus,Tavernier,3,3,60,0,0,a,,,,7.0,21,7.0,268,3,3.4,114586,33003,2,0,0,5,1,0,0,6,95,101.6,68.7,106.0,27.6,1.50,0.34,1.84,0.5,0.11,0.61,1.6,28,9.4,3,1,1,3.5,7.0,7.0
69,Scott,Alex,Scott,3,3,61,1,1,a,,,,8.0,24,8.0,266,3,5.0,266956,38145,1,2,1,4,1,0,0,5,93,72.4,59.8,33.0,16.5,0.33,0.30,0.63,0.11,0.1,0.21,1.58,37,12.52,,2,4,3.9,8.0,8.0
70,Kluivert,Justin,Kluivert,3,3,60,0,0,a,,,,2.3,7,2.3,229,3,1.0,5522,14246,0,0,2,1,1,0,0,0,33,22.2,43.2,77.0,13.9,0.78,0.06,0.84,0.31,0.02,0.33,1.61,18,7.07,2,3,2,1.2,2.3,2.3
71,Cook,Lewis,Cook,3,3,50,0,0,a,,,,2.3,7,2.3,157,2,0.2,1591,2445,0,0,2,1,0,0,0,0,23,8.4,15.2,0.0,2.4,0.00,0.01,0.01,0.0,0.01,0.01,2.2,10,5.73,,,,1.4,2.3,2.3
72,Gannon-Doak,Ben,Gannon-Doak,3,3,49,-1,-1,a,,,,0.7,2,1.0,2,0,0.1,284,750,0,0,0,1,0,0,0,0,6,2.2,0.6,7.0,1.0,0.02,0.00,0.02,0.9,0.0,0.9,10.8,3,135.0,,,,0.4,0.7,0.7
73,Adams,Tyler,Adams,3,3,50,0,0,a,100,,2026-08-15T16:30:07.029928Z,2.0,6,2.0,111,1,0.3,4094,2607,0,0,0,4,0,0,0,0,23,17.4,13.4,0.0,3.1,0.00,0.01,0.01,0.0,0.01,0.01,0.77,18,14.59,,,,1.2,2.0,2.0
74,Brooks,David,Brooks,3,3,50,0,0,a,100,,2026-08-15T16:30:07.037929Z,0.7,2,1.0,23,0,0.1,510,581,0,0,0,2,0,0,0,0,5,0.0,1.6,0.0,0.1,0.00,0.01,0.01,0.0,0.04,0.04,1.53,0,0.0,,4,3,0.4,0.7,0.7
75,Christie,Ryan,Christie,3,3,50,0,0,a,100,,2026-07-24T17:30:10.035483Z,0.7,2,1.0,4,0,0.0,715,404,0,0,0,1,0,0,0,0,8,2.8,0.3,0.0,0.3,0.00,0.00,0.00,0.0,0.0,0.0,2.92,2,45.0,,,,0.4,0.7,0.7
76,Tóth.A,Alex,Tóth,3,3,50,0,0,a,,,,0.3,1,1.0,15,0,0.0,54,152,0,0,0,2,0,0,0,0,5,2.8,0.6,0.0,0.3,0.00,0.00,0.00,0.0,0.0,0.0,1.86,2,12.0,,,,0.2,0.3,0.3
77,Adli,Amine,Adli,3,3,49,-1,0,i,0,Unspecified injury - Unknown return date,2026-08-15T16:00:07.590566Z,0.0,0,0.0,0,0,0.0,39,238,0,0,0,0,0,0,0,0,0,0.0,0.0,0.0,0.0,0.00,0.00,0.00,0,0,0,0,0,0,,,,0.0,0.0,0.0
78,Kroupi.Jr,Junior,Kroupi,3,3,74,-1,0,i,0,Foot injury - Expected back 7 Nov,2026-07-29T17:30:09.796802Z,0.0,0,0.0,0,0,0.2,154,2594,0,0,0,0,0,0,0,0,0,0.0,0.0,0.0,0.0,0.00,0.00,0.00,0,0,0,0,0,0,1,,,0.0,0.0,0.0
79,Evanilson,Francisco Evanilson,de Lima Barbosa,3,4,60,0,0,a,,,,3.7,11,3.7,244,3,3.2,32293,30862,0,2,2,2,1,0,0,0,32,37.6,39.2,45.0,12.1,0.71,0.26,0.97,0.26,0.1,0.36,1.59,18,6.64,,,,1.8,3.7,3.7
80,Enes Ünal,Enes,Ünal,3,4,55,0,0,u,0,Has joined Getafe permanently,2026-08-14T14:14:21.881112Z,0.0,0,0.0,0,0,0.0,0,179,0,0,0,0,0,0,0,0,0,0.0,0.0,0.0,0.0,0.00,0.00,0.00,0,0,0,0,0,0,,,,0.0,0.0,0.0
81,Rodríguez,Álvaro,Rodríguez,3,4,60,0,0,a,100,,2026-08-15T16:30:07.054142Z,0.3,1,1.0,9,0,0.1,937,1264,0,0,0,1,0,0,0,0,4,0.0,0.0,0.0,0.0,0.00,0.00,0.00,0.0,0.0,0.0,1.6,1,10.0,,,,0.2,0.3,0.3
566,Silva,António João,Pereira de Albuquerque Tavares da Silva,3,2,50,0,0,a,,,,2.3,7,2.3,270,3,0.4,3293,4036,0,0,0,5,1,0,0,0,24,73.8,3.3,30.0,10.7,0.27,0.04,0.31,0.09,0.01,0.1,1.6,31,10.33,,,,1.4,2.3,2.3
573,Sanchez,Juanlu,Sánchez,3,2,45,0,0,a,,,,0.0,0,0.0,0,0,0.2,185,1119,0,0,0,0,0,0,0,0,0,0.0,0.0,0.0,0.0,0.00,0.00,0.00,0,0,0,0,0,0,,,,0.0,0.0,0.0
608,Jebbison,Daniel,Jebbison,3,4,50,0,0,a,,,,0.7,2,1.0,16,0,0.1,2454,1352,0,0,0,2,0,0,0,0,10,3.4,0.8,17.0,2.1,0.10,0.00,0.10,0.56,0.0,0.56,2.02,1,5.62,,,,0.4,0.7,0.7
615,Di Gregorio,Michele,Di Gregorio,3,1,45,0,0,a,,,,0.0,0,0.0,0,0,0.0,556,388,0,0,0,0,0,0,0,0,0,0.0,0.0,0.0,0.0,0.00,0.00,0.00,0,0,0,0,0,0,,,,0.0,0.0,0.0
82,Kelleher,Caoimhín,Kelleher,4,1,50,0,0,a,,,,3.7,11,3.7,270,3,6.7,24554,39139,0,0,1,2,0,0,7,0,51,57.6,0.0,0.0,5.7,0.00,0.01,0.01,0.0,0.0,0.0,1.25,0,0.0,,,,2.2,3.7,3.7
83,Valdimarsson,Hákon Rafn,Valdimarsson,4,1,45,0,0,a,,,,0.0,0,0.0,0,0,0.1,444,728,0,0,0,0,0,0,0,0,0,0.0,0.0,0.0,0.0,0.00,0.00,0.00,0,0,0,0,0,0,,,,0.0,0.0,0.0
84,Collins,Nathan,Collins,4,2,55,0,0,d,25,Calf injury - 25% chance of playing,2026-09-05T18:00:06.182495Z,3.3,10,3.3,196,3,1.7,1199,50008,0,0,1,1,1,0,0,0,39,40.6,22.4,51.0,11.4,0.51,0.05,0.56,0.23,0.02,0.25,0.98,17,7.81,,,,1.8,3.3,0.8
85,Van den Berg,Sepp,van den Berg,4,2,49,-1,0,i,0,Groin injury - Unknown return date,2026-08-15T15:30:06.416627Z,0.0,0,0.0,0,0,0.1,57,982,0,0,0,0,0,0,0,0,0,0.0,0.0,0.0,0.0,0.00,0.00,0.00,0,0,0,0,0,0,,,,0.0,0.0,0.0
86,Lewis-Potter,Keane,Lewis-Potter,4,3,55,0,0,a,,,,6.0,18,6.0,267,3,2.1,18881,21705,1,1,1,2,0,0,0,3,70,93.8,92.6,43.0,22.9,1.03,0.65,1.68,0.35,0.22,0.57,1.26,27,9.1,,,1,3.3,6.0,6.0
87,Ajer,Kristoffer,Ajer,4,2,45,0,0,a,,,,4.3,13,4.3,270,3,4.8,35686,66488,0,0,1,2,1,0,0,0,44,69.6,22.2,37.0,12.9,0.11,0.03,0.14,0.04,0.01,0.05,1.25,32,10.67,,,,2.9,4.3,4.3
88,Kayode,Michael,Kayode,4,2,46,1,0,a,,,,5.3,16,5.3,207,3,9.0,34761,78608,1,0,1,1,0,0,0,1,47,55.8,17.8,56.0,12.9,0.55,0.21,0.76,0.24,0.09,0.33,0.99,13,5.65,,,,3.5,5.3,5.3
89,Henry,Rico,Henry,4,2,45,0,0,a,,,,0.3,1,1.0,2,0,0.2,228,1358,0,0,0,0,0,0,0,0,3,0.0,0.0,0.0,0.0,0.00,0.00,0.00,0.0,0.0,0.0,0.0,0,0.0,,,,0.2,0.3,0.3
90,Hickey,Aaron,Hickey,4,2,45,0,0,a,,,,1.0,3,1.0,61,0,0.1,221,520,0,0,0,1,0,0,0,0,8,11.6,5.4,0.0,1.7,0.00,0.02,0.02,0.0,0.03,0.03,2.15,6,8.85,,,,0.7,1.0,1.0
92,Ji-soo,Kim,Ji-soo,4,2,45,0,0,a,,,,0.0,0,0.0,0,0,0.0,84,182,0,0,0,0,0,0,0,0,0,0.0,0.0,0.0,0.0,0.00,0.00,0.00,0,0,0,0,0,0,,,,0.0,0.0,0.0
93,Schuster,Jannik,Schuster,4,2,45,0,0,a,,,,1.3,4,4.0,73,0,0.1,366,460,0,0,0,1,0,0,0,0,11,17.2,0.2,4.0,2.1,0.10,0.01,0.11,0.12,0.01,0.13,1.98,10,12.33,,,,0.9,1.3,1.3
94,Schade,Kevin,Schade,4,3,60,0,0,a,,,,5.0,15,5.0,267,3,3.8,19248,56245,1,0,1,2,0,0,0,3,62,64.0,36.2,101.0,20.1,0.77,0.20,0.97,0.26,0.07,0.33,1.26,23,7.75,2,,,2.5,5.0,5.0
95,O.Dango,Dango,Ouattara,4,3,64,-1,-1,a,,,,1.7,5,1.7,140,2,0.7,910,14774,0,0,1,1,0,0,0,0,28,23.2,57.6,17.0,9.8,0.07,0.38,0.45,0.04,0.24,0.28,1.4,24,15.43,,4,,0.8,1.7,1.7
96,Damsgaard,Mikkel,Damsgaard,4,3,55,0,0,a,,,,4.0,12,4.0,167,2,0.5,3797,3011,0,1,1,1,0,0,0,3,56,34.2,87.2,31.0,15.3,0.03,0.45,0.48,0.02,0.24,0.26,1.0,17,9.16,,2,3,2.2,4.0,4.0
97,Jensen,Mathias,Jensen,4,3,55,0,0,i,0,Unspecified injury - Expected back 18 Sep,2026-08-30T12:30:08.176795Z,2.0,6,6.0,66,1,0.1,23,3014,0,1,1,0,0,0,0,0,22,12.6,46.2,13.0,7.2,0.08,0.34,0.42,0.11,0.46,0.57,0.64,5,6.82,3,1,2,1.1,0.0,0.0
98,Janelt,Vitaly,Janelt,4,3,50,0,0,a,,,,7.0,21,7.0,270,3,1.9,110091,23947,2,0,1,2,3,0,0,3,76,117.6,77.3,45.0,24.0,0.50,0.32,0.82,0.17,0.11,0.28,1.25,35,11.67,,3,,4.2,7.0,7.0
99,Milambo,Antoni,Milambo,4,3,50,0,0,i,0,Knee injury - Unknown return date,2026-07-23T12:01:23.384798Z,0.0,0,0.0,0,0,0.0,18,24,0,0,0,0,0,0,0,0,0,0.0,0.0,0.0,0.0,0.00,0.00,0.00,0,0,0,0,0,0,,,,0.0,0.0,0.0
100,Carvalho,Fábio,Freitas Gouveia Carvalho,4,3,50,0,0,a,100,,2026-08-18T13:58:17.442072Z,0.0,0,0.0,0,0,0.0,271,254,0,0,0,0,0,0,0,0,0,0.0,0.0,0.0,0.0,0.00,0.00,0.00,0,0,0,0,0,0,,,,0.0,0.0,0.0
102,Yarmoliuk,Yehor,Yarmoliuk,4,3,49,-1,0,a,,,,0.7,2,0.7,89,0,0.8,564,10780,0,0,0,2,1,0,0,0,12,7.6,16.7,9.0,3.4,0.07,0.03,0.10,0.07,0.03,0.1,2.81,11,11.12,,,,0.4,0.7,0.7
103,Dasilva,Josh,Dasilva,4,3,50,0,0,i,0,Hamstring injury - Expected back 10 Oct,2026-09-04T13:30:08.371955Z,0.0,0,0.0,0,0,0.0,24,474,0,0,0,0,0,0,0,0,0,0.0,0.0,0.0,0.0,0.00,0.00,0.00,0,0,0,0,0,0,,,,0.0,0.0,0.0
105,Anthony,Jaidon,Anthony,4,3,60,0,0,a,,,,1.3,4,1.3,128,1,0.1,504,1781,0,0,1,1,1,0,0,0,16,13.8,63.0,19.0,9.5,0.19,0.42,0.61,0.13,0.3,0.43,1.09,13,9.14,,,,0.7,1.3,1.3
106,Thiago,Igor Thiago,Nascimento Rodrigues,4,4,79,-1,-1,a,,,,1.3,4,1.3,262,3,11.6,16234,214513,0,0,1,2,0,0,0,0,8,20.6,11.6,106.0,13.8,2.30,0.10,2.40,0.79,0.03,0.82,1.26,15,5.15,1,,,0.5,1.3,1.3
107,Furo,Kaye,Furo,4,4,45,0,0,a,,,,0.0,0,0.0,0,0,1.1,14174,10346,0,0,0,0,0,0,0,0,0,0.0,0.0,0.0,0.0,0.00,0.00,0.00,0,0,0,0,0,0,,,,0.0,0.0,0.0
108,Wilson,Callum,Wilson,4,4,55,0,0,a,,,,1.0,3,1.0,13,0,0.4,2041,4240,0,0,0,0,0,0,0,0,9,3.2,10.4,12.0,2.6,0.07,0.04,0.11,0.48,0.28,0.76,1.04,2,13.85,,,,0.5,1.0,1.0
565,M.Sangaré,Mamadou,Sangaré,4,3,57,2,0,a,,,,6.0,18,6.0,210,3,13.6,84128,214234,0,2,1,1,1,0,0,3,57,56.0,48.4,40.0,14.1,0.41,0.37,0.78,0.18,0.16,0.34,0.98,32,13.71,,,,3.2,6.0,6.0
620,Diouf,El Hadji Malick,Diouf,4,2,45,0,0,a,,,,0.0,0,0.0,0,0,0.1,1297,1521,0,0,0,0,0,0,0,0,0,0.0,0.0,0.0,0.0,0.00,0.00,0.00,0,0,0,0,0,0,,,,0.0,0.0,0.0
109,Verbruggen,Bart,Verbruggen,5,1,45,0,0,a,,,,3.0,9,3.0,270,3,22.2,159990,125432,0,0,1,5,0,0,4,0,41,46.0,3.0,0.0,4.9,0.00,0.20,0.20,0.0,0.07,0.07,1.9,0,0.0,,,,2.0,3.0,3.0
111,Steele,Jason,Steele,5,1,40,0,0,a,,,,0.0,0,0.0,0,0,4.3,30965,22912,0,0,0,0,0,0,0,0,0,0.0,0.0,0.0,0.0,0.00,0.00,0.00,0,0,0,0,0,0,,,,0.0,0.0,0.0
113,F.Kadıoğlu,Ferdi,Kadıoğlu,5,2,44,-1,0,a,100,,2026-08-23T13:00:07.595211Z,0.7,2,1.0,167,2,1.8,4184,16533,0,0,0,5,0,0,0,0,4,15.4,29.2,27.0,7.2,0.08,0.02,0.10,0.04,0.01,0.05,2.87,5,2.69,,3,,0.5,0.7,0.7
114,Boscagli,Olivier,Boscagli,5,2,45,0,0,a,,,,2.3,7,2.3,270,3,0.3,1479,1948,0,0,1,5,1,0,0,0,44,52.6,96.2,17.0,16.6,0.05,0.48,0.53,0.02,0.16,0.18,1.9,13,4.33,,,,1.6,2.3,2.3
115,De Cuyper,Maxim,De Cuyper,5,2,48,3,1,a,,,,7.0,21,7.0,243,3,20.6,384912,84252,1,2,1,5,1,0,0,2,61,69.0,91.1,50.0,21.1,1.50,0.40,1.90,0.56,0.15,0.71,2.08,8,2.96,,2,4,4.4,7.0,7.0
116,Dunk,Lewis,Dunk,5,2,45,0,0,a,,,,3.3,10,3.3,270,3,1.3,11655,6532,0,0,1,5,1,0,0,1,40,59.0,10.3,4.0,7.4,0.00,0.06,0.06,0.0,0.02,0.02,1.9,17,5.67,,,3,2.2,3.3,3.3
117,Coppola,Diego,Coppola,5,2,45,0,0,a,,,,0.0,0,0.0,0,0,0.0,117,181,0,0,0,0,0,0,0,0,0,0.0,0.0,0.0,0.0,0.00,0.00,0.00,0,0,0,0,0,0,,,,0.0,0.0,0.0
118,Igor,Igor Julio,dos Santos de Paulo,5,2,45,0,0,u,0,Has joined Burnley permanently,2026-09-02T15:38:15.529699Z,0.0,0,0.0,0,0,0.1,0,1574,0,0,0,0,0,0,0,0,0,0.0,0.0,0.0,0.0,0.00,0.00,0.00,0,0,0,0,0,0,,,,0.0,0.0,0.0
119,Costinha,João Pedro,Loureiro da Costa,5,2,45,0,0,a,,,,0.7,2,0.7,48,0,0.0,141,215,0,0,0,0,1,0,0,0,13,14.0,16.7,18.0,4.8,0.12,0.16,0.28,0.22,0.3,0.52,0.45,5,9.38,,,,0.4,0.7,0.7
120,Svoboda,Michael,Svoboda,5,2,50,0,0,a,,,,0.0,0,0.0,0,0,0.1,628,701,0,0,0,0,0,0,0,0,0,0.0,0.0,0.0,0.0,0.00,0.00,0.00,0,0,0,0,0,0,,,,0.0,0.0,0.0
121,Mitoma,Mitoma,Kaoru,5,3,59,-1,-1,i,0,Hamstring injury - Expected back 10 Oct,2026-07-24T18:30:10.661894Z,0.0,0,0.0,0,0,0.0,63,371,0,0,0,0,0,0,0,0,0,0.0,0.0,0.0,0.0,0.00,0.00,0.00,0,0,0,0,0,0,,,,0.0,0.0,0.0
122,Minteh,Yankuba,Minteh,5,3,59,-1,0,i,0,Leg injury - Expected back 28 Nov,2026-08-14T18:00:06.418033Z,0.0,0,0.0,0,0,0.0,27,565,0,0,0,0,0,0,0,0,0,0.0,0.0,0.0,0.0,0.00,0.00,0.00,0,0,0,0,0,0,,5,,0.0,0.0,0.0
123,Hinshelwood,Jack,Hinshelwood,5,3,60,0,0,d,50,Unspecified injury - 50% chance of playing,2026-08-27T19:30:07.780933Z,5.3,16,16.0,63,1,1.0,889,30966,2,0,1,0,0,0,0,3,54,72.8,13.4,59.0,14.5,1.41,0.02,1.43,2.01,0.03,2.04,0.27,3,4.29,,,,2.7,2.6,2.6
124,Groß,Pascal,Groß,5,3,56,1,1,a,,,,5.3,16,5.3,270,3,16.3,195537,128786,1,1,1,5,2,0,0,3,63,68.8,106.6,50.0,22.2,0.84,0.42,1.26,0.28,0.14,0.42,1.9,15,5.0,1,1,1,2.9,5.3,5.3
125,Georginio,Georginio,Rutter,5,4,55,0,0,d,75,Unspecified injury - 75% chance of playing,2026-08-26T16:00:07.608056Z,1.7,5,5.0,90,1,0.6,793,12522,0,1,1,0,0,0,0,0,22,19.8,11.4,15.0,4.6,0.08,0.44,0.52,0.08,0.44,0.52,0.29,7,7.0,,,,0.9,1.3,1.3
126,O'Riley,Matt,O'Riley,5,3,55,0,0,a,,,,0.0,0,0.0,0,0,0.1,705,1066,0,0,0,0,0,0,0,0,0,0.0,0.0,0.0,0.0,0.00,0.00,0.00,0,0,0,0,0,0,3,,,0.0,0.0,0.0
127,Gomez,Diego,Gómez Amarilla,5,3,50,0,0,a,,,,4.3,13,4.3,265,3,4.8,65855,66925,0,2,1,5,0,0,0,0,55,52.8,71.8,113.0,23.8,0.65,0.70,1.35,0.22,0.24,0.46,1.94,20,6.79,,,5,2.6,4.3,4.3
128,Buonanotte,Facundo,Buonanotte,5,3,50,0,0,u,0,Has joined Elche on loan for the rest of the season,2026-08-10T14:03:07.561436Z,0.0,0,0.0,0,0,0.0,0,31,0,0,0,0,0,0,0,0,0,0.0,0.0,0.0,0.0,0.00,0.00,0.00,0,0,0,0,0,0,,,,0.0,0.0,0.0
129,Ayari,Yasin,Ayari,5,3,54,-1,0,a,100,,2026-08-30T18:00:07.935334Z,1.3,4,2.0,153,2,0.4,1326,4242,0,0,1,1,1,0,0,0,26,11.4,29.8,24.0,6.1,0.28,0.07,0.35,0.16,0.04,0.2,1.58,7,4.12,,4,2,0.7,1.0,1.3
130,Wieffer,Mats,Wieffer,5,2,50,0,0,i,0,Knee injury - Unknown return date,2026-09-04T09:30:08.612904Z,2.3,7,3.5,156,2,0.3,52,14541,0,0,1,4,0,0,0,1,38,37.0,35.5,10.0,8.3,0.12,0.13,0.25,0.07,0.08,0.15,1.83,15,8.65,,,,1.4,0.0,0.0
132,Howell,Harry,Howell,5,3,45,0,0,u,0,Has joined Leicester City on loan for the rest of the season,2026-08-17T13:53:19.019938Z,0.0,0,0.0,0,0,0.0,0,444,0,0,0,0,0,0,0,0,0,0.0,0.0,0.0,0.0,0.00,0.00,0.00,0,0,0,0,0,0,,,,0.0,0.0,0.0
133,Watson,Tom,Watson,5,3,50,0,0,u,0,Has joined Leicester City on loan for the rest of the season,2026-08-03T14:05:44.459483Z,0.0,0,0.0,0,0,0.0,0,17,0,0,0,0,0,0,0,0,0,0.0,0.0,0.0,0.0,0.00,0.00,0.00,0,0,0,0,0,0,,,,0.0,0.0,0.0
134,Oriola,Nehemiah,Oriola,5,3,45,0,0,a,,,,0.0,0,0.0,0,0,0.3,1680,2308,0,0,0,0,0,0,0,0,0,0.0,0.0,0.0,0.0,0.00,0.00,0.00,0,0,0,0,0,0,,,,0.0,0.0,0.0
135,Yohanna,Zadok,Yohanna,5,3,49,-1,-1,i,0,Unspecified injury - Expected back 10 Oct,2026-09-10T13:00:08.617941Z,0.3,1,1.0,12,0,0.1,305,785,0,0,0,0,0,0,0,0,3,0.2,1.3,0.0,0.2,0.00,0.03,0.03,0.0,0.22,0.22,0.0,0,0.0,,,,0.2,0.3,0.0
137,Tzimas,Stefanos,Tzimas,5,4,55,0,0,i,0,Knee injury - Unknown return date,2026-07-23T12:01:23.432796Z,0.0,0,0.0,0,0,0.0,59,109,0,0,0,0,0,0,0,0,0,0.0,0.0,0.0,0.0,0.00,0.00,0.00,0,0,0,0,0,0,,,,0.0,0.0,0.0
138,Kostoulas,Charalampos,Kostoulas,5,4,55,0,0,a,,,,2.7,8,2.7,195,2,0.5,10279,5471,0,1,0,5,0,0,0,0,25,14.6,20.8,51.0,8.5,0.78,0.04,0.82,0.36,0.02,0.38,2.53,16,7.38,,,,1.5,2.7,2.7
139,Ferguson,Evan,Ferguson,5,4,50,0,0,i,0,Ankle injury - Expected back 10 Oct,2026-07-23T12:01:23.448357Z,0.0,0,0.0,0,0,0.0,286,401,0,0,0,0,0,0,0,0,0,0.0,0.0,0.0,0.0,0.00,0.00,0.00,0,0,0,0,0,0,,,,0.0,0.0,0.0
328,Struijk,Pascal,Struijk,5,2,50,0,0,a,100,,2026-08-15T20:30:07.523574Z,0.3,1,1.0,1,0,0.2,978,1702,0,0,0,0,0,0,0,0,3,0.2,0.1,0.0,0.0,0.00,0.00,0.00,0.0,0.0,0.0,0.0,0,0.0,,,,0.2,0.3,0.3
504,Vuskovic,Luka,Vušković,5,2,50,0,0,a,,,,6.0,18,6.0,270,3,3.1,85297,26375,1,0,1,5,0,0,0,2,44,91.4,14.6,57.0,16.3,0.35,0.06,0.41,0.12,0.02,0.14,1.9,22,7.33,,,,3.6,6.0,6.0
594,David,Promise,David,5,4,60,0,0,a,,,,0.3,1,0.5,23,0,0.2,2056,3702,0,0,0,0,1,0,0,0,-4,0.0,3.7,4.0,0.4,0.42,0.00,0.42,1.64,0.0,1.64,0.55,0,0.0,2,,,0.2,0.3,0.3
600,Osman,Ibrahim,Osman,5,3,50,0,0,a,,,,0.7,2,1.0,28,0,0.0,105,205,0,0,0,1,0,0,0,0,13,7.2,16.7,6.0,3.0,0.00,0.06,0.06,0.0,0.19,0.19,0.32,3,9.64,,,,0.4,0.7,0.7
605,Yalcouyé,Malick,Yalcouyé,5,3,45,0,0,a,,,,3.7,11,3.7,167,2,3.0,124186,39556,1,0,0,4,0,0,0,1,58,59.6,47.2,62.0,16.9,0.75,0.26,1.01,0.4,0.14,0.54,2.87,12,6.47,,,,2.4,3.7,3.7
614,Hadjam,Jaouen,Hadjam,5,2,45,0,0,a,,,,0.0,0,0.0,0,0,0.0,306,446,0,0,0,0,0,0,0,0,0,0.0,0.0,0.0,0.0,0.00,0.00,0.00,0,0,0,0,0,0,,,,0.0,0.0,0.0
624,Cozier-Duberry,Amario,Cozier-Duberry,5,3,50,0,0,u,0,Has joined Middlesbrough on loan for the rest of the season,2026-09-02T15:38:15.552951Z,0.0,0,0.0,0,0,0.0,0,37,0,0,0,0,0,0,0,0,0,0.0,0.0,0.0,0.0,0.00,0.00,0.00,0,0,0,0,0,0,,,,0.0,0.0,0.0
639,Andrés,José María,Andrés Baixauli,5,3,55,0,0,a,,,,0.0,0,0.0,0,0,0.0,407,139,0,0,0,0,0,0,0,0,0,0.0,0.0,0.0,0.0,0.00,0.00,0.00,0,0,0,0,0,0,,,,0.0,2.0,2.0
652,Azeez,Femi,Azeez,5,3,55,0,0,d,50,Hamstring injury - 50% chance of playing,2026-09-04T11:30:08.661589Z,0.0,0,0.0,0,0,0.0,94,40,0,0,0,0,0,0,0,0,0,0.0,0.0,0.0,0.0,0.00,0.00,0.00,0,0,0,0,0,0,,,,0.0,0.0,1.0
28,Martinez,Emiliano,Martínez Romero,6,1,50,0,0,a,,,,1.7,5,2.5,180,2,5.0,81374,35967,0,0,0,5,0,0,12,0,44,99.4,20.0,0.0,11.9,0.00,0.01,0.01,0.0,0.0,0.0,1.73,0,0.0,,,,1.0,1.7,1.7
40,Rogers,Morgan,Rogers,6,3,76,1,1,a,,,,6.3,19,6.3,257,3,30.5,654593,92110,2,1,0,7,1,0,0,1,87,105.8,113.6,68.0,28.7,1.18,1.14,2.32,0.41,0.4,0.81,1.65,17,5.95,,3,,2.5,6.3,6.3
101,Henderson,Jordan,Henderson,6,3,49,-1,-1,d,75,Wrist injury - 75% chance of playing,2026-08-09T09:30:07.136250Z,0.0,0,0.0,0,0,0.0,122,418,0,0,0,0,0,0,0,0,0,0.0,0.0,0.0,0.0,0.00,0.00,0.00,0,0,0,0,0,0,,,,0.0,0.0,0.0
136,Welbeck,Danny,Welbeck,6,4,59,-1,0,a,100,,2026-08-20T14:00:07.949090Z,0.3,1,1.0,3,0,0.8,5052,9719,0,0,0,0,0,0,0,0,3,0.0,0.3,2.0,0.2,0.00,0.00,0.00,0.0,0.0,0.0,0.0,0,0.0,,,,0.2,0.3,0.3
140,Sánchez,Robert,Lynch Sánchez,6,1,49,-1,0,u,0,Has joined Como on loan for the rest of the season,2026-09-02T16:20:41.841936Z,0.7,2,2.0,90,1,1.0,0,32703,0,0,0,2,0,0,4,0,6,21.4,0.0,0.0,2.1,0.00,0.01,0.01,0.0,0.01,0.01,1.33,0,0.0,,,,0.4,0.0,0.0
141,Jörgensen,Filip,Jörgensen,6,1,50,0,0,u,0,Has joined RC Strasbourg on loan for the rest of the season,2026-08-12T14:07:02.607115Z,0.0,0,0.0,0,0,0.0,0,82,0,0,0,0,0,0,0,0,0,0.0,0.0,0.0,0.0,0.00,0.00,0.00,0,0,0,0,0,0,,,,0.0,0.0,0.0
142,James,Reece,James,6,2,54,-1,-1,a,,,,0.7,2,0.7,202,2,7.8,35648,62925,0,0,0,5,1,0,0,0,13,36.4,32.2,34.0,10.3,0.17,0.12,0.29,0.08,0.05,0.13,1.57,9,4.01,,1,1,0.4,0.7,0.7
143,Chalobah,Trevoh,Chalobah,6,2,55,0,0,u,0,Has joined Como permanently,2026-08-10T14:03:50.769483Z,0.0,0,0.0,0,0,0.1,0,1076,0,0,0,0,0,0,0,0,0,0.0,0.0,0.0,0.0,0.00,0.00,0.00,0,0,0,0,0,0,,,,0.0,0.0,0.0
144,Gusto,Malo,Gusto,6,2,50,0,0,a,,,,1.0,3,1.0,195,2,1.1,5399,10112,0,0,0,5,0,0,0,0,5,18.0,13.9,7.0,3.9,0.04,0.05,0.09,0.02,0.02,0.04,1.23,10,4.62,,,,0.6,1.0,1.0
145,Fofana,Wesley,Fofana,6,2,50,0,0,a,100,,2026-07-23T12:01:23.464591Z,1.0,3,1.5,157,2,0.1,5821,1414,0,0,0,4,1,0,0,0,14,59.2,23.7,0.0,8.3,0.00,0.05,0.05,0.0,0.03,0.03,1.9,26,14.9,,,,0.6,1.0,1.0
146,B.Badiashile,Benoît,Badiashile Mukinayi,6,2,45,0,0,u,0,Has joined Napoli on loan for the rest of the season,2026-08-25T14:03:47.079414Z,0.0,0,0.0,0,0,0.0,0,189,0,0,0,0,0,0,0,0,0,0.0,0.0,0.0,0.0,0.00,0.00,0.00,0,0,0,0,0,0,,,,0.0,0.0,0.0
148,Hato,Jorrel,Hato,6,2,45,0,0,a,,,,2.7,8,2.7,213,3,0.9,34862,10774,0,2,0,7,0,0,0,0,22,73.2,44.2,13.0,13.1,0.01,0.11,0.12,0.0,0.05,0.05,1.85,15,6.34,,,,1.8,2.7,2.7
149,Colwill,Levi,Samuels Colwill,6,2,49,-1,-1,a,,,,0.3,1,0.5,161,2,1.1,3642,15570,0,0,0,4,1,0,0,0,8,19.2,2.0,7.0,2.9,0.01,0.03,0.04,0.01,0.02,0.03,1.48,13,7.27,,,,0.2,0.3,0.3
150,M.Sarr,Mamadou,Sarr,6,2,45,0,0,u,0,Has joined Real Sociedad on loan for the rest of the season,2026-08-29T00:34:23.077418Z,0.0,0,0.0,0,0,0.0,0,783,0,0,0,0,0,0,0,0,0,0.0,0.0,0.0,0.0,0.00,0.00,0.00,0,0,0,0,0,0,,,,0.0,0.0,0.0
151,Acheampong,Josh,Acheampong,6,2,45,0,0,a,,,,1.7,5,1.7,202,2,0.4,3855,3114,0,0,0,5,0,0,0,0,9,41.6,4.1,6.0,5.1,0.00,0.02,0.02,0.0,0.01,0.01,1.57,19,8.47,,,,1.1,1.7,1.7
152,Palestra,Marco,Palestra,6,2,54,-1,0,d,75,Unspecified injury - 75% chance of playing,2026-08-24T18:30:07.421239Z,0.0,0,0.0,0,0,1.0,372,24464,0,0,0,0,0,0,0,0,0,0.0,0.0,0.0,0.0,0.00,0.00,0.00,0,0,0,0,0,0,,,,0.0,0.0,0.0
154,Palmer,Cole,Palmer,6,3,97,2,1,a,100,,2026-08-24T22:00:07.971542Z,7.0,21,7.0,262,3,24.2,541001,81315,2,1,0,7,1,0,0,3,99,113.0,82.4,112.0,30.8,1.05,0.36,1.41,0.36,0.12,0.48,1.61,20,6.87,1,,2,2.2,7.0,7.0
156,Neto,Pedro,Lomba Neto,6,3,65,0,0,a,,,,3.3,10,3.3,161,2,1.4,18694,11528,1,0,0,4,0,0,0,0,51,56.6,53.5,56.0,16.6,0.47,0.43,0.90,0.26,0.24,0.5,1.97,15,8.39,,2,3,1.5,3.3,3.3
157,Estêvão,Estêvão,Almeida de Oliveira Gonçalves,6,3,64,-1,0,a,,,,0.7,2,1.0,16,0,0.8,3013,10325,0,0,0,0,0,0,0,0,8,3.4,0.8,17.0,2.2,0.04,0.00,0.04,0.22,0.0,0.22,0.51,1,5.62,2,4,,0.3,0.7,0.7
158,Gittens,Jamie,Bynoe-Gittens,6,3,59,-1,0,a,,,,0.0,0,0.0,0,0,0.0,208,371,0,0,0,0,0,0,0,0,0,0.0,0.0,0.0,0.0,0.00,0.00,0.00,0,0,0,0,0,0,,,,0.0,0.0,0.0
159,Caicedo,Moisés,Caicedo Corozo,6,3,54,-1,0,d,75,Calf injury - 75% chance of playing,2026-08-30T16:00:08.393562Z,0.3,1,1.0,13,0,1.6,1234,32269,0,0,0,0,0,0,0,0,3,0.0,0.1,0.0,0.0,0.00,0.00,0.00,0.0,0.0,0.0,0.48,0,0.0,,,,0.2,0.2,0.2
161,Lavia,Roméo,Lavia,6,3,50,0,0,a,,,,3.0,9,3.0,190,3,0.2,5476,2912,1,0,0,6,1,0,0,0,47,58.4,24.2,66.0,14.9,0.75,0.04,0.79,0.36,0.02,0.38,2.0,22,10.42,,,,1.8,3.0,3.0
163,D.Essugo,Dário,Luís Essugo,6,3,45,0,0,u,0,Has joined RC Strasbourg on loan for the rest of the season,2026-09-02T16:20:41.865225Z,0.0,0,0.0,0,0,0.1,0,3226,0,0,0,0,0,0,0,0,0,0.0,0.0,0.0,0.0,0.00,0.00,0.00,0,0,0,0,0,0,,,,0.0,0.0,0.0
164,Quenda,Geovany,Quenda,6,3,54,-1,0,a,100,,2026-07-24T20:30:10.609931Z,0.3,1,1.0,8,0,0.0,128,462,0,0,0,0,0,0,0,0,2,1.2,0.3,2.0,0.4,0.00,0.00,0.00,0.0,0.0,0.0,1.01,1,11.25,,,,0.2,0.3,0.3
165,João Pedro,João Pedro,Junqueira de Jesus,6,4,77,2,0,a,,,,7.0,21,7.0,270,3,72.8,257918,81323,2,2,0,7,1,0,0,4,97,104.0,74.3,92.0,26.9,1.88,0.15,2.03,0.63,0.05,0.68,1.6,7,2.33,,,,2.7,7.0,7.0
168,Marc Guiu,Marc,Guiu Paz,6,4,50,0,0,u,0,Has joined RB Leipzig permanently,2026-09-01T13:24:48.857362Z,0.0,0,0.0,0,0,0.3,0,6642,0,0,0,0,0,0,0,0,0,0.0,0.0,0.0,0.0,0.00,0.00,0.00,0,0,0,0,0,0,,,,0.0,0.0,0.0
169,Mheuka,Shumaira,Mheuka,6,4,45,0,0,a,,,,0.0,0,0.0,0,0,0.4,5581,4239,0,0,0,0,0,0,0,0,0,0.0,0.0,0.0,0.0,0.00,0.00,0.00,0,0,0,0,0,0,,,,0.0,0.0,0.0
170,Emegha,Emmanuel,Emegha,6,4,50,0,0,d,75,Hamstring injury - 75% chance of playing,2026-09-09T15:00:09.063849Z,0.0,0,0.0,0,0,0.2,1691,2109,0,0,0,0,0,0,0,0,0,0.0,0.0,0.0,0.0,0.00,0.00,0.00,0,0,0,0,0,0,,,,0.0,0.0,0.0
200,Lacroix,Maxence,Lacroix,6,2,60,0,0,a,,,,3.0,9,3.0,270,3,8.1,39787,55353,0,1,0,7,1,0,0,0,25,83.2,12.6,10.0,10.5,0.02,0.21,0.23,0.01,0.07,0.08,1.6,32,10.67,,,,1.5,3.0,3.0
560,Penders,Mike,Penders,6,1,45,0,0,a,,,,0.0,0,0.0,0,0,0.1,210,569,0,0,0,0,0,0,0,0,0,0.0,0.0,0.0,0.0,0.00,0.00,0.00,0,0,0,0,0,0,,,,0.0,0.0,0.0
561,Anselmino,Aaron,Anselmino,6,2,45,0,0,a,100,,2026-08-23T19:00:08.536705Z,0.0,0,0.0,0,0,0.0,159,151,0,0,0,0,0,0,0,0,0,0.0,0.0,0.0,0.0,0.00,0.00,0.00,0,0,0,0,0,0,,,,0.0,0.0,0.0
568,Barco,Valentín,Barco,6,3,55,0,0,a,,,,0.3,1,1.0,8,0,0.1,572,1053,0,0,0,1,0,0,0,0,1,0.0,0.0,4.0,0.2,0.04,0.00,0.04,0.45,0.0,0.45,0.79,1,11.25,,,,0.2,0.3,0.3
583,Chavarria,Pep,Chavarría,6,2,49,-1,-1,a,,,,1.0,3,1.0,73,0,0.2,432,1503,0,0,0,1,0,0,0,0,6,11.2,2.5,6.0,2.0,0.00,0.02,0.02,0.0,0.02,0.02,0.63,6,7.4,,,,0.6,1.0,1.0
91,Pinnock,Ethan,Pinnock,7,2,45,0,0,a,,,,1.3,4,2.0,102,1,0.1,454,507,0,0,0,2,1,0,0,0,2,22.0,0.7,6.0,2.9,0.11,0.00,0.11,0.1,0.0,0.1,2.35,15,13.24,,,,0.9,1.3,1.3
104,Onyeka,Frank,Onyeka,7,3,49,-1,-1,a,,,,1.3,4,2.0,152,2,0.1,404,1075,0,0,0,4,0,0,0,0,13,4.0,2.0,0.0,0.6,0.00,0.01,0.01,0.0,0.01,0.01,1.81,12,7.11,,,,0.8,1.3,1.3
110,Rushworth,Carl,Rushworth,7,1,45,0,0,a,,,,1.7,5,1.7,270,3,0.9,3442,10731,0,0,0,5,0,0,5,0,23,43.6,0.0,0.0,4.4,0.00,0.01,0.01,0.0,0.0,0.0,1.57,0,0.0,,,,1.1,1.7,1.7
171,Dovin,Oliver,Dovin,7,1,40,0,0,u,0,Has joined Leyton Orient on loan for the rest of the season,2026-09-02T15:44:14.839336Z,0.0,0,0.0,0,0,1.2,0,13029,0,0,0,0,0,0,0,0,0,0.0,0.0,0.0,0.0,0.00,0.00,0.00,0,0,0,0,0,0,,,,0.0,0.0,0.0
172,Wilson,Ben,Wilson,7,1,45,0,0,a,,,,0.0,0,0.0,0,0,0.4,181,1536,0,0,0,0,0,0,0,0,0,0.0,0.0,0.0,0.0,0.00,0.00,0.00,0,0,0,0,0,0,,,,0.0,0.0,0.0
173,Thomas,Bobby,Thomas,7,2,40,0,0,a,,,,5.0,15,5.0,257,3,8.9,89086,57140,0,0,1,4,0,0,0,2,58,60.8,32.7,25.0,11.8,0.24,0.19,0.43,0.08,0.07,0.15,1.46,31,10.86,,,,3.8,5.0,5.0
174,Kitching,Liam,Kitching,7,2,40,0,0,u,0,Has joined Sheffield United on loan for the rest of the season,2026-09-02T16:21:03.612394Z,0.0,0,0.0,0,0,0.4,0,7544,0,0,0,0,0,0,0,0,0,0.0,0.0,0.0,0.0,0.00,0.00,0.00,0,0,0,0,0,0,,,,0.0,0.0,0.0
175,van Ewijk,Milan,van Ewijk,7,2,40,0,0,a,,,,2.0,6,2.0,270,3,10.9,21798,94297,0,0,0,5,1,0,0,0,12,42.8,41.1,10.0,9.4,0.00,0.26,0.26,0.0,0.09,0.09,1.57,20,6.67,,,,1.5,2.0,2.0
176,Dasilva,Jay,Dasilva,7,2,40,0,0,a,,,,1.7,5,1.7,264,3,0.7,1536,3066,0,0,0,5,0,0,0,0,21,50.8,26.0,17.0,9.5,0.18,0.15,0.33,0.06,0.05,0.11,1.61,16,5.45,,,,1.2,1.7,1.7
177,Kesler-Hayden,Kaine,Kesler-Hayden,7,2,40,0,0,i,0,Hamstring injury - Unknown return date,2026-08-27T14:56:28.704361Z,0.0,0,0.0,0,0,0.0,84,471,0,0,0,0,0,0,0,0,0,0.0,0.0,0.0,0.0,0.00,0.00,0.00,0,0,0,0,0,0,,,,0.0,0.0,0.0
178,Bidwell,Jake,Bidwell,7,2,40,0,0,a,,,,0.0,0,0.0,0,0,0.1,461,550,0,0,0,0,0,0,0,0,0,0.0,0.0,0.0,0.0,0.00,0.00,0.00,0,0,0,0,0,0,,,,0.0,0.0,0.0
179,Latibeaudiere,Joel,Latibeaudiere,7,2,40,0,0,a,,,,0.0,0,0.0,0,0,0.0,191,243,0,0,0,0,0,0,0,0,0,0.0,0.0,0.0,0.0,0.00,0.00,0.00,0,0,0,0,0,0,,,,0.0,0.0,0.0
180,Woolfenden,Luke,Woolfenden,7,2,40,0,0,i,0,Knee injury - Unknown return date,2026-08-27T14:56:28.718566Z,0.0,0,0.0,0,0,0.1,257,1321,0,0,0,0,0,0,0,0,0,0.0,0.0,0.0,0.0,0.00,0.00,0.00,0,0,0,0,0,0,,,,0.0,0.0,0.0
181,Brau,Miguel,Brau,7,2,40,0,0,u,0,Has joined Academico de Viseu on loan for the rest of the season,2026-08-29T00:35:59.980316Z,0.0,0,0.0,0,0,0.0,0,318,0,0,0,0,0,0,0,0,0,0.0,0.0,0.0,0.0,0.00,0.00,0.00,0,0,0,0,0,0,,,,0.0,0.0,0.0
182,Amenda,Aurèle,Amenda,7,2,40,0,0,a,,,,1.3,4,1.3,270,3,0.8,2418,3861,0,0,0,5,1,0,0,0,9,44.6,4.2,11.0,6.1,0.02,0.39,0.41,0.01,0.13,0.14,1.57,16,5.33,,,,1.0,1.3,1.3
183,Rudoni,Jack,Rudoni,7,3,50,0,0,a,100,,2026-07-23T12:01:23.481435Z,2.0,6,2.0,152,2,0.1,656,1174,0,0,1,1,0,0,0,0,24,26.8,60.0,54.0,14.1,0.50,0.18,0.68,0.3,0.11,0.41,0.88,16,9.47,,5,1,1.2,2.0,2.0
184,Grimes,Matt,Grimes,7,3,50,0,0,a,,,,2.0,6,2.0,270,3,0.1,374,1698,0,0,0,5,0,0,0,0,36,46.2,26.9,3.0,7.6,0.05,0.05,0.10,0.02,0.02,0.04,1.57,25,8.33,3,1,,1.2,2.0,2.0
185,Sakamoto,Tatsuhiro,Sakamoto,7,3,49,-1,0,a,,,,0.3,1,1.0,31,0,0.1,162,779,0,0,0,1,0,0,0,0,8,6.2,5.9,7.0,1.9,0.02,0.02,0.04,0.06,0.06,0.12,2.0,4,11.61,,,,0.2,0.3,0.3
186,Mason-Clark,Ephron,Mason-Clark,7,3,54,-1,0,a,100,,2026-08-19T18:00:08.310507Z,1.0,3,1.5,127,2,0.1,154,660,0,0,0,1,0,0,0,0,8,4.2,16.8,2.0,2.1,0.00,0.06,0.06,0.0,0.04,0.04,0.84,9,6.38,,,,0.6,1.0,1.0
187,Eccles,Josh,Eccles,7,3,49,-1,0,i,0,Unspecified injury - Expected back 12 Oct,2026-09-10T18:30:08.877110Z,0.0,0,0.0,0,0,0.0,64,200,0,0,0,0,0,0,0,0,0,0.0,0.0,0.0,0.0,0.00,0.00,0.00,0,0,0,0,0,0,,,,0.0,0.0,0.0
188,Torp,Victor,Torp,7,3,54,-1,0,a,,,,0.7,2,1.0,47,0,0.1,46,1043,0,0,0,1,0,0,0,0,10,6.8,20.0,0.0,2.6,0.00,0.12,0.12,0.0,0.23,0.23,1.93,3,5.74,2,2,2,0.4,0.7,0.7
189,Shepherd,George,Shepherd,7,3,45,0,0,a,,,,0.0,0,0.0,0,0,0.2,976,1990,0,0,0,0,0,0,0,0,0,0.0,0.0,0.0,0.0,0.00,0.00,0.00,0,0,0,0,0,0,,,,0.0,0.0,0.0
190,Tchaouna,Loum,Tchaouna,7,3,54,-1,-1,a,,,,1.3,4,1.3,166,2,0.1,161,976,0,0,0,3,0,0,0,0,27,17.0,49.3,29.0,9.6,0.19,0.18,0.37,0.1,0.1,0.2,1.48,15,8.13,,3,,0.7,1.3,1.3
191,Borges Rodrigues,Raphael,Borges Rodrigues,7,3,45,0,0,u,0,Has joined Burton Albion on loan for the rest of the season,2026-09-02T15:44:14.868001Z,0.0,0,0.0,0,0,0.1,0,2437,0,0,0,0,0,0,0,0,0,0.0,0.0,0.0,0.0,0.00,0.00,0.00,0,0,0,0,0,0,,,,0.0,0.0,0.0
192,Andrews,Kai,Andrews,7,3,45,0,0,u,0,Has joined Oxford United on loan for the rest of the season,2026-08-29T00:35:59.998520Z,0.0,0,0.0,0,0,0.4,0,5565,0,0,0,0,0,0,0,0,0,0.0,0.0,0.0,0.0,0.00,0.00,0.00,0,0,0,0,0,0,,,,0.0,0.0,0.0
193,Wright,Haji,Wright,7,4,54,-1,0,i,0,Thigh injury - Unknown return date,2026-08-14T22:00:07.214508Z,0.0,0,0.0,0,0,0.1,104,1381,0,0,0,0,0,0,0,0,0,0.0,0.0,0.0,0.0,0.00,0.00,0.00,0,0,0,0,0,0,1,,,0.0,0.0,0.0
194,Thomas-Asante,Brandon,Thomas-Asante,7,4,50,0,0,a,,,,1.3,4,1.3,120,1,0.8,8036,8665,0,0,0,4,0,0,0,0,20,8.0,3.4,4.0,1.6,0.00,0.02,0.02,0.0,0.02,0.02,2.43,11,8.25,4,,,0.8,1.3,1.3
195,Simms,Ellis,Simms,7,4,50,0,0,a,,,,1.0,3,1.5,88,1,0.8,3919,9278,0,0,0,3,0,0,0,0,10,7.6,22.3,37.0,6.7,0.30,0.01,0.31,0.31,0.01,0.32,2.61,3,3.07,,,,0.6,1.0,1.0
196,Markelo,Jahnoah,Markelo,7,4,50,0,0,u,0,Has joined Shabab Al-Ahli Dubai permanently,2026-08-17T13:53:55.791223Z,0.0,0,0.0,0,0,0.0,0,96,0,0,0,0,0,0,0,0,0,0.0,0.0,0.0,0.0,0.00,0.00,0.00,0,0,0,0,0,0,,,,0.0,0.0,0.0
197,Bassette,Norman,Bassette,7,4,45,0,0,u,0,Has joined KVC Westerlo on loan for the rest of the season,2026-07-28T12:58:50.001768Z,0.0,0,0.0,0,0,0.0,0,280,0,0,0,0,0,0,0,0,0,0.0,0.0,0.0,0.0,0.00,0.00,0.00,0,0,0,0,0,0,,,,0.0,0.0,0.0
492,Awoniyi,Taiwo,Awoniyi,7,4,55,0,0,a,,,,1.7,5,1.7,180,2,0.7,4777,6387,0,0,0,2,0,0,0,0,16,13.6,35.3,68.0,11.7,1.24,0.03,1.27,0.62,0.02,0.64,1.09,9,4.5,5,,,0.9,1.7,1.7
575,Yirenkyi,Caleb,Yirenkyi,7,3,49,-1,-1,a,,,,1.7,5,1.7,158,2,0.2,431,2144,0,0,1,3,1,0,0,0,23,10.4,19.4,7.0,3.3,0.03,0.13,0.16,0.02,0.07,0.09,1.44,16,9.11,,,,1.0,1.7,1.7
584,Hamer,Gustavo,Hamer,7,3,54,-1,-1,a,,,,1.0,3,1.0,32,0,0.1,103,856,0,0,0,1,0,0,0,0,6,0.6,1.8,0.0,0.3,0.00,0.02,0.02,0.0,0.06,0.06,2.31,3,8.44,,4,,0.6,1.0,1.0
599,Cherif,Sidiki,Cherif,7,4,50,0,0,a,,,,0.0,0,0.0,0,0,0.1,930,1128,0,0,0,0,0,0,0,0,0,0.0,0.0,0.0,0.0,0.00,0.00,0.00,0,0,0,0,0,0,,,,0.0,0.0,0.0
623,Bentley,Dan,Bentley,7,1,40,0,0,a,,,,0.0,0,0.0,0,0,0.4,23312,5282,0,0,0,0,0,0,0,0,0,0.0,0.0,0.0,0.0,0.00,0.00,0.00,0,0,0,0,0,0,,,,0.0,0.0,0.0
655,Gboho,Yann,Gboho,7,3,55,0,0,a,,,,0.0,0,0.0,0,0,0.0,15,2,0,0,0,0,0,0,0,0,0,0.0,0.0,0.0,0.0,0.00,0.00,0.00,0,0,0,0,0,0,,,,0.0,2.0,2.0
42,Guessand,Evann,Guessand,8,3,55,0,0,a,,,,0.7,2,1.0,54,0,0.0,718,720,0,0,0,1,0,0,0,0,6,5.4,2.1,7.0,1.5,0.03,0.03,0.06,0.05,0.05,0.1,0.57,2,3.33,,,,0.4,0.7,0.7
153,Disasi,Axel,Disasi,8,2,45,0,0,a,,,,1.3,4,2.0,106,1,0.1,3946,1619,0,0,0,3,0,0,0,0,12,32.6,13.3,2.0,4.8,0.00,0.04,0.04,0.0,0.03,0.03,2.84,14,11.89,,,,0.9,1.3,1.3
198,Henderson,Dean,Henderson,8,1,50,0,0,a,100,,2026-08-20T14:00:08.018379Z,1.7,5,1.7,270,3,2.0,19089,11454,0,0,0,8,0,0,12,0,37,96.8,0.0,0.0,9.6,0.00,0.00,0.00,0.0,0.0,0.0,2.16,0,0.0,,,,1.0,1.7,1.7
199,Benitez,Walter,Benítez,8,1,45,0,0,a,,,,0.0,0,0.0,0,0,0.1,390,678,0,0,0,0,0,0,0,0,0,0.0,0.0,0.0,0.0,0.00,0.00,0.00,0,0,0,0,0,0,,,,0.0,0.0,0.0
202,Richards,Chris,Richards,8,2,50,0,0,a,,,,1.3,4,1.3,270,3,0.7,5478,5914,0,0,0,8,0,0,0,0,17,86.4,1.3,24.0,11.1,0.08,0.00,0.08,0.03,0.0,0.03,2.16,31,10.33,,,,0.8,1.3,1.3
203,Canvot,Jaydee,Canvot,8,2,49,-1,0,a,,,,0.7,2,0.7,270,3,0.2,1673,2857,0,0,0,8,0,0,0,0,12,63.2,8.1,5.0,7.6,0.05,0.01,0.06,0.02,0.0,0.02,2.16,24,8.0,,,,0.4,0.7,0.7
204,Mitchell,Tyrick,Mitchell,8,2,45,0,0,a,,,,5.3,16,5.3,253,3,6.0,151140,29955,2,0,0,8,0,0,0,2,32,101.2,46.1,56.0,20.3,0.77,0.18,0.95,0.27,0.06,0.33,2.1,16,5.69,,,,3.6,5.3,5.3
205,Sosa,Borna,Sosa,8,2,45,0,0,u,0,Has joined FC Cologne on loan for the rest of the season,2026-09-02T16:03:25.710518Z,0.0,0,0.0,0,0,0.0,0,539,0,0,0,0,0,0,0,0,0,0.0,0.0,0.0,0.0,0.00,0.00,0.00,0,0,0,0,0,0,,,,0.0,0.0,0.0
206,Chadi Riad,Chadi,Riad Dnanou,8,2,44,-1,0,i,0,Knee injury - Unknown return date,2026-08-22T18:00:07.352049Z,0.3,1,1.0,72,1,0.0,39,472,0,0,0,2,0,0,0,0,7,12.6,1.3,0.0,1.4,0.00,0.01,0.01,0.0,0.01,0.01,1.22,7,8.75,,,,0.2,0.0,0.0
207,Mingueza,Oscar,Mingueza,8,2,44,-1,0,a,,,,0.7,2,1.0,16,0,0.1,427,646,0,0,0,1,0,0,0,0,5,3.2,0.4,0.0,0.3,0.00,0.00,0.00,0.0,0.0,0.0,1.86,2,11.25,,,,0.5,0.7,0.7
208,Sarr,Ismaïla,Sarr,8,3,63,-2,0,i,0,Groin injury - Unknown return date,2026-08-22T18:00:07.363165Z,0.0,0,0.0,0,0,0.8,130,24680,0,0,0,0,0,0,0,0,0,0.0,0.0,0.0,0.0,0.00,0.00,0.00,0,0,0,0,0,0,2,,,0.0,0.0,0.0
210,Wharton,Adam,Wharton,8,3,55,0,0,a,100,,2026-07-23T12:01:23.498963Z,2.7,8,2.7,270,3,0.9,6094,7270,0,0,0,8,0,0,0,0,51,47.8,58.4,2.0,10.9,0.00,0.32,0.32,0.0,0.11,0.11,2.16,29,9.67,,2,,1.5,2.7,2.7
211,Yeremy,Yéremy,Pino Santos,8,3,55,0,0,a,,,,3.7,11,3.7,190,2,0.4,19369,5247,0,2,0,5,0,0,0,0,56,20.8,83.1,21.0,12.5,0.36,0.39,0.75,0.17,0.18,0.35,2.51,20,9.47,,1,1,2.0,3.7,3.7
212,Hughes,Will,Hughes,8,3,45,0,0,a,,,,0.3,1,1.0,16,0,8.7,18960,73683,0,0,0,0,0,0,0,0,3,2.4,0.3,0.0,0.3,0.00,0.00,0.00,0.0,0.0,0.0,3.21,3,16.88,,4,,0.2,0.3,0.3
213,Lerma,Jefferson,Lerma Solís,8,3,49,-1,0,a,,,,0.0,0,0.0,0,0,0.1,227,750,0,0,0,0,0,0,0,0,0,0.0,0.0,0.0,0.0,0.00,0.00,0.00,0,0,0,0,0,0,,,,0.0,0.0,0.0
214,Kamada,Daichi,Kamada,8,3,50,0,0,a,,,,3.3,10,3.3,268,3,0.4,10337,3864,0,1,0,8,1,0,0,0,67,57.6,55.3,13.0,12.6,0.05,0.30,0.35,0.02,0.1,0.12,2.13,27,9.07,,3,,2.0,3.3,3.3
215,Devenny,Justin,Devenny,8,3,50,0,0,u,0,Has joined Stoke City permanently,2026-09-02T15:41:07.346849Z,0.0,0,0.0,0,0,0.0,0,209,0,0,0,0,0,0,0,0,0,0.0,0.0,0.0,0.0,0.00,0.00,0.00,0,0,0,0,0,0,3,,2,0.0,0.0,0.0
216,Esse,Romain,Esse,8,3,50,0,0,u,0,Has joined Millwall on loan for the rest of the season,2026-09-02T15:41:07.376544Z,0.0,0,0.0,0,0,0.0,0,780,0,0,0,0,0,0,0,0,0,0.0,0.0,0.0,0.0,0.00,0.00,0.00,0,0,0,0,0,0,,,,0.0,0.0,0.0
217,M.França,Matheus,França de Oliveira,8,3,49,-1,0,a,,,,0.0,0,0.0,0,0,0.0,55,472,0,0,0,0,0,0,0,0,0,0.0,0.0,0.0,0.0,0.00,0.00,0.00,0,0,0,0,0,0,,,,0.0,0.0,0.0
218,Doucouré,Cheick,Doucouré,8,3,49,-1,0,a,,,,0.0,0,0.0,0,0,0.1,349,669,0,0,0,0,0,0,0,0,0,0.0,0.0,0.0,0.0,0.00,0.00,0.00,0,0,0,0,0,0,,,,0.0,0.0,0.0
219,J.Rak-Sakyi,Jesurun,Rak-Sakyi,8,3,49,-1,-1,u,0,has joined  Kasimpasa on loan for the rest of the seaon.,2026-09-10T09:12:47.224598Z,0.0,0,0.0,0,0,0.0,55,90,0,0,0,0,0,0,0,0,0,0.0,0.0,0.0,0.0,0.00,0.00,0.00,0,0,0,0,0,0,,,,0.0,0.0,0.0
220,Cardines,Rio,Cardines,8,2,45,0,0,u,0,Has joined Bristol City on loan for the rest of the season,2026-08-12T14:08:46.501813Z,0.0,0,0.0,0,0,0.0,0,12,0,0,0,0,0,0,0,0,0,0.0,0.0,0.0,0.0,0.00,0.00,0.00,0,0,0,0,0,0,,,,0.0,0.0,0.0
221,Drakes-Thomas,Joél,Drakes-Thomas,8,3,45,0,0,a,,,,0.0,0,0.0,0,0,0.1,665,746,0,0,0,0,0,0,0,0,0,0.0,0.0,0.0,0.0,0.00,0.00,0.00,0,0,0,0,0,0,,,,0.0,0.0,0.0
222,Strand Larsen,Jørgen,Strand Larsen,8,4,60,0,0,a,,,,1.3,4,1.3,134,1,0.5,8414,5857,0,0,0,3,0,0,0,0,20,8.6,4.6,21.0,3.5,0.30,0.01,0.31,0.2,0.01,0.21,2.48,8,5.37,,,,0.7,1.3,1.3
223,Mateta,Jean-Philippe,Mateta,8,4,64,-1,0,i,0,Hamstring injury - Expected back 11 Oct,2026-08-28T21:00:08.020382Z,0.7,2,2.0,62,1,1.9,249,50008,0,0,0,2,0,0,0,0,-3,1.4,12.3,11.0,2.5,0.70,0.02,0.72,1.02,0.03,1.05,1.42,5,7.26,1,,,0.3,0.0,0.0
224,Nketiah,Eddie,Nketiah,8,4,55,0,0,a,,,,2.3,7,2.3,167,3,0.7,19226,6114,0,1,0,7,0,0,0,0,36,34.2,45.8,50.0,13.0,1.10,0.58,1.68,0.59,0.31,0.9,2.4,11,5.93,,,,1.3,2.3,2.3
225,Uche,Christantus,Uche,8,4,50,0,0,u,0,has returned to Getafe CF,2026-07-23T12:18:56.275922Z,0.0,0,0.0,0,0,0.0,0,0,0,0,0,0,0,0,0,0,0,0.0,0.0,0.0,0.0,0.00,0.00,0.00,0,0,0,0,0,0,,,,0.0,0.0,0.0
241,McNeil,Dwight,McNeil,8,3,54,-1,-1,a,,,,1.0,3,1.5,84,1,0.1,339,1226,0,0,0,3,0,0,0,0,13,10.0,5.0,2.0,1.7,0.05,0.02,0.07,0.05,0.02,0.07,1.26,7,7.5,,,,0.6,1.0,1.0
555,Matthews,Remi,Matthews,8,1,40,0,0,a,,,,0.0,0,0.0,0,0,1.8,3474,5433,0,0,0,0,0,0,0,0,0,0.0,0.0,0.0,0.0,0.00,0.00,0.00,0,0,0,0,0,0,,,,0.0,0.0,0.0
577,Tomiyasu,Takehiro,Tomiyasu,8,2,45,0,0,a,,,,0.7,2,1.0,91,1,0.3,423,2233,0,0,0,3,0,0,0,0,0,15.0,3.7,2.0,2.1,0.00,0.01,0.01,0.0,0.01,0.01,2.13,9,8.9,,,,0.4,0.7,0.7
588,Khalaili,Anan,Khalaili,8,2,50,0,0,a,,,,2.0,6,2.0,199,2,0.2,9683,2877,0,0,0,5,1,0,0,0,27,72.0,30.3,15.0,11.8,0.74,0.17,0.91,0.33,0.08,0.41,2.45,33,14.92,,,,1.2,2.0,2.0
595,Gozo,Zavier,Gozo,8,3,50,0,0,a,,,,0.3,1,1.0,22,0,0.0,84,129,0,0,0,1,0,0,0,0,3,1.4,1.3,0.0,0.3,0.00,0.00,0.00,0.0,0.0,0.0,0.82,1,4.09,,,,0.2,0.3,0.3
633,Ahanor,Honest,Ahanor,8,2,45,0,0,a,,,,0.0,0,0.0,0,0,0.0,451,102,0,0,0,0,0,0,0,0,0,0.0,0.0,0.0,0.0,0.00,0.00,0.00,0,0,0,0,0,0,,,,0.0,1.8,1.8
643,Chilwell,Ben,Chilwell,8,2,45,0,0,a,,,,7.0,7,7.0,16,0,0.4,22856,3430,1,0,0,0,0,0,0,0,20,33.2,0.7,17.0,5.1,0.15,0.00,0.15,0.84,0.0,0.84,3.21,0,0.0,,,,1.6,1.8,1.8
644,Timber,Quinten,Timber,8,3,50,0,0,a,,,,2.0,2,2.0,73,1,0.0,1251,311,0,0,0,2,0,0,0,0,8,4.2,0.2,1.0,0.5,0.02,0.00,0.02,0.02,0.0,0.02,3.17,6,7.4,,,,0.4,1.5,1.5
647,Osorio,Darío,Osorio,8,3,55,0,0,a,,,,1.0,1,1.0,1,0,0.0,319,80,0,0,0,0,0,0,0,0,2,2.0,0.3,0.0,0.2,0.00,0.00,0.00,0.0,0.0,0.0,11.7,1,90.0,,,,0.2,2.0,2.0
21,Nørgaard,Christian,Nørgaard,9,3,49,-1,0,i,0,Groin injury - Unknown return date,2026-08-15T20:00:06.779594Z,0.0,0,0.0,0,0,0.1,71,910,0,0,0,0,0,0,0,0,0,0.0,0.0,0.0,0.0,0.00,0.00,0.00,0,0,0,0,0,0,,,,0.0,0.0,0.0
209,Johnson,Brennan,Johnson,9,3,59,-1,0,a,,,,1.0,3,1.0,99,1,0.1,815,1508,0,0,0,1,1,0,0,0,7,11.8,23.2,9.0,4.4,0.05,0.04,0.09,0.05,0.04,0.09,2.04,12,10.91,,,,0.5,1.0,1.0
226,Pickford,Jordan,Pickford,9,1,55,0,0,a,,,,3.7,11,3.7,270,3,8.6,46805,48349,0,0,1,3,0,0,9,0,62,72.6,0.0,0.0,7.3,0.00,0.02,0.02,0.0,0.01,0.01,1.6,0,0.0,,,,2.0,3.7,3.7
227,Travers,Mark,Travers,9,1,50,0,0,a,,,,0.0,0,0.0,0,0,0.0,288,309,0,0,0,0,0,0,0,0,0,0.0,0.0,0.0,0.0,0.00,0.00,0.00,0,0,0,0,0,0,,,,0.0,0.0,0.0
228,King,Tom,King,9,1,45,0,0,a,,,,0.0,0,0.0,0,0,0.0,214,277,0,0,0,0,0,0,0,0,0,0.0,0.0,0.0,0.0,0.00,0.00,0.00,0,0,0,0,0,0,,,,0.0,0.0,0.0
229,Tarkowski,James,Tarkowski,9,2,60,0,0,a,,,,7.0,21,7.0,270,3,11.4,115087,64011,1,0,1,3,0,0,0,2,63,94.4,13.1,29.0,13.6,0.17,0.02,0.19,0.06,0.01,0.07,1.6,31,10.33,,,,3.5,7.0,7.0
230,Branthwaite,Jarrad,Branthwaite,9,2,55,0,0,a,,,,4.3,13,4.3,270,3,1.9,24207,14362,0,0,1,3,0,0,0,0,43,82.8,2.9,73.0,15.8,0.17,0.02,0.19,0.06,0.01,0.07,1.6,31,10.33,,,,2.4,4.3,4.3
231,Keane,Michael,Keane,9,2,49,-1,0,a,,,,0.0,0,0.0,0,0,0.9,899,10995,0,0,0,0,0,0,0,0,0,0.0,0.0,0.0,0.0,0.00,0.00,0.00,0,0,0,0,0,0,,,,0.0,0.0,0.0
232,O'Brien,Jake,O'Brien,9,2,49,-1,0,a,,,,0.0,0,0.0,0,0,0.3,464,3029,0,0,0,0,0,0,0,0,0,0.0,0.0,0.0,0.0,0.00,0.00,0.00,0,0,0,0,0,0,,,,0.0,0.0,0.0
233,Mykolenko,Vitalii,Mykolenko,9,2,45,0,0,a,,,,3.7,11,3.7,270,3,1.9,44551,24560,0,0,1,3,0,0,0,0,42,62.4,17.3,2.0,8.2,0.00,0.07,0.07,0.0,0.02,0.02,1.6,22,7.33,,,,2.4,3.7,3.7
234,Patterson,Nathan,Patterson,9,2,45,0,0,u,0,Has joined Torino permanently,2026-09-02T16:05:23.326971Z,0.0,0,0.0,0,0,0.0,0,579,0,0,0,0,0,0,0,0,0,0.0,0.0,0.0,0.0,0.00,0.00,0.00,0,0,0,0,0,0,,,,0.0,0.0,0.0
235,Aznou,Adam,Aznou,9,2,40,0,0,u,0,Has joined Malaga on loan for the rest of the season,2026-09-01T13:23:16.934847Z,0.0,0,0.0,0,0,0.1,0,2348,0,0,0,0,0,0,0,0,0,0.0,0.0,0.0,0.0,0.00,0.00,0.00,0,0,0,0,0,0,,,,0.0,0.0,0.0
236,Dewsbury-Hall,Kiernan,Dewsbury-Hall,9,3,65,0,0,a,,,,5.0,15,5.0,270,3,4.5,90404,66215,1,0,1,3,0,0,0,3,84,86.2,110.6,69.0,26.6,0.45,0.40,0.85,0.15,0.13,0.28,1.59,29,9.67,,2,,2.3,5.0,5.0
238,Grealish,Jack,Grealish,9,3,65,0,0,a,100,,2026-07-29T10:00:10.492904Z,0.7,2,1.0,32,0,0.4,11539,4505,0,0,0,1,0,0,0,0,10,7.0,12.9,10.0,3.0,0.02,0.13,0.15,0.06,0.37,0.43,0.87,2,5.62,,,,0.3,0.7,0.7
239,Garner,James,Garner,9,3,60,0,0,d,75,Unspecified injury - 75% chance of playing,2026-09-06T18:00:08.301702Z,1.3,4,1.3,148,2,0.1,1783,2940,0,0,0,2,1,0,0,0,34,17.8,44.0,2.0,6.5,0.00,0.11,0.11,0.0,0.07,0.07,0.8,19,11.55,2,1,1,0.7,1.3,1.0
242,George,Tyrique,George,9,3,55,0,0,a,,,,5.0,15,5.0,234,3,0.5,31320,8382,1,0,1,3,0,0,0,3,60,57.2,70.0,66.0,19.3,0.27,0.16,0.43,0.1,0.06,0.16,1.13,13,5.0,,,,2.7,5.0,5.0
243,Alcaraz,Carlos,Alcaraz Durán,9,3,50,0,0,a,,,,0.3,1,0.5,5,0,0.1,431,884,0,0,0,0,1,0,0,0,5,5.0,0.8,25.0,2.7,0.05,0.02,0.07,0.9,0.36,1.26,0.72,3,54.0,,,,0.2,0.3,0.3
244,Armstrong,Harrison,Armstrong,9,3,50,0,0,a,,,,3.7,11,3.7,266,3,0.4,9272,6337,0,1,1,3,1,0,0,0,42,45.2,33.7,13.0,9.3,0.09,0.10,0.19,0.03,0.03,0.06,1.63,30,10.15,,,,2.2,3.7,3.7
245,Dibling,Tyler,Dibling,9,3,54,-1,0,a,,,,0.0,0,0.0,0,0,0.0,167,336,0,0,0,0,0,0,0,0,0,0.0,0.0,0.0,0.0,0.00,0.00,0.00,0,0,0,0,0,0,,,,0.0,0.0,0.0
246,Röhl,Merlin,Röhl,9,3,50,0,0,a,,,,2.0,6,2.0,249,3,0.0,415,693,0,0,1,2,1,0,0,0,35,26.6,32.1,2.0,6.1,0.00,0.20,0.20,0.0,0.07,0.07,1.63,24,8.67,,,,1.2,2.0,2.0
247,Hackney,Hayden,Hackney,9,3,55,0,0,a,100,,2026-08-26T22:00:07.797766Z,2.7,8,2.7,121,1,0.2,1116,1365,0,1,1,1,0,0,0,0,33,37.0,39.1,17.0,9.3,0.05,0.11,0.16,0.04,0.08,0.12,2.6,11,8.18,,3,,1.5,2.7,2.7
248,Beto,Norberto Bercique,Gomes Betuncal,9,4,54,-1,0,u,0,Has joined Fiorentina permanently,2026-09-02T16:05:23.357221Z,0.7,2,1.0,31,0,1.0,0,46357,0,0,0,0,0,0,0,0,5,3.0,0.3,5.0,0.8,0.09,0.00,0.09,0.26,0.0,0.26,5.57,1,2.9,,,,0.4,0.0,0.0
249,Barry,Thierno,Barry,9,4,56,1,1,a,,,,4.0,12,4.0,237,3,5.8,178371,76143,1,0,1,3,0,0,0,2,50,48.2,45.7,123.0,21.7,2.31,0.11,2.42,0.88,0.04,0.92,1.1,10,3.8,1,,,2.1,4.0,4.0
649,Maitland-Niles,Ainsley,Maitland-Niles,9,2,45,0,0,a,,,,7.0,7,7.0,13,0,0.2,11159,2237,1,0,0,1,0,0,0,0,13,33.4,0.8,7.0,4.1,0.03,0.00,0.03,0.21,0.0,0.21,2.01,0,0.0,,,,1.6,1.8,1.8
654,Graham,Braiden,Graham,9,3,45,0,0,a,,,,0.0,0,0.0,0,0,0.1,6954,1388,0,0,0,0,0,0,0,0,0,0.0,0.0,0.0,0.0,0.00,0.00,0.00,0,0,0,0,0,0,,,,0.0,1.0,1.0
250,Leno,Bernd,Leno,10,1,45,0,0,a,,,,2.0,6,2.0,270,3,3.0,14058,22391,0,0,0,7,0,0,8,0,30,67.6,0.0,0.0,6.8,0.00,0.00,0.00,0.0,0.0,0.0,2.08,0,0.0,,,,1.3,2.0,2.0
251,Lecomte,Benjamin,Lecomte,10,1,40,0,0,a,,,,0.0,0,0.0,0,0,1.2,5741,4625,0,0,0,0,0,0,0,0,0,0.0,0.0,0.0,0.0,0.00,0.00,0.00,0,0,0,0,0,0,,,,0.0,0.0,0.0
252,McNally,Alfie,McNally,10,1,40,0,0,u,0,Has joined York City on loan for the rest of the season,2026-09-01T13:25:11.231240Z,0.0,0,0.0,0,0,0.1,0,1395,0,0,0,0,0,0,0,0,0,0.0,0.0,0.0,0.0,0.00,0.00,0.00,0,0,0,0,0,0,,,,0.0,0.0,0.0
253,Andersen,Joachim,Andersen,10,2,50,0,0,a,100,,2026-07-23T12:01:23.516350Z,0.7,2,1.0,180,2,0.1,1401,1974,0,0,0,4,1,0,0,0,12,42.2,35.8,8.0,8.6,0.00,0.10,0.10,0.0,0.05,0.05,2.0,15,7.5,,,,0.4,0.7,0.7
254,Robinson,Antonee,Robinson,10,2,45,0,0,a,,,,1.3,4,1.3,249,3,1.4,3415,17176,0,0,0,7,0,0,0,0,21,46.0,54.6,12.0,11.2,0.21,0.16,0.37,0.08,0.06,0.14,2.24,15,5.42,2,,,0.9,1.3,1.3
255,J.Cuenca,Jorge,Cuenca Barreno,10,2,45,0,0,a,,,,1.0,3,3.0,90,1,0.0,72,401,0,0,0,3,0,0,0,0,7,32.8,21.3,0.0,5.4,0.00,0.03,0.03,0.0,0.03,0.03,2.24,10,10.0,,,,0.7,1.0,1.0
256,Tete,Kenny,Tete,10,2,44,-1,-1,a,,,,0.0,0,0.0,0,0,0.2,144,1566,0,0,0,0,0,0,0,0,0,0.0,0.0,0.0,0.0,0.00,0.00,0.00,0,0,0,0,0,0,,,,0.0,0.0,0.0
257,Bassey,Calvin,Bassey,10,2,45,0,0,a,,,,1.0,3,1.0,270,3,0.7,1536,6430,0,0,0,7,1,0,0,0,16,47.0,12.8,2.0,6.2,0.02,0.07,0.09,0.01,0.02,0.03,2.08,13,4.33,,,,0.7,1.0,1.0
258,Castagne,Timothy,Castagne,10,2,45,0,0,a,,,,4.3,13,4.3,247,3,0.8,4600,10733,0,2,1,6,1,0,0,0,38,58.6,52.6,53.0,16.4,0.67,0.37,1.04,0.24,0.13,0.37,1.63,15,5.47,,,,2.9,4.3,4.3
261,Iwobi,Alex,Iwobi,10,3,54,-1,-1,a,,,,2.0,6,2.0,262,3,0.8,1655,10403,0,0,0,7,0,0,0,0,52,32.0,70.5,13.0,11.6,0.05,0.70,0.75,0.02,0.24,0.26,2.14,18,6.18,3,1,1,1.1,2.0,2.0
262,Smith Rowe,Emile,Smith Rowe,10,3,54,-1,-1,a,,,,0.7,2,1.0,25,0,0.3,615,3337,0,0,0,0,0,0,0,0,8,5.4,23.3,9.0,3.8,0.06,0.02,0.08,0.22,0.07,0.29,1.48,1,3.6,,,,0.4,0.7,0.7
263,Kevin,Kevin,Santos Lopes de Macedo,10,3,54,-1,0,a,,,,0.7,2,1.0,24,0,0.0,185,768,0,0,0,0,0,0,0,0,4,5.2,3.4,0.0,0.8,0.00,0.05,0.05,0.0,0.19,0.19,0.75,3,11.25,,4,,0.4,0.7,0.7
264,Bobb,Oscar,Bobb,10,3,55,0,0,a,,,,2.3,7,2.3,211,3,0.3,1633,4142,0,0,1,6,0,0,0,0,35,28.0,85.0,65.0,17.8,0.32,0.92,1.24,0.14,0.39,0.53,1.89,15,6.4,,2,,1.3,2.3,2.3
265,Berge,Sander,Berge,10,3,50,0,0,a,,,,1.7,5,1.7,183,2,0.3,497,3325,0,0,0,5,0,0,0,0,37,22.8,53.9,9.0,8.6,0.03,0.33,0.36,0.01,0.16,0.17,2.41,8,3.93,,,,1.0,1.7,1.7
266,Cairney,Tom,Cairney,10,3,50,0,0,i,0,Knee injury - Expected back 10 Oct,2026-08-14T18:00:06.460944Z,0.0,0,0.0,0,0,0.0,25,37,0,0,0,0,0,0,0,0,0,0.0,0.0,0.0,0.0,0.00,0.00,0.00,0,0,0,0,0,0,,,,0.0,0.0,0.0
268,King,Josh,King,10,3,55,0,0,a,,,,6.3,19,6.3,270,3,1.1,58688,22292,2,0,0,7,0,0,0,3,80,96.8,46.1,96.0,23.9,0.95,0.34,1.29,0.32,0.11,0.43,2.08,19,6.33,,,,3.5,6.3,6.3
269,Sessegnon,Ryan,Sessegnon,10,2,45,0,0,a,,,,1.0,3,1.0,50,0,0.3,198,2853,0,0,0,1,0,0,0,0,13,17.2,26.3,31.0,7.5,0.13,0.44,0.57,0.23,0.79,1.02,3.24,3,5.4,,3,,0.7,1.0,1.0
270,Reed,Harrison,Reed,10,3,45,0,0,a,,,,0.0,0,0.0,0,0,1.2,2717,10559,0,0,0,0,0,0,0,0,0,0.0,0.0,0.0,0.0,0.00,0.00,0.00,0,0,0,0,0,0,,,,0.0,0.0,0.0
271,Muniz,Rodrigo,Muniz Carvalho,10,4,54,-1,-1,a,,,,0.7,2,1.0,15,0,0.4,2390,5139,0,0,0,0,0,0,0,0,11,9.2,21.6,34.0,6.5,0.40,0.00,0.40,2.4,0.0,2.4,0.18,1,6.0,,,,0.4,0.7,0.7
272,Kusi-Asare,Jonah,Kusi-Asare,10,4,45,0,0,a,,,,0.0,0,0.0,0,0,6.2,26104,53193,0,0,0,0,0,0,0,0,0,0.0,0.0,0.0,0.0,0.00,0.00,0.00,0,0,0,0,0,0,,,,0.0,0.0,0.0
569,Gonzalo,Gonzalo,García,10,4,60,0,0,a,,,,3.3,10,3.3,270,3,4.1,29824,69716,1,0,0,7,0,0,0,0,45,48.6,21.1,103.0,17.3,1.44,0.22,1.66,0.48,0.07,0.55,2.08,13,4.33,1,,,1.7,3.3,3.3
570,Palacios,César,Palacios,10,3,55,0,0,a,,,,3.7,11,3.7,207,3,0.2,1113,1352,1,0,0,6,1,0,0,1,43,39.6,22.3,62.0,12.4,0.98,0.03,1.01,0.43,0.01,0.44,2.16,13,5.65,,,,2.0,3.7,3.7
580,Charles,Shea,Charles,10,3,50,0,0,a,,,,1.3,4,1.3,123,1,0.1,231,595,0,0,0,4,0,0,0,0,25,16.4,39.3,14.0,7.0,0.09,0.12,0.21,0.07,0.09,0.16,2.76,16,11.71,,,,0.8,1.3,1.3
610,De Fougerolles,Luc,De Fougerolles,10,2,40,0,0,d,75,Unspecified injury - 75% chance of playing,2026-08-28T11:30:08.336405Z,0.0,0,0.0,0,0,0.1,478,945,0,0,0,0,0,0,0,0,0,0.0,0.0,0.0,0.0,0.00,0.00,0.00,0,0,0,0,0,0,,,,0.0,0.0,0.0
626,Zepa,Macaulay,Zepa,10,3,45,0,0,a,,,,0.0,0,0.0,0,0,0.4,9647,5056,0,0,0,0,0,0,0,0,0,0.0,0.0,0.0,0.0,0.00,0.00,0.00,0,0,0,0,0,0,,,,0.0,0.0,0.0
635,Larsson,Hugo,Larsson,10,3,50,0,0,a,,,,1.0,1,1.0,11,0,0.0,204,55,0,0,0,0,0,0,0,0,3,3.6,1.3,9.0,1.4,0.13,0.22,0.35,1.06,1.8,2.86,0.0,1,8.18,,,,0.2,1.5,1.5
636,Ángel,Manuel Ángel,Morán Ibáñez,10,3,50,0,0,a,,,,0.0,0,0.0,0,0,0.0,106,45,0,0,0,0,0,0,0,0,0,0.0,0.0,0.0,0.0,0.00,0.00,0.00,0,0,0,0,0,0,,,,0.0,1.5,1.5
650,Affengruber,David,Affengruber,10,2,45,0,0,a,,,,0.0,0,0.0,0,0,0.0,204,71,0,0,0,0,0,0,0,0,0,0.0,0.0,0.0,0.0,0.00,0.00,0.00,0,0,0,0,0,0,,,,0.0,1.8,1.8
240,Iroegbunam,Tim,Iroegbunam,11,3,50,0,0,a,100,,2026-08-15T20:00:06.878792Z,0.3,1,1.0,4,0,0.0,266,151,0,0,0,0,0,0,0,0,2,0.0,0.0,0.0,0.0,0.00,0.00,0.00,0.0,0.0,0.0,0.0,0,0.0,,,,0.2,0.3,0.3
273,Phillips,Dillon,Phillips,11,1,40,0,0,a,,,,0.0,0,0.0,0,0,1.5,6452,6671,0,0,0,0,0,0,0,0,0,0.0,0.0,0.0,0.0,0.00,0.00,0.00,0,0,0,0,0,0,,,,0.0,0.0,0.0
274,Butland,Jack,Butland,11,1,45,0,0,i,0,Arm injury - Unknown return date,2026-08-08T19:00:05.601633Z,0.0,0,0.0,0,0,0.1,105,639,0,0,0,0,0,0,0,0,0,0.0,0.0,0.0,0.0,0.00,0.00,0.00,0,0,0,0,0,0,,,,0.0,0.0,0.0
275,Cartwright,Harvey,Cartwright,11,1,40,0,0,u,0,Has joined Grimsby Town on loan for the rest of the season,2026-07-29T13:00:27.959925Z,0.0,0,0.0,0,0,0.0,0,48,0,0,0,0,0,0,0,0,0,0.0,0.0,0.0,0.0,0.00,0.00,0.00,0,0,0,0,0,0,,,,0.0,0.0,0.0
276,Lo-Tutala,Thimothée,Lo-Tutala,11,1,40,0,0,u,0,Has joined Colchester United on loan for the rest of the season,2026-08-17T13:50:27.125537Z,0.0,0,0.0,0,0,0.0,0,151,0,0,0,0,0,0,0,0,0,0.0,0.0,0.0,0.0,0.00,0.00,0.00,0,0,0,0,0,0,,,,0.0,0.0,0.0
277,Egan,John,Egan,11,2,41,1,1,a,,,,7.7,23,7.7,270,3,6.3,177265,46038,0,0,3,0,0,0,0,1,70,82.6,0.6,2.0,8.6,0.00,0.00,0.00,0.0,0.0,0.0,1.68,41,13.67,,,,5.6,7.7,7.7
278,Hughes,Charlie,Hughes,11,2,40,0,0,i,0,Groin injury - Unknown return date,2026-08-02T09:00:11.030017Z,0.0,0,0.0,0,0,0.1,103,831,0,0,0,0,0,0,0,0,0,0.0,0.0,0.0,0.0,0.00,0.00,0.00,0,0,0,0,0,0,,,,0.0,0.0,0.0
279,Ajayi,Semi,Ajayi,11,2,41,1,0,a,100,,2026-08-22T17:30:07.668197Z,8.3,25,8.3,243,3,11.6,234143,52254,1,0,3,0,1,0,0,2,80,70.8,1.7,35.0,10.7,0.52,0.00,0.52,0.19,0.0,0.19,1.51,20,7.41,,,,6.1,8.3,8.3
280,Coyle,Lewie,Coyle,11,2,40,0,0,a,100,,2026-08-29T16:30:08.151841Z,4.0,12,4.0,177,3,0.6,4944,2588,0,0,2,0,1,0,0,0,44,11.8,16.2,0.0,2.8,0.00,0.02,0.02,0.0,0.01,0.01,2.06,6,3.05,,,,3.0,3.0,4.0
281,Drameh,Cody,Drameh,11,2,40,0,0,u,0,Has joined Genoa permanently,2026-09-02T16:09:06.479140Z,0.7,2,1.0,65,0,0.1,0,1239,0,0,0,0,0,0,0,0,8,6.4,0.4,1.0,0.8,0.05,0.00,0.05,0.07,0.0,0.07,1.2,6,8.31,,,,0.5,0.0,0.0
282,Giles,Ryan,Giles,11,2,40,0,0,a,,,,6.7,20,6.7,264,3,1.4,34574,9462,0,0,3,0,0,0,0,2,75,38.2,60.2,6.0,10.5,0.02,0.18,0.20,0.01,0.06,0.07,1.7,12,4.09,,3,1,5.0,6.7,6.7
283,Jacob,Matty,Jacob,11,2,40,0,0,u,0,Has joined Newport County on loan until January,2026-08-02T09:00:11.038361Z,0.0,0,0.0,0,0,0.0,0,93,0,0,0,0,0,0,0,0,0,0.0,0.0,0.0,0.0,0.00,0.00,0.00,0,0,0,0,0,0,,,,0.0,0.0,0.0
284,McCarthy,Cathal,McCarthy,11,2,40,0,0,a,,,,0.0,0,0.0,0,0,0.1,596,704,0,0,0,0,0,0,0,0,0,0.0,0.0,0.0,0.0,0.00,0.00,0.00,0,0,0,0,0,0,,,,0.0,0.0,0.0
285,McNair,Paddy,McNair,11,2,40,0,0,a,100,,2026-09-09T13:30:08.327907Z,0.3,1,1.0,26,0,0.1,333,839,0,0,0,0,0,0,0,0,3,4.2,0.0,0.0,0.4,0.00,0.00,0.00,0.0,0.0,0.0,3.32,2,6.92,,,,0.2,0.3,0.3
286,Belloumi,Mohamed,Belloumi,11,3,50,0,0,a,,,,4.7,14,4.7,253,3,1.0,18203,7659,0,1,3,0,0,0,0,0,46,56.6,26.7,28.0,11.1,0.20,0.06,0.26,0.07,0.02,0.09,1.73,32,11.38,,2,2,2.8,4.7,4.7
287,Millar,Liam,Millar,11,3,50,0,0,u,0,Has joined Birmingham on loan for the rest of the season,2026-09-02T15:36:41.038103Z,2.0,6,3.0,50,0,0.0,0,1974,1,0,0,0,1,0,0,0,26,36.0,1.1,15.0,5.2,0.58,0.00,0.58,1.04,0.0,1.04,1.57,4,7.2,,,,1.2,0.0,0.0
288,Dowell,Kieran,Dowell,11,3,45,0,0,a,,,,0.0,0,0.0,0,0,0.3,2258,3380,0,0,0,0,0,0,0,0,0,0.0,0.0,0.0,0.0,0.00,0.00,0.00,0,0,0,0,0,0,,,,0.0,0.0,0.0
289,Crooks,Matt,Crooks,11,3,45,0,0,a,100,,2026-08-29T15:00:08.569326Z,0.7,2,2.0,90,1,0.5,1065,6493,0,0,1,0,1,0,0,0,9,19.0,2.4,0.0,2.1,0.00,0.00,0.00,0.0,0.0,0.0,1.83,9,9.0,,,,0.4,0.5,0.7
290,Slater,Regan,Slater,11,3,45,0,0,a,,,,3.7,11,3.7,270,3,5.3,106761,59303,0,1,3,0,1,0,0,0,36,38.8,34.4,10.0,8.4,0.04,0.46,0.50,0.01,0.15,0.16,1.68,19,6.33,,1,,2.4,3.7,3.7
291,Matazo,Eliot,Matazo,11,3,45,0,0,i,0,Knee injury - Unknown return date,2026-07-23T12:01:23.532635Z,0.0,0,0.0,0,0,0.0,83,87,0,0,0,0,0,0,0,0,0,0.0,0.0,0.0,0.0,0.00,0.00,0.00,0,0,0,0,0,0,,,,0.0,0.0,0.0
292,Ömür,Abdülkadir,Ömür,11,3,49,-1,0,a,,,,0.0,0,0.0,0,0,0.0,222,234,0,0,0,0,0,0,0,0,0,0.0,0.0,0.0,0.0,0.00,0.00,0.00,0,0,0,0,0,0,,,,0.0,0.0,0.0
293,Kamara,Abu,Kamara,11,3,50,0,0,u,0,Has joined Portsmouth permanently,2026-08-12T14:08:23.542043Z,0.0,0,0.0,0,0,0.0,0,40,0,0,0,0,0,0,0,0,0,0.0,0.0,0.0,0.0,0.00,0.00,0.00,0,0,0,0,0,0,,,,0.0,0.0,0.0
294,Zambrano,Óscar,Zambrano,11,3,45,0,0,a,100,,2026-08-04T18:30:11.016909Z,0.0,0,0.0,0,0,0.1,664,812,0,0,0,0,0,0,0,0,0,0.0,0.0,0.0,0.0,0.00,0.00,0.00,0,0,0,0,0,0,,,,0.0,0.0,0.0
295,McBurnie,Oli,McBurnie,11,4,55,0,0,a,,,,2.7,8,2.7,270,3,1.9,15749,27510,0,1,3,0,1,0,0,0,30,20.6,45.7,75.0,14.1,0.54,0.07,0.61,0.18,0.02,0.2,1.68,12,4.0,1,,,1.5,2.7,2.7
296,Akintola,David,Akintola,11,3,50,0,0,a,,,,0.0,0,0.0,0,0,0.0,486,671,0,0,0,0,0,0,0,0,0,0.0,0.0,0.0,0.0,0.00,0.00,0.00,0,0,0,0,0,0,,,,0.0,0.0,0.0
297,Gyabi,Darko,Gyabi,11,3,45,0,0,i,0,Thigh injury - Unknown return date,2026-08-04T18:30:11.027155Z,0.0,0,0.0,0,0,0.0,77,210,0,0,0,0,0,0,0,0,0,0.0,0.0,0.0,0.0,0.00,0.00,0.00,0,0,0,0,0,0,,,,0.0,0.0,0.0
298,Destan,Enis,Destan,11,4,45,0,0,u,0,Has joined Konyaspor permanently,2026-08-17T13:50:27.145733Z,0.0,0,0.0,0,0,0.2,0,2857,0,0,0,0,0,0,0,0,0,0.0,0.0,0.0,0.0,0.00,0.00,0.00,0,0,0,0,0,0,,,,0.0,0.0,0.0
299,Burstow,Mason,Burstow,11,4,45,0,0,u,0,Has joined Sheffield Wednesday on loan for the rest of the season,2026-08-03T14:05:20.234842Z,0.0,0,0.0,0,0,0.0,0,392,0,0,0,0,0,0,0,0,0,0.0,0.0,0.0,0.0,0.00,0.00,0.00,0,0,0,0,0,0,,,,0.0,0.0,0.0
340,Gelhardt,Joe,Gelhardt,11,3,50,0,0,a,100,,2026-08-17T21:30:07.799839Z,0.0,0,0.0,0,0,0.0,142,120,0,0,0,0,0,0,0,0,0,0.0,0.0,0.0,0.0,0.00,0.00,0.00,0,0,0,0,0,0,,,,0.0,0.0,0.0
556,Targett,Matt,Targett,11,2,40,0,0,a,,,,0.3,1,1.0,5,0,1.9,3179,13391,0,0,0,0,0,0,0,0,3,0.4,0.0,0.0,0.0,0.00,0.00,0.00,0.0,0.0,0.0,1.26,0,0.0,,,,0.2,0.3,0.3
563,Morita,Hidemasa,Morita,11,3,50,0,0,i,0,Calf injury - Expected back 11 Oct,2026-09-09T14:00:08.474217Z,0.3,1,1.0,45,1,0.0,116,316,0,0,0,0,0,0,0,0,6,11.0,13.4,0.0,2.4,0.00,0.00,0.00,0.0,0.0,0.0,2.18,3,6.0,,,,0.2,0.3,0.0
572,Tzolakis,Konstantinos,Tzolakis,11,1,46,1,0,a,,,,8.7,26,8.7,270,3,9.6,174713,43860,0,0,3,0,0,0,9,6,98,72.4,0.0,0.0,7.3,0.00,0.00,0.00,0.0,0.0,0.0,1.68,0,0.0,,,,5.7,8.7,8.7
574,Hjertø-Dahl,Jens,Hjertø-Dahl,11,3,49,-1,-1,a,,,,0.3,1,1.0,8,0,0.1,345,605,0,0,0,0,0,0,0,0,4,0.0,0.0,0.0,0.0,0.00,0.00,0.00,0.0,0.0,0.0,0.0,1,11.25,,,,0.2,0.3,0.3
576,Stroud,Elliot,Stroud,11,3,50,0,0,a,,,,2.0,6,2.0,190,3,0.1,433,703,0,0,2,0,1,0,0,0,14,8.4,20.9,11.0,3.6,0.05,0.05,0.10,0.02,0.02,0.04,1.92,15,7.11,,,,1.2,2.0,2.0
585,Herrington,Lucas,Herrington,11,2,40,0,0,a,,,,1.0,3,1.0,76,0,0.6,1285,3111,0,0,0,0,0,0,0,0,9,17.6,0.3,0.0,1.8,0.00,0.00,0.00,0.0,0.0,0.0,1.52,7,8.29,,,,0.8,1.0,1.0
586,Mendy,Nobel,Mendy,11,2,41,1,1,a,100,,2026-08-22T17:30:08.045208Z,8.0,24,8.0,191,3,7.9,245097,44376,1,0,2,0,0,0,0,1,66,95.6,1.2,54.0,15.1,0.32,0.00,0.32,0.15,0.0,0.15,1.77,32,15.08,,,,5.9,8.0,8.0
589,Gourna-Douath,Lucas,Gourna-Douath,11,3,50,0,0,a,,,,1.0,3,1.5,126,1,0.0,127,191,0,0,1,0,1,0,0,0,13,26.2,22.5,0.0,4.9,0.00,0.02,0.02,0.0,0.01,0.01,1.52,16,11.43,,,,0.6,1.0,1.0
617,Cho,Mohamed-Ali,Cho,11,3,50,0,0,a,,,,1.0,2,1.0,15,0,0.0,267,142,0,0,0,0,0,0,0,0,8,3.4,0.3,17.0,2.1,0.05,0.00,0.05,0.3,0.0,0.3,1.08,0,0.0,,,,0.4,1.0,1.0
632,Ansah,Ilyas,Ansah,11,4,50,0,0,i,0,Back injury - Unknown return date,2026-09-09T10:00:08.919489Z,0.0,0,0.0,0,0,0.0,2624,964,0,0,0,0,0,0,0,0,0,0.0,0.0,0.0,0.0,0.00,0.00,0.00,0,0,0,0,0,0,,,,0.0,1.4,0.0
637,Vaz,Robinio,Vaz,11,4,50,0,0,a,,,,0.0,0,0.0,0,0,0.0,2323,563,0,0,0,0,0,0,0,0,0,0.0,0.0,0.0,0.0,0.00,0.00,0.00,0,0,0,0,0,0,,,,0.0,1.4,1.4
638,Norton-Cuffy,Brooke,Norton-Cuffy,11,2,40,0,0,a,,,,1.0,1,1.0,26,0,0.3,11475,2575,0,0,0,0,0,0,0,0,3,2.2,0.3,2.0,0.5,0.00,0.00,0.00,0.0,0.0,0.0,0.42,1,3.46,,,,0.2,1.0,1.0
642,Thomas,Sorba,Thomas,11,3,55,0,0,a,,,,1.0,1,1.0,27,0,0.0,667,191,0,0,0,0,0,0,0,0,5,3.2,10.8,0.0,1.4,0.00,0.04,0.04,0.0,0.13,0.13,0.4,1,3.33,,,,0.2,2.0,2.0
645,Mouzakitis,Christos,Mouzakitis,11,3,50,0,0,a,,,,0.0,0,0.0,0,0,0.0,214,63,0,0,0,0,0,0,0,0,0,0.0,0.0,0.0,0.0,0.00,0.00,0.00,0,0,0,0,0,0,,,,0.0,1.5,1.5
259,Diop,Issa,Diop,12,2,40,0,0,a,,,,2.3,7,2.3,270,3,14.6,23751,95195,0,0,0,8,0,0,0,0,24,75.2,11.9,2.0,8.9,0.00,0.02,0.02,0.0,0.01,0.01,2.04,28,9.33,,,,1.8,2.3,2.3
267,Lukić,Saša,Lukić,12,3,50,0,0,a,,,,2.7,8,2.7,252,3,0.1,502,926,0,1,0,7,1,0,0,0,46,51.2,40.9,4.0,9.6,0.02,0.06,0.08,0.01,0.02,0.03,1.88,21,7.5,,1,,1.6,2.7,2.7
300,Walton,Christian,Walton,12,1,45,0,0,a,,,,0.0,0,0.0,0,0,0.4,180,1865,0,0,0,0,0,0,0,0,0,0.0,0.0,0.0,0.0,0.00,0.00,0.00,0,0,0,0,0,0,,,,0.0,0.0,0.0
301,Palmer,Alex,Palmer,12,1,40,0,0,a,,,,0.0,0,0.0,0,0,4.2,16570,22194,0,0,0,0,0,0,0,0,0,0.0,0.0,0.0,0.0,0.00,0.00,0.00,0,0,0,0,0,0,,,,0.0,0.0,0.0
302,Button,David,Button,12,1,40,0,0,a,,,,0.0,0,0.0,0,0,0.5,8814,3368,0,0,0,0,0,0,0,0,0,0.0,0.0,0.0,0.0,0.00,0.00,0.00,0,0,0,0,0,0,,,,0.0,0.0,0.0
303,Kipré,Cédric,Kipré,12,2,40,0,0,a,,,,0.0,0,0.0,0,0,0.5,400,2735,0,0,0,0,0,0,0,0,0,0.0,0.0,0.0,0.0,0.00,0.00,0.00,0,0,0,0,0,0,,,,0.0,0.0,0.0
304,O'Shea,Dara,O'Shea,12,2,40,0,0,a,,,,2.3,7,2.3,270,3,3.0,10584,26888,0,0,0,8,0,0,0,0,7,71.8,29.7,15.0,11.6,0.07,0.18,0.25,0.02,0.06,0.08,2.04,30,10.0,,,,1.8,2.3,2.3
305,Davis,Leif,Davis,12,2,40,0,0,a,,,,3.0,9,3.0,270,3,5.1,28703,42249,1,0,0,8,0,0,0,0,15,79.6,38.5,69.0,18.8,0.65,0.25,0.90,0.22,0.08,0.3,2.04,17,5.67,,,2,2.2,3.0,3.0
306,Greaves,Jacob,Greaves,12,2,40,0,0,a,,,,0.7,2,0.7,270,3,1.2,1254,5751,0,0,0,8,1,0,0,0,5,49.8,14.9,4.0,6.9,0.00,0.05,0.05,0.0,0.02,0.02,2.04,24,8.0,,,,0.5,0.7,0.7
307,Johnson,Ben,Johnson,12,2,40,0,0,u,0,Has joined Stoke City on loan for the rest of the season,2026-09-04T12:36:56.236331Z,0.0,0,0.0,0,0,0.1,0,1766,0,0,0,0,0,0,0,0,0,0.0,0.0,0.0,0.0,0.00,0.00,0.00,0,0,0,0,0,0,,,,0.0,0.0,0.0
308,Furlong,Darnell,Furlong,12,2,40,0,0,a,,,,0.3,1,1.0,17,0,0.5,254,2468,0,0,0,1,0,0,0,0,-1,5.0,0.5,0.0,0.6,0.00,0.00,0.00,0.0,0.0,0.0,4.55,3,15.88,,,,0.2,0.3,0.3
309,Núñez,Marcelino,Núñez,12,3,50,0,0,a,,,,2.0,6,3.0,140,2,0.1,279,1343,0,0,0,4,0,0,0,0,32,24.6,19.4,6.0,5.0,0.03,0.05,0.08,0.02,0.03,0.05,2.24,21,13.5,,3,1,1.2,2.0,2.0
310,Matusiwa,Azor,Matusiwa,12,3,49,-1,-1,i,0,Muscular injury - Unknown return date,2026-07-29T18:00:10.305484Z,0.0,0,0.0,0,0,0.0,20,30,0,0,0,0,0,0,0,0,0,0.0,0.0,0.0,0.0,0.00,0.00,0.00,0,0,0,0,0,0,,,,0.0,0.0,0.0
311,Burns,Wes,Burns,12,3,50,0,0,u,0,Has joined Leicester City permanently,2026-08-10T14:02:47.597478Z,0.0,0,0.0,0,0,0.0,0,31,0,0,0,0,0,0,0,0,0,0.0,0.0,0.0,0.0,0.00,0.00,0.00,0,0,0,0,0,0,,,,0.0,0.0,0.0
312,Taylor,Jack,Taylor,12,3,45,0,0,i,0,Knee injury - Unknown return date,2026-07-29T18:00:10.319370Z,0.0,0,0.0,0,0,0.0,124,345,0,0,0,0,0,0,0,0,0,0.0,0.0,0.0,0.0,0.00,0.00,0.00,0,0,0,0,0,0,,,,0.0,0.0,0.0
313,Clarke,Jack,Clarke,12,3,55,0,0,a,,,,2.7,8,4.0,43,0,0.2,322,2423,1,0,0,0,0,0,0,1,30,37.0,12.3,22.0,7.1,0.15,0.02,0.17,0.31,0.04,0.35,0.19,4,8.37,1,4,3,1.5,2.7,2.7
314,Ogbene,Chiedozie,Ogbene,12,3,49,-1,0,u,0,Has joined Lincoln City on loan until January,2026-09-02T16:04:17.497385Z,0.0,0,0.0,0,0,0.0,0,235,0,0,0,0,0,0,0,0,0,0.0,0.0,0.0,0.0,0.00,0.00,0.00,0,0,0,0,0,0,,,,0.0,0.0,0.0
315,Fatawu,Abdul,Fatawu,12,3,55,0,0,a,,,,2.7,8,2.7,225,3,0.2,1317,1630,0,1,0,8,1,0,0,0,61,55.4,103.6,14.0,17.3,0.03,0.78,0.81,0.01,0.31,0.32,2.36,17,6.8,,2,,1.5,2.7,2.7
316,Emersonn,Emersonn,Correia da Silva,12,4,55,0,0,a,100,,2026-08-31T09:30:08.306145Z,4.0,12,4.0,175,3,1.7,18688,17616,1,0,0,4,0,0,0,3,56,49.8,37.4,50.0,13.7,1.04,0.06,1.10,0.53,0.03,0.56,1.04,7,3.6,2,,,2.2,4.0,4.0
317,Hirst,George,Hirst,12,4,50,0,0,u,0,Has joined Stoke City permanently,2026-08-21T13:06:08.606019Z,0.0,0,0.0,0,0,0.1,0,1424,0,0,0,0,0,0,0,0,0,0.0,0.0,0.0,0.0,0.00,0.00,0.00,0,0,0,0,0,0,,,,0.0,0.0,0.0
318,Philogene,Jaden,Philogene,12,3,54,-1,0,i,0,Ankle injury - Unknown return date,2026-08-25T11:30:07.532993Z,0.0,0,0.0,0,0,0.1,16,1029,0,0,0,0,0,0,0,0,0,0.0,0.0,0.0,0.0,0.00,0.00,0.00,0,0,0,0,0,0,3,5,,0.0,0.0,0.0
319,Szmodics,Sam,Szmodics,12,3,50,0,0,u,0,Has joined Derby County on loan for the rest of the season,2026-08-17T13:51:41.713979Z,0.0,0,0.0,0,0,0.0,0,64,0,0,0,0,0,0,0,0,0,0.0,0.0,0.0,0.0,0.00,0.00,0.00,0,0,0,0,0,0,,,,0.0,0.0,0.0
320,Akpom,Chuba,Akpom,12,4,50,0,0,a,,,,2.0,6,3.0,69,0,1.2,26342,13546,1,0,0,4,0,0,0,0,33,34.6,1.7,19.0,5.5,0.97,0.00,0.97,1.27,0.0,1.27,5.27,3,3.91,,,,1.2,2.0,2.0
321,Walle Egeli,Sindre,Walle Egeli,12,4,45,0,0,a,,,,0.3,1,1.0,10,0,3.4,58543,39966,0,0,0,0,0,0,0,0,3,0.0,0.1,0.0,0.0,0.00,0.00,0.00,0.0,0.0,0.0,0.27,0,0.0,,,,0.2,0.3,0.3
322,Al-Hamadi,Ali,Al-Hamadi,12,4,50,0,0,u,0,Has joined Sheffield Wednesday on loan for the rest of the season,2026-08-27T14:54:10.215357Z,0.0,0,0.0,0,0,0.1,0,1211,0,0,0,0,0,0,0,0,0,0.0,0.0,0.0,0.0,0.00,0.00,0.00,0,0,0,0,0,0,,,,0.0,0.0,0.0
323,McAteer,Kasey,McAteer,12,3,45,0,0,a,,,,1.0,3,1.0,42,0,1.2,5309,9436,0,0,0,0,0,0,0,0,12,4.6,1.8,7.0,1.4,0.05,0.00,0.05,0.11,0.0,0.11,0.45,5,10.71,,,,0.7,1.0,1.0
324,Mehmeti,Anis,Mehmeti,12,3,49,-1,0,a,,,,0.0,0,0.0,0,0,0.0,78,369,0,0,0,0,0,0,0,0,0,0.0,0.0,0.0,0.0,0.00,0.00,0.00,0,0,0,0,0,0,,,,0.0,0.0,0.0
554,Van Oevelen,Kayne,van Oevelen,12,1,45,0,0,u,0,Has joined Valencia on loan for the rest of the season,2026-08-25T14:04:09.529320Z,0.0,0,0.0,0,0,0.0,0,227,0,0,0,0,0,0,0,0,0,0.0,0.0,0.0,0.0,0.00,0.00,0.00,0,0,0,0,0,0,,,,0.0,0.0,0.0
562,Maeda,Daizen,Maeda,12,3,54,-1,-1,a,,,,2.0,6,2.0,216,3,0.3,629,2920,0,0,0,7,0,0,0,0,26,28.8,2.9,43.0,7.4,0.71,0.01,0.72,0.3,0.0,0.3,2.15,19,7.92,,,,1.1,2.0,2.0
564,Scherpen,Kjell,Scherpen,12,1,45,0,0,a,,,,2.0,6,2.0,270,3,0.6,3572,3287,0,0,0,8,0,0,13,0,34,88.6,0.0,0.0,8.8,0.00,0.01,0.01,0.0,0.0,0.0,2.04,0,0.0,,,,1.3,2.0,2.0
571,Florentino,Florentino Ibrain,Morris Luís,12,3,49,-1,0,a,100,,2026-08-25T11:30:07.678802Z,0.0,0,0.0,0,0,0.1,257,743,0,0,0,0,0,0,0,0,0,0.0,0.0,0.0,0.0,0.00,0.00,0.00,0,0,0,0,0,0,,,,0.0,0.0,0.0
591,Enciso,Julio,Enciso,12,3,55,0,0,a,100,,2026-08-22T18:00:07.551930Z,3.7,11,3.7,250,3,0.9,17894,10158,0,2,0,8,1,0,0,0,65,53.6,48.9,62.0,16.5,0.87,0.64,1.51,0.31,0.23,0.54,2.19,21,7.56,,,,2.0,3.7,3.7
592,Ouattara,Abdoul,Ouattara,12,2,40,0,0,a,,,,1.0,3,1.0,39,0,0.9,1914,3667,0,0,0,1,0,0,0,0,7,9.4,24.6,0.0,3.4,0.00,0.02,0.02,0.0,0.05,0.05,2.05,2,4.62,,,,0.8,1.0,1.0
602,Humphreys,Cameron,Humphreys,12,3,45,0,0,u,0,Has joined Huddersfield Town on loan for the rest of the season,2026-09-02T16:04:17.524642Z,0.0,0,0.0,0,0,0.0,0,820,0,0,0,0,0,0,0,0,0,0.0,0.0,0.0,0.0,0.00,0.00,0.00,0,0,0,0,0,0,,,,0.0,0.0,0.0
619,Palacios,Exequiel,Palacios,12,3,50,0,0,a,,,,2.5,5,2.5,105,1,0.0,1799,686,0,0,0,4,0,0,0,0,35,27.4,34.5,2.0,6.4,0.00,0.03,0.03,0.0,0.03,0.03,2.24,25,21.43,,,,1.0,2.5,2.5
640,Flemming,Zian,Flemming,12,4,55,0,0,a,,,,1.0,1,1.0,24,0,0.0,1714,463,0,0,0,0,0,0,0,0,4,3.2,0.5,7.0,1.1,0.02,0.01,0.03,0.08,0.04,0.12,0.22,0,0.0,,,,0.2,1.8,1.8
260,Wilson,Harry,Wilson,13,3,63,-2,-1,a,,,,1.3,4,1.3,127,1,3.1,2271,84721,0,0,1,0,1,0,0,0,15,16.0,47.7,12.0,7.7,0.01,0.06,0.07,0.01,0.04,0.05,2.11,9,6.38,,2,2,0.6,1.3,1.3
326,Perri,Lucas Estella,Perri,13,1,45,0,0,u,0,Has joined Torino on loan for the rest of the season,2026-09-01T13:12:39.210133Z,0.0,0,0.0,0,0,0.4,0,5131,0,0,0,0,0,0,0,0,0,0.0,0.0,0.0,0.0,0.00,0.00,0.00,0,0,0,0,0,0,,,,0.0,0.0,0.0
327,Bijol,Jaka,Bijol,13,2,50,0,0,a,,,,4.0,12,4.0,164,2,0.9,3215,10351,0,0,1,2,0,0,0,2,29,38.2,0.6,15.0,5.4,0.11,0.00,0.11,0.06,0.0,0.06,1.73,21,11.52,,,,2.4,4.0,4.0
329,Rodon,Joe,Rodon,13,2,44,-1,-1,i,0,Hamstring injury - Expected back 21 Nov,2026-08-30T16:00:08.564382Z,2.3,7,3.5,123,2,1.5,122,73095,0,0,1,0,0,0,0,0,25,23.0,14.7,7.0,4.5,0.03,0.06,0.09,0.02,0.04,0.06,0.74,11,8.05,,,,1.6,0.0,0.0
330,Bogle,Jayden,Bogle,13,2,45,0,0,a,,,,7.3,22,7.3,217,3,1.7,76670,14922,1,0,2,1,1,0,0,3,63,61.0,14.1,37.0,11.2,0.90,0.03,0.93,0.37,0.01,0.38,0.68,12,4.98,,,,4.9,7.3,7.3
331,Gudmundsson,Gabriel,Gudmundsson,13,2,45,0,0,a,100,,2026-08-08T20:00:07.546568Z,0.7,2,2.0,90,1,0.1,737,360,0,0,0,1,0,0,0,0,9,12.6,1.2,2.0,1.6,0.00,0.00,0.00,0.0,0.0,0.0,2.19,5,5.0,,,,0.4,0.7,0.7
332,Justin,James,Justin,13,2,45,0,0,a,,,,5.3,16,5.3,270,3,1.5,16347,13833,0,0,1,2,0,0,0,2,49,66.0,15.6,32.0,11.3,0.17,0.02,0.19,0.06,0.01,0.07,1.51,30,10.0,,,,3.6,5.3,5.3
333,Bornauw,Sebastiaan,Bornauw,13,2,45,0,0,u,0,Has joined Hamburg SV on loan for the rest of the season,2026-08-19T13:56:14.645970Z,0.0,0,0.0,0,0,0.0,0,28,0,0,0,0,0,0,0,0,0,0.0,0.0,0.0,0.0,0.00,0.00,0.00,0,0,0,0,0,0,,,,0.0,0.0,0.0
334,Muharemović,Tarik,Muharemović,13,2,50,0,0,a,,,,4.7,14,4.7,270,3,3.6,79478,42425,0,0,1,2,0,0,0,0,52,96.4,2.2,21.0,11.9,0.09,0.02,0.11,0.03,0.01,0.04,1.51,39,13.0,,,,2.8,4.7,4.7
335,Stach,Anton,Stach,13,3,60,0,0,a,,,,6.3,19,6.3,270,3,2.8,20116,33516,1,0,1,2,0,0,0,3,57,87.8,35.8,39.0,16.3,0.49,0.16,0.65,0.16,0.05,0.21,1.51,38,12.67,,1,1,3.2,6.3,6.3
336,Okafor,Noah,Okafor,13,3,59,-1,0,a,,,,2.0,6,2.0,153,2,0.3,1358,4064,0,0,1,1,0,0,0,0,30,17.8,22.1,16.0,5.6,0.08,0.18,0.26,0.05,0.11,0.16,0.65,7,4.12,,,,1.0,2.0,2.0
337,Aaronson,Brenden,Aaronson,13,3,54,-1,-1,a,,,,1.7,5,1.7,154,2,0.6,757,7431,0,0,1,2,0,0,0,0,27,10.2,2.7,7.0,2.0,0.01,0.02,0.03,0.01,0.01,0.02,1.8,10,5.84,,,4,0.9,1.7,1.7
338,Ampadu,Ethan,Ampadu,13,3,55,0,0,a,,,,3.0,9,3.0,270,3,1.0,1801,10999,0,0,1,2,0,0,0,0,43,61.8,41.2,1.0,10.4,0.01,0.14,0.15,0.0,0.05,0.05,1.51,34,11.33,,,,1.6,3.0,3.0
339,Longstaff,Sean,Longstaff,13,3,49,-1,-1,a,,,,0.3,1,1.0,8,0,0.1,495,1261,0,0,0,0,0,0,0,0,3,0.0,0.2,0.0,0.0,0.00,0.00,0.00,0.0,0.0,0.0,0.79,0,0.0,,3,3,0.2,0.3,0.3
341,Gnonto,Wilfried,Gnonto,13,3,50,0,0,u,0,Has joined ACF Fiorentina on loan for the rest of the season,2026-09-02T16:04:47.189648Z,0.0,0,0.0,0,0,0.0,0,361,0,0,0,0,0,0,0,0,0,0.0,0.0,0.0,0.0,0.00,0.00,0.00,0,0,0,0,0,0,,,,0.0,0.0,0.0
342,Harrison,Jack,Harrison,13,3,50,0,0,u,0,Has joined New England Revolution permanently,2026-07-28T12:59:09.492431Z,0.0,0,0.0,0,0,0.0,0,9,0,0,0,0,0,0,0,0,0,0.0,0.0,0.0,0.0,0.00,0.00,0.00,0,0,0,0,0,0,,,,0.0,0.0,0.0
343,James,Daniel,James,13,3,50,0,0,a,,,,0.3,1,1.0,22,0,0.1,530,1364,0,0,0,0,0,0,0,0,2,0.0,1.1,12.0,1.1,0.24,0.01,0.25,0.98,0.04,1.02,3.8,2,8.18,,,,0.2,0.3,0.3
344,Gruev,Ilia,Gruev,13,3,50,0,0,d,25,Knee injury - 25% chance of playing,2026-08-14T23:00:06.272027Z,0.0,0,0.0,0,0,0.0,10,43,0,0,0,0,0,0,0,0,0,0.0,0.0,0.0,0.0,0.00,0.00,0.00,0,0,0,0,0,0,,,,0.0,0.0,0.0
345,Tanaka,Tanaka,Ao,13,3,49,-1,0,a,,,,2.0,6,3.0,117,1,0.2,4184,2148,0,1,0,1,0,0,0,0,24,40.8,14.0,13.0,6.8,0.53,0.02,0.55,0.41,0.02,0.43,1.54,19,14.62,,4,,1.2,2.0,2.0
346,Calvert-Lewin,Dominic,Calvert-Lewin,13,4,60,0,0,a,,,,3.3,10,3.3,252,3,23.2,67714,306425,1,0,1,2,2,0,0,2,29,42.8,16.1,67.0,12.1,1.61,0.08,1.69,0.58,0.03,0.61,1.14,9,3.21,1,,,1.7,3.3,3.3
347,Nmecha,Lukas,Nmecha,13,4,54,-1,-1,a,,,,1.7,5,2.5,38,0,0.5,4261,5058,0,1,0,0,0,0,0,0,20,18.2,22.1,15.0,5.4,0.27,0.14,0.41,0.64,0.33,0.97,5.33,1,2.37,2,,,0.9,1.7,1.7
348,Piroe,Joël,Piroe,13,4,50,0,0,u,0,Has joined West Ham United on loan for the rest of the season,2026-08-19T13:56:14.666726Z,0.0,0,0.0,0,0,0.1,0,1166,0,0,0,0,0,0,0,0,0,0.0,0.0,0.0,0.0,0.00,0.00,0.00,0,0,0,0,0,0,3,,,0.0,0.0,0.0
349,Mateo Joseph,Mateo,Joseph Fernández-Regatillo,13,4,45,0,0,i,0,Knee injury - Unknown return date,2026-07-29T18:00:10.338170Z,0.0,0,0.0,0,0,0.1,587,741,0,0,0,0,0,0,0,0,0,0.0,0.0,0.0,0.0,0.00,0.00,0.00,0,0,0,0,0,0,,,,0.0,0.0,0.0
385,Trafford,James,Trafford,13,1,50,0,0,a,,,,5.0,15,5.0,270,3,5.4,45299,33491,0,0,1,2,0,0,11,2,66,91.8,0.0,0.0,9.2,0.00,0.00,0.00,0.0,0.0,0.0,1.51,0,0.0,,,,3.0,5.0,5.0
598,Elvedi,Nico,Elvedi,13,2,45,0,0,a,,,,1.7,5,2.5,146,1,0.0,1655,822,0,0,0,2,0,0,0,0,21,43.6,22.2,12.0,7.8,0.00,0.57,0.57,0.0,0.35,0.35,2.16,16,9.86,,,,1.1,1.7,1.7
603,Lienou,Jayden,Lienou,13,2,40,0,0,a,,,,0.0,0,0.0,0,0,0.1,976,799,0,0,0,0,0,0,0,0,0,0.0,0.0,0.0,0.0,0.00,0.00,0.00,0,0,0,0,0,0,,,,0.0,0.0,0.0
604,Cresswell,Alfie,Cresswell,13,3,45,0,0,a,,,,0.0,0,0.0,0,0,0.1,2636,1647,0,0,0,0,0,0,0,0,0,0.0,0.0,0.0,0.0,0.00,0.00,0.00,0,0,0,0,0,0,,,,0.0,0.0,0.0
625,Cairns,Alex,Cairns,13,1,40,0,0,a,,,,0.0,0,0.0,0,0,0.2,4571,1599,0,0,0,0,0,0,0,0,0,0.0,0.0,0.0,0.0,0.00,0.00,0.00,0,0,0,0,0,0,,,,0.0,0.0,0.0
629,Zetterer,Michael,Zetterer,13,1,40,0,0,a,,,,0.0,0,0.0,0,0,0.5,17151,3521,0,0,0,0,0,0,0,0,0,0.0,0.0,0.0,0.0,0.00,0.00,0.00,0,0,0,0,0,0,,,,0.0,1.0,1.0
641,Bard,Melvin,Bard,13,2,45,0,0,a,,,,0.0,0,0.0,0,0,0.0,211,77,0,0,0,0,0,0,0,0,0,0.0,0.0,0.0,0.0,0.00,0.00,0.00,0,0,0,0,0,0,,,,0.0,1.8,1.8
648,Bahoya,Jean-Mattéo,Bahoya,13,3,50,0,0,a,,,,0.0,0,0.0,0,0,0.0,627,273,0,0,0,0,0,0,0,0,0,0.0,0.0,0.0,0.0,0.00,0.00,0.00,0,0,0,0,0,0,,,,0.0,1.5,1.5
350,A.Becker,Alisson,Becker,14,1,55,0,0,a,,,,3.3,10,3.3,270,3,3.9,27616,20148,0,0,1,4,1,0,9,1,37,55.8,0.0,0.0,5.6,0.00,0.00,0.00,0.0,0.0,0.0,1.54,0,0.0,,,,1.8,3.3,3.3
351,Mamardashvili,Giorgi,Mamardashvili,14,1,49,-1,0,a,,,,0.0,0,0.0,0,0,0.1,437,1492,0,0,0,0,0,0,0,0,0,0.0,0.0,0.0,0.0,0.00,0.00,0.00,0,0,0,0,0,0,,,,0.0,0.0,0.0
352,Woodman,Freddie,Woodman,14,1,40,0,0,a,,,,0.0,0,0.0,0,0,1.1,2586,5173,0,0,0,0,0,0,0,0,0,0.0,0.0,0.0,0.0,0.00,0.00,0.00,0,0,0,0,0,0,,,,0.0,0.0,0.0
353,Pecsi,Armin,Pecsi,14,1,40,0,0,u,0,Has joined TSV Hartberg on loan for the rest of the season,2026-08-18T14:11:18.638344Z,0.0,0,0.0,0,0,0.0,0,144,0,0,0,0,0,0,0,0,0,0.0,0.0,0.0,0.0,0.00,0.00,0.00,0,0,0,0,0,0,,,,0.0,0.0,0.0
354,Jaros,Vitezslav,Jaros,14,1,40,0,0,i,0,Knee injury - Unknown return date,2026-07-29T18:00:10.351066Z,0.0,0,0.0,0,0,0.0,423,270,0,0,0,0,0,0,0,0,0,0.0,0.0,0.0,0.0,0.00,0.00,0.00,0,0,0,0,0,0,,,,0.0,0.0,0.0
355,Davies,Harvey,Davies,14,1,40,0,0,a,,,,0.0,0,0.0,0,0,0.2,900,810,0,0,0,0,0,0,0,0,0,0.0,0.0,0.0,0.0,0.00,0.00,0.00,0,0,0,0,0,0,,,,0.0,0.0,0.0
356,Virgil,Virgil,van Dijk,14,2,65,0,0,a,,,,3.0,9,3.0,270,3,17.2,57617,88917,0,0,1,4,1,0,0,0,45,73.4,7.7,26.0,10.7,0.25,0.06,0.31,0.08,0.02,0.1,1.54,25,8.33,,,,1.4,3.0,3.0
357,Frimpong,Jeremie,Frimpong,14,2,54,-1,-1,a,,,,0.3,1,0.5,160,2,2.4,3333,61748,0,0,0,4,1,0,0,0,12,26.4,51.6,14.0,9.2,0.01,0.11,0.12,0.01,0.06,0.07,2.14,8,4.5,,,,0.2,0.3,0.3
358,Kerkez,Milos,Kerkez,14,2,54,-1,-1,a,,,,2.0,6,2.0,250,3,2.8,8015,23395,0,0,1,4,2,0,0,0,35,55.8,37.9,12.0,10.6,0.02,0.06,0.08,0.01,0.02,0.03,1.64,20,7.2,,,,1.1,2.0,2.0
359,Gomez,Joe,Gomez,14,2,50,0,0,i,0,Muscular injury - Unknown return date,2026-07-26T08:30:10.078473Z,0.0,0,0.0,0,0,0.0,57,164,0,0,0,0,0,0,0,0,0,0.0,0.0,0.0,0.0,0.00,0.00,0.00,0,0,0,0,0,0,,,,0.0,0.0,0.0
360,Bradley,Conor,Bradley,14,2,50,0,0,i,0,Knee injury - Unknown return date,2026-07-23T12:01:23.565711Z,0.0,0,0.0,0,0,0.0,59,131,0,0,0,0,0,0,0,0,0,0.0,0.0,0.0,0.0,0.00,0.00,0.00,0,0,0,0,0,0,,,,0.0,0.0,0.0
361,Lucky,Wellity,Lucky,14,2,40,0,0,a,,,,0.0,0,0.0,0,0,0.1,614,1122,0,0,0,0,0,0,0,0,0,0.0,0.0,0.0,0.0,0.00,0.00,0.00,0,0,0,0,0,0,,,,0.0,0.0,0.0
362,Jacquet,Jeremy,Jacquet,14,2,50,0,0,a,100,,2026-07-23T12:01:23.581126Z,3.0,9,3.0,235,3,2.7,31795,23137,0,0,1,4,1,0,0,0,50,66.0,39.5,4.0,10.9,0.00,0.10,0.10,0.0,0.04,0.04,1.54,23,8.81,,,,1.8,3.0,3.0
363,Leoni,Giovanni,Leoni,14,2,40,0,0,i,0,Knee injury - Unknown return date,2026-07-23T12:01:23.596909Z,0.0,0,0.0,0,0,0.0,124,332,0,0,0,0,0,0,0,0,0,0.0,0.0,0.0,0.0,0.00,0.00,0.00,0,0,0,0,0,0,,,,0.0,0.0,0.0
364,Tsimikas,Kostas,Tsimikas,14,2,49,-1,-1,a,,,,0.3,1,1.0,19,0,0.1,247,1035,0,0,0,0,0,0,0,0,4,3.6,1.3,9.0,1.4,0.04,0.01,0.05,0.19,0.05,0.24,0.33,0,0.0,,,,0.2,0.3,0.3
365,Ramsay,Calvin,Ramsay,14,2,40,0,0,u,0,Has joined St Mirren on loan for the rest of the season,2026-08-26T14:05:26.748768Z,0.0,0,0.0,0,0,0.1,0,1561,0,0,0,0,0,0,0,0,0,0.0,0.0,0.0,0.0,0.00,0.00,0.00,0,0,0,0,0,0,,,,0.0,0.0,0.0
366,Wirtz,Florian,Wirtz,14,3,74,-1,-1,a,,,,3.0,9,3.0,242,3,8.2,13119,167768,0,1,1,4,1,0,0,0,53,44.2,76.2,73.0,19.4,0.67,0.29,0.96,0.25,0.11,0.36,1.29,19,7.07,4,3,2,1.2,3.0,3.0
367,Gakpo,Cody,Gakpo,14,3,72,2,1,d,75,Thigh injury - 75% chance of playing,2026-09-09T18:30:08.772955Z,9.3,28,9.3,250,3,13.8,609516,149194,1,3,1,4,0,0,0,5,97,116.8,104.5,56.0,27.7,0.36,1.20,1.56,0.13,0.43,0.56,1.64,25,9.0,3,2,,3.9,9.3,7.0
368,Szoboszlai,Dominik,Szoboszlai,14,3,70,0,0,a,,,,5.0,15,5.0,270,3,38.4,135651,388541,1,0,1,4,0,0,0,1,73,91.2,117.7,46.0,25.5,1.17,0.52,1.69,0.39,0.17,0.56,1.54,29,9.67,1,1,1,2.1,5.0,5.0
369,Ngumoha,Rio,Ngumoha,14,3,58,-2,-1,a,,,,1.0,3,1.5,81,1,0.6,1494,17868,0,0,0,2,0,0,0,0,14,4.4,7.3,7.0,1.8,0.04,0.05,0.09,0.04,0.06,0.1,0.64,3,3.33,,,,0.5,1.0,1.0
370,Chiesa,Federico,Chiesa,14,3,54,-1,0,i,0,Back injury - Unknown return date,2026-08-27T13:30:07.598926Z,0.0,0,0.0,0,0,0.1,13,1061,0,0,0,0,0,0,0,0,0,0.0,0.0,0.0,0.0,0.00,0.00,0.00,0,0,0,0,0,0,,,,0.0,0.0,0.0
371,Gravenberch,Ryan,Gravenberch,14,3,59,-1,-1,a,,,,2.3,7,2.3,122,1,1.4,3910,28705,0,1,0,2,0,0,0,0,35,31.0,29.8,4.0,6.5,0.06,0.06,0.12,0.04,0.04,0.08,0.99,14,10.33,,,,1.2,2.3,2.3
372,Mac Allister,Alexis,Mac Allister,14,3,54,-1,-1,a,,,,1.7,5,1.7,186,2,1.4,7420,15664,0,0,1,2,1,0,0,0,33,35.0,21.9,18.0,7.4,0.08,0.42,0.50,0.04,0.2,0.24,1.89,24,11.61,5,,,0.9,1.7,1.7
373,C.Jones,Curtis,Jones,14,3,55,0,0,u,0,Has joined Internazionale permanently,2026-08-16T18:30:07.426408Z,0.0,0,0.0,0,0,0.0,0,289,0,0,0,0,0,0,0,0,0,0.0,0.0,0.0,0.0,0.00,0.00,0.00,0,0,0,0,0,0,,,,0.0,0.0,0.0
374,Endo,Endo,Wataru,14,3,50,0,0,a,100,,2026-07-23T12:01:23.612529Z,0.0,0,0.0,0,0,0.1,427,872,0,0,0,0,0,0,0,0,0,0.0,0.0,0.0,0.0,0.00,0.00,0.00,0,0,0,0,0,0,,,,0.0,0.0,0.0
375,Nyoni,Trey,Nyoni,14,3,49,-1,-1,a,,,,0.7,2,1.0,19,0,0.0,350,543,0,0,0,0,0,0,0,0,6,6.6,2.3,0.0,0.9,0.00,0.00,0.00,0.0,0.0,0.0,1.04,5,23.68,,,,0.4,0.7,0.7
376,Bajcetic,Stefan,Bajčetić Maquieira,14,3,50,0,0,u,0,Has joined Celta Vigo permanently,2026-07-23T12:01:23.628373Z,0.0,0,0.0,0,0,0.0,0,20,0,0,0,0,0,0,0,0,0,0.0,0.0,0.0,0.0,0.00,0.00,0.00,0,0,0,0,0,0,,,,0.0,0.0,0.0
377,Munoz,Victor,Munoz,14,3,65,0,0,a,,,,4.3,13,4.3,180,2,1.2,12759,21482,1,1,1,2,1,0,0,0,48,47.0,30.0,49.0,12.6,0.42,0.25,0.67,0.21,0.12,0.33,1.98,11,5.5,,,,2.0,4.3,4.3
378,McConnell,James,McConnell,14,3,45,0,0,a,,,,0.0,0,0.0,0,0,0.2,719,1956,0,0,0,0,0,0,0,0,0,0.0,0.0,0.0,0.0,0.00,0.00,0.00,0,0,0,0,0,0,,,,0.0,0.0,0.0
379,Isak,Alexander,Isak,14,4,91,1,1,a,,,,7.7,23,7.7,243,3,21.7,490098,69125,3,0,1,4,0,0,0,5,97,112.4,31.3,148.0,29.1,2.29,0.06,2.35,0.85,0.02,0.87,1.65,5,1.85,2,,,2.5,7.7,7.7
380,Ekitiké,Hugo,Ekitiké,14,4,74,-1,-1,i,0,Achilles injury - Unknown return date,2026-07-23T12:01:23.643771Z,0.0,0,0.0,0,0,0.1,395,1739,0,0,0,0,0,0,0,0,0,0.0,0.0,0.0,0.0,0.00,0.00,0.00,0,0,0,0,0,0,,,,0.0,0.0,0.0
381,Koumas,Lewis,Koumas,14,3,50,0,0,a,,,,0.7,2,1.0,13,0,0.0,105,249,0,0,0,0,0,0,0,0,7,1.2,0.5,7.0,0.9,0.03,0.00,0.03,0.21,0.0,0.21,4.02,1,6.92,,,,0.4,0.7,0.7
382,Danns,Jayden,Danns,14,4,45,0,0,a,100,,2026-07-23T12:01:23.659279Z,0.0,0,0.0,0,0,0.1,5435,1808,0,0,0,0,0,0,0,0,0,0.0,0.0,0.0,0.0,0.00,0.00,0.00,0,0,0,0,0,0,,,,0.0,0.0,0.0
383,Elliott,Harvey,Elliott,14,3,54,-1,0,u,0,Has joined Valencia on loan for the rest of the season,2026-09-02T16:05:49.104326Z,0.0,0,0.0,0,0,0.0,0,1389,0,0,0,0,0,0,0,0,0,0.0,0.0,0.0,0.0,0.00,0.00,0.00,0,0,0,0,0,0,,,,0.0,0.0,0.0
579,Araujo,Ronald,Araujo,14,2,54,-1,0,a,,,,3.0,9,3.0,123,1,2.4,31805,12895,0,0,1,0,1,0,0,0,29,39.0,5.9,2.0,4.6,0.00,0.05,0.05,0.0,0.04,0.04,1.0,15,10.98,,,,1.7,3.0,3.0
627,Barcola,Bradley,Barcola,14,3,80,0,0,a,,,,1.0,1,1.0,26,0,1.9,76394,31964,0,0,0,0,0,0,0,0,5,3.0,10.5,2.0,1.6,0.00,0.07,0.07,0.0,0.24,0.24,0.59,0,0.0,,,,0.1,2.8,2.8
155,Enzo,Enzo,Fernández,15,3,69,-1,0,a,,,,1.3,4,2.0,100,1,3.2,27230,36752,0,0,1,0,0,0,0,0,23,13.6,30.9,18.0,6.2,0.13,0.14,0.27,0.12,0.13,0.25,1.15,6,5.4,,,,0.6,1.3,1.3
237,Ndiaye,Iliman,Ndiaye,15,3,59,-1,-1,a,,,,5.3,16,5.3,266,3,9.6,32998,225228,0,1,2,1,0,0,0,1,64,60.4,72.2,68.0,20.1,0.28,0.43,0.71,0.09,0.15,0.24,1.85,30,10.15,,,,2.7,5.3,5.3
384,Donnarumma,Gianluigi,Donnarumma,15,1,55,0,0,a,,,,3.3,10,3.3,270,3,7.7,24204,52855,0,0,1,2,0,0,7,0,46,60.4,0.0,0.0,6.1,0.00,0.00,0.00,0.0,0.0,0.0,0.89,0,0.0,,,,1.8,3.3,3.3
386,Bettinelli,Marcus,Bettinelli,15,1,45,0,0,a,,,,0.0,0,0.0,0,0,0.0,99,178,0,0,0,0,0,0,0,0,0,0.0,0.0,0.0,0.0,0.00,0.00,0.00,0,0,0,0,0,0,,,,0.0,0.0,0.0
387,O'Reilly,Nico,O'Reilly,15,2,64,-1,-1,d,75,Back injury - 75% chance of playing,2026-09-05T18:00:06.379802Z,1.3,4,2.0,150,2,14.2,4509,426826,0,0,0,2,0,0,0,0,16,12.4,38.2,16.0,6.6,0.09,0.43,0.52,0.05,0.26,0.31,0.73,3,1.8,,,,0.6,1.3,1.0
388,Guéhi,Marc,Guéhi,15,2,60,0,0,a,,,,6.7,20,6.7,270,3,18.6,71132,77773,1,0,1,2,0,0,0,4,74,96.6,42.9,30.0,16.9,0.89,0.38,1.27,0.3,0.13,0.43,0.89,18,6.0,,,,3.3,6.7,6.7
389,Matheus N.,Matheus,Nunes,15,2,59,-1,0,a,100,,2026-08-27T11:30:08.171622Z,0.3,1,1.0,33,0,1.0,1853,7809,0,0,0,0,0,0,0,0,4,3.8,1.5,4.0,0.9,0.00,0.04,0.04,0.0,0.11,0.11,0.27,1,2.73,4,,,0.2,0.3,0.3
390,Rúben,Rúben,dos Santos Gato Alves Dias,15,2,55,0,0,a,,,,3.3,10,3.3,270,3,1.8,8202,12092,0,0,1,2,0,0,0,0,55,72.0,46.8,37.0,15.5,0.09,0.74,0.83,0.03,0.25,0.28,0.89,15,5.0,,,,1.8,3.3,3.3
391,Gvardiol,Joško,Gvardiol,15,2,56,1,0,a,,,,7.3,22,7.3,254,3,19.9,238544,102444,1,1,1,2,0,0,0,3,77,94.0,51.0,26.0,17.1,0.20,0.11,0.31,0.07,0.04,0.11,0.95,17,6.02,,,,3.9,7.3,7.3
392,Aït-Nouri,Rayan,Aït-Nouri,15,2,53,-2,-1,a,,,,0.0,0,0.0,0,0,0.5,941,8291,0,0,0,0,0,0,0,0,0,0.0,0.0,0.0,0.0,0.00,0.00,0.00,0,0,0,0,0,0,,,,0.0,0.0,0.0
393,Khusanov,Abdukodir,Khusanov,15,2,55,0,0,a,,,,3.0,9,3.0,268,3,1.6,4718,9787,0,0,1,2,1,0,0,0,53,51.6,12.6,4.0,6.8,0.00,0.06,0.06,0.0,0.02,0.02,0.9,17,5.71,,,,1.6,3.0,3.0
394,Alleyne,Max,Alleyne,15,2,50,0,0,u,0,Has joined Burnley on loan for the rest of the season,2026-08-18T14:11:56.324656Z,0.0,0,0.0,0,0,0.0,0,50,0,0,0,0,0,0,0,0,0,0.0,0.0,0.0,0.0,0.00,0.00,0.00,0,0,0,0,0,0,,,,0.0,0.0,0.0
395,Lewis,Rico,Lewis,15,2,45,0,0,a,,,,0.3,1,1.0,56,1,0.2,741,3051,0,0,0,1,0,0,0,0,-1,3.8,3.8,39.0,4.7,0.17,0.02,0.19,0.27,0.03,0.3,0.88,2,3.21,,,,0.2,0.3,0.3
396,Vitor Reis,Vitor,de Oliveira Nunes dos Reis,15,2,45,0,0,a,,,,0.3,1,1.0,1,0,0.0,57,215,0,0,0,0,0,0,0,0,3,1.2,0.9,0.0,0.2,0.00,0.00,0.00,0.0,0.0,0.0,0.0,0,0.0,,,,0.2,0.3,0.3
397,Semenyo,Antoine,Semenyo,15,3,84,-1,-1,a,,,,4.3,13,4.3,270,3,17.3,27683,216360,0,2,1,2,0,0,0,0,75,57.6,97.8,82.0,23.8,0.17,0.93,1.10,0.06,0.31,0.37,0.89,12,4.0,2,,,1.5,4.3,4.3
398,Foden,Phil,Foden,15,3,70,0,0,a,,,,3.7,11,3.7,195,2,4.5,13665,137999,0,2,0,2,1,0,0,1,56,57.6,110.2,39.0,20.7,1.61,0.86,2.47,0.74,0.4,1.14,0.84,14,6.46,,2,2,1.6,3.7,3.7
399,Cherki,Rayan,Cherki,15,3,78,3,1,a,,,,8.3,25,8.3,173,2,29.9,232982,274703,2,2,1,1,1,0,0,4,111,121.4,148.8,77.0,34.8,0.56,1.35,1.91,0.29,0.7,0.99,0.84,6,3.12,,1,1,3.2,8.3,8.3
400,Doku,Jérémy,Doku,15,3,74,-1,0,i,0,Calf injury - Expected back 13 Sep,2026-08-18T17:00:08.385597Z,0.0,0,0.0,0,0,0.8,209,10735,0,0,0,0,0,0,0,0,0,0.0,0.0,0.0,0.0,0.00,0.00,0.00,0,0,0,0,0,0,3,,,0.0,0.0,0.0
402,Rodrigo,Rodrigo 'Rodri',Hernandez Cascante,15,3,65,0,0,u,0,Has joined Barcelona permanently,2026-07-23T12:01:23.675537Z,0.0,0,0.0,0,0,0.0,0,73,0,0,0,0,0,0,0,0,0,0.0,0.0,0.0,0.0,0.00,0.00,0.00,0,0,0,0,0,0,,,,0.0,0.0,0.0
404,Reijnders,Tijjani,Reijnders,15,3,60,0,0,u,0,Has joined Al Qadsiah permanently,2026-08-20T14:02:58.154273Z,0.0,0,0.0,0,0,0.0,0,438,0,0,0,0,0,0,0,0,0,0.0,0.0,0.0,0.0,0.00,0.00,0.00,0,0,0,0,0,0,,,,0.0,0.0,0.0
406,Kovačić,Mateo,Kovačić,15,3,54,-1,-1,a,,,,0.7,2,1.0,42,0,0.1,359,1056,0,0,0,0,0,0,0,0,12,4.2,5.2,0.0,0.9,0.00,0.02,0.02,0.0,0.04,0.04,0.21,2,4.29,,,,0.4,0.7,0.7
407,Echeverri,Claudio,Echeverri,15,3,49,-1,0,u,0,Has joined Benfica on loan for the rest of the season,2026-09-03T15:41:24.710479Z,0.0,0,0.0,0,0,0.0,0,296,0,0,0,0,0,0,0,0,0,0.0,0.0,0.0,0.0,0.00,0.00,0.00,0,0,0,0,0,0,,,,0.0,0.0,0.0
408,Phillips,Kalvin,Phillips,15,3,50,0,0,u,0,Has joined Sheffield United on loan for the rest of the season,2026-08-18T14:11:56.348781Z,0.0,0,0.0,0,0,0.0,0,49,0,0,0,0,0,0,0,0,0,0.0,0.0,0.0,0.0,0.00,0.00,0.00,0,0,0,0,0,0,,,,0.0,0.0,0.0
409,Mukasa,Divine,Mukasa,15,3,45,0,0,u,0,has joined West Ham on loan for the rest of the seaon.,2026-09-03T10:34:10.733520Z,0.0,0,0.0,0,0,0.1,0,2704,0,0,0,0,0,0,0,0,0,0.0,0.0,0.0,0.0,0.00,0.00,0.00,0,0,0,0,0,0,,,,0.0,0.0,0.0
410,Monga,Jeremy,Monga,15,3,49,-1,0,u,0,Has joined Swansea City on loan for the rest of the season,2026-09-02T16:02:01.136760Z,0.0,0,0.0,0,0,0.0,0,303,0,0,0,0,0,0,0,0,0,0.0,0.0,0.0,0.0,0.00,0.00,0.00,0,0,0,0,0,0,,,,0.0,0.0,0.0
411,Haaland,Erling,Haaland,15,4,155,0,0,a,,,,8.0,24,8.0,270,3,71.3,122669,86681,3,0,1,2,0,0,0,6,106,121.6,18.9,164.0,30.4,2.46,0.50,2.96,0.82,0.17,0.99,0.89,15,5.0,1,,,1.5,8.0,8.0
481,Anderson,Elliot,Anderson,15,3,63,-2,-1,a,100,,2026-08-23T17:00:07.952697Z,2.7,8,2.7,233,3,4.5,13127,62122,0,0,1,2,1,0,0,0,62,58.8,69.1,18.0,14.6,0.09,0.64,0.73,0.03,0.25,0.28,1.0,31,11.97,,3,,1.3,2.7,2.7
587,Rulli,Gerónimo,Rulli,15,1,50,0,0,a,,,,0.0,0,0.0,0,0,0.0,95,188,0,0,0,0,0,0,0,0,0,0.0,0.0,0.0,0.0,0.00,0.00,0.00,0,0,0,0,0,0,,,,0.0,0.0,0.0
616,Bouaddi,Ayyoub,Bouaddi,15,3,55,0,0,a,,,,1.0,2,1.0,22,0,0.2,3340,3116,0,0,0,0,0,0,0,0,8,13.0,4.8,0.0,1.8,0.00,0.12,0.12,0.0,0.49,0.49,1.51,6,24.55,,,,0.4,1.0,1.0
621,McAidoo,Ryan,McAidoo,15,3,45,0,0,a,,,,1.0,2,1.0,11,0,0.1,2922,1819,0,0,0,0,0,0,0,0,8,5.2,0.5,3.0,0.8,0.10,0.00,0.10,0.82,0.0,0.82,0.16,4,32.73,,,,0.4,1.0,1.0
622,Braithwaite,Kaden,Braithwaite,15,2,40,0,0,a,,,,0.5,1,1.0,1,0,0.2,3749,2223,0,0,0,0,0,0,0,0,3,0.6,0.8,0.0,0.1,0.00,0.00,0.00,0.0,0.0,0.0,0.0,0,0.0,,,,0.2,0.5,0.5
628,Allan,Allan,Andrade Elias,15,3,60,0,0,a,,,,0.0,0,0.0,0,0,0.0,253,146,0,0,0,0,0,0,0,0,0,0.0,0.0,0.0,0.0,0.00,0.00,0.00,0,0,0,0,0,0,,,,0.0,2.2,2.2
653,Samba,Floyd,Samba,15,3,45,0,0,a,,,,0.0,0,0.0,0,0,0.0,2452,632,0,0,0,0,0,0,0,0,0,0.0,0.0,0.0,0.0,0.00,0.00,0.00,0,0,0,0,0,0,,,,0.0,1.0,1.0
43,Tielemans,Youri,Tielemans,16,3,59,-1,0,a,100,,2026-07-23T12:01:23.321726Z,2.7,8,2.7,246,3,1.8,5679,26757,0,0,0,6,0,0,0,0,56,56.8,76.5,33.0,16.7,0.56,0.28,0.84,0.2,0.1,0.3,1.47,25,9.15,3,,,1.4,2.7,2.7
131,Baleba,Carlos,Baleba,16,3,50,0,0,i,0,Ankle injury - Expected back 19 Sep,2026-08-06T16:00:10.997714Z,0.0,0,0.0,0,0,0.1,673,1890,0,0,0,0,0,0,0,0,0,0.0,0.0,0.0,0.0,0.00,0.00,0.00,0,0,0,0,0,0,,,,0.0,0.0,0.0
162,Andrey Santos,Andrey,Nascimento dos Santos,16,3,49,-1,0,a,,,,1.3,4,1.3,82,1,0.7,2930,11916,0,0,0,4,0,0,0,0,23,24.8,5.5,8.0,3.9,0.00,0.24,0.24,0.0,0.26,0.26,2.23,18,19.76,,,,0.8,1.3,1.3
325,Darlow,Karl,Darlow,16,1,45,0,0,a,100,,2026-07-23T12:01:23.549136Z,0.0,0,0.0,0,0,0.0,196,276,0,0,0,0,0,0,0,0,0,0.0,0.0,0.0,0.0,0.00,0.00,0.00,0,0,0,0,0,0,,,,0.0,0.0,0.0
412,Lammens,Senne,Lammens,16,1,50,0,0,a,,,,1.7,5,1.7,270,3,12.0,8663,157439,0,0,0,6,0,0,9,0,31,79.0,0.0,0.0,7.9,0.00,0.00,0.00,0.0,0.0,0.0,1.36,0,0.0,,,,1.0,1.7,1.7
413,Bayindir,Altay,Bayındır,16,1,45,0,0,u,0,Has joined Celta Vigo on loan for the rest of the season,2026-08-10T14:02:28.608415Z,0.0,0,0.0,0,0,0.0,0,115,0,0,0,0,0,0,0,0,0,0.0,0.0,0.0,0.0,0.00,0.00,0.00,0,0,0,0,0,0,,,,0.0,0.0,0.0
414,Heaton,Tom,Heaton,16,1,40,0,0,i,0,Hamstring injury - Unknown return date,2026-08-15T16:00:07.854151Z,0.0,0,0.0,0,0,0.1,510,609,0,0,0,0,0,0,0,0,0,0.0,0.0,0.0,0.0,0.00,0.00,0.00,0,0,0,0,0,0,,,,0.0,0.0,0.0
415,Dorgu,Patrick,Dorgu,16,3,58,-2,-1,a,,,,0.7,2,0.7,75,1,0.6,1247,13610,0,0,0,5,1,0,0,0,-4,11.2,14.2,57.0,7.3,0.65,0.05,0.70,0.78,0.06,0.84,2.74,6,7.2,,,,0.3,0.7,0.7
416,De Ligt,Matthijs,de Ligt,16,2,50,0,0,i,0,Back injury - Unknown return date,2026-07-23T12:01:23.690880Z,0.0,0,0.0,0,0,0.0,77,229,0,0,0,0,0,0,0,0,0,0.0,0.0,0.0,0.0,0.00,0.00,0.00,0,0,0,0,0,0,,,,0.0,0.0,0.0
417,Dalot,Diogo,Dalot Teixeira,16,2,49,-1,-1,a,,,,1.3,4,1.3,166,2,1.9,2937,23170,0,0,0,2,1,0,0,0,26,28.8,76.2,39.0,14.5,0.16,0.13,0.29,0.09,0.07,0.16,1.07,11,5.96,,,,0.8,1.3,1.3
418,Maguire,Harry,Maguire,16,2,49,-1,-1,a,,,,2.3,7,2.3,270,3,11.8,13140,233021,0,1,0,6,1,0,0,0,29,59.4,31.4,27.0,11.8,0.07,0.42,0.49,0.02,0.14,0.16,1.36,21,7.0,,,,1.4,2.3,2.3
419,Martinez,Lisandro,Martínez,16,2,50,0,0,a,100,,2026-07-24T20:00:10.337107Z,1.3,4,2.0,180,2,1.2,4352,9104,0,0,0,4,0,0,0,0,9,33.8,2.1,3.0,3.9,0.03,0.06,0.09,0.02,0.03,0.05,1.54,10,5.0,,,,0.8,1.3,1.3
420,Yoro,Leny,Yoro,16,2,49,-1,0,a,,,,0.7,2,1.0,22,0,0.5,686,5088,0,0,0,2,0,0,0,0,-1,7.8,2.4,2.0,1.3,0.00,0.02,0.02,0.0,0.08,0.08,4.46,5,20.45,,,,0.4,0.7,0.7
421,Heaven,Ayden,Heaven,16,2,44,-1,-1,a,,,,0.3,1,1.0,90,1,0.3,620,4151,0,0,0,2,0,0,0,0,5,6.8,2.6,11.0,2.0,0.12,0.04,0.16,0.12,0.04,0.16,1.01,2,2.0,,,,0.2,0.3,0.3
422,Mazraoui,Noussair,Mazraoui,16,2,44,-1,-1,a,,,,1.0,3,1.0,97,1,0.6,1079,7928,0,0,0,4,0,0,0,0,6,21.0,31.2,11.0,6.4,0.22,0.06,0.28,0.2,0.06,0.26,1.93,6,5.57,,,,0.7,1.0,1.0
423,Shaw,Luke,Shaw,16,2,44,-1,-1,a,,,,2.3,7,2.3,252,3,13.4,18267,227858,0,1,0,4,1,0,0,0,47,86.0,85.6,13.0,18.4,0.02,0.51,0.53,0.01,0.18,0.19,1.08,20,7.14,,3,,1.6,2.3,2.3
424,Amass,Harry,Amass,16,2,40,0,0,a,,,,0.0,0,0.0,0,0,0.2,1159,1456,0,0,0,0,0,0,0,0,0,0.0,0.0,0.0,0.0,0.00,0.00,0.00,0,0,0,0,0,0,,,,0.0,0.0,0.0
425,Fredricson,Tyler,Fredricson,16,2,40,0,0,u,0,Has joined Lausanne-Sport permanently,2026-08-18T14:12:31.904433Z,0.0,0,0.0,0,0,0.0,0,123,0,0,0,0,0,0,0,0,0,0.0,0.0,0.0,0.0,0.00,0.00,0.00,0,0,0,0,0,0,,,,0.0,0.0,0.0
426,B.Fernandes,Bruno,Borges Fernandes,16,3,120,0,0,a,,,,9.0,27,9.0,270,3,44.9,90371,426400,3,1,0,6,0,0,0,3,116,156.0,151.5,97.0,40.5,2.25,0.80,3.05,0.75,0.27,1.02,1.36,16,5.33,1,1,1,2.2,9.0,9.0
427,Mbeumo,Bryan,Mbeumo,16,3,79,-1,-1,a,,,,7.0,21,7.0,270,3,24.9,106993,309691,2,1,0,6,1,0,0,3,78,95.0,85.1,102.0,28.3,2.31,0.47,2.78,0.77,0.16,0.93,1.36,17,5.67,2,2,2,2.7,7.0,7.0
428,Cunha,Matheus,Santos Carneiro da Cunha,16,3,79,-1,-1,a,,,,4.7,14,4.7,227,3,6.8,7347,101895,0,2,1,3,0,0,0,1,55,28.2,62.0,73.0,16.4,0.47,0.41,0.88,0.19,0.16,0.35,1.08,8,3.17,,,,1.8,4.7,4.7
429,Rashford,Marcus,Rashford,16,3,70,0,0,a,,,,2.0,6,2.0,193,2,1.6,16562,19747,0,0,1,1,0,0,0,0,37,31.4,95.4,70.0,19.6,0.26,0.21,0.47,0.12,0.1,0.22,0.84,11,5.13,,,3,0.9,2.0,2.0
430,Mount,Mason,Mount,16,3,54,-1,0,a,100,,2026-08-15T16:00:07.879135Z,0.0,0,0.0,0,0,0.0,202,183,0,0,0,0,0,0,0,0,0,0.0,0.0,0.0,0.0,0.00,0.00,0.00,0,0,0,0,0,0,,,4,0.0,0.0,0.0
431,Amad,Amad,Diallo,16,3,58,-2,0,i,0,Unspecified injury - Unknown return date,2026-08-22T11:00:08.617283Z,0.0,0,0.0,0,0,0.4,124,8925,0,0,0,0,0,0,0,0,0,0.0,0.0,0.0,0.0,0.00,0.00,0.00,0,0,0,0,0,0,,4,,0.0,0.0,0.0
432,Mainoo,Kobbie,Mainoo,16,3,55,0,0,a,,,,4.7,14,4.7,185,2,1.3,20951,8428,0,1,0,2,0,0,0,2,64,52.2,34.2,11.0,9.7,0.21,0.35,0.56,0.1,0.17,0.27,1.0,31,15.08,,,,2.5,4.7,4.7
433,Ugarte,Manuel,Ugarte Ribeiro,16,3,50,0,0,i,0,Knee injury - Unknown return date,2026-07-23T12:01:23.706702Z,0.0,0,0.0,0,0,0.0,18,39,0,0,0,0,0,0,0,0,0,0.0,0.0,0.0,0.0,0.00,0.00,0.00,0,0,0,0,0,0,,,,0.0,0.0,0.0
434,J.Fletcher,Jack,Fletcher,16,3,49,-1,-1,a,,,,0.0,0,0.0,0,0,0.0,76,135,0,0,0,0,0,0,0,0,0,0.0,0.0,0.0,0.0,0.00,0.00,0.00,0,0,0,0,0,0,,,,0.0,0.0,0.0
435,Lacey,Shea,Lacey,16,3,49,-1,-1,a,,,,0.3,1,1.0,10,0,0.1,146,588,0,0,0,0,0,0,0,0,3,0.2,0.6,0.0,0.1,0.00,0.00,0.00,0.0,0.0,0.0,0.0,1,9.0,,,,0.2,0.3,0.3
436,Collyer,Toby,Collyer,16,3,50,0,0,u,0,Has joined West Brom permanently,2026-09-01T13:16:48.584385Z,0.0,0,0.0,0,0,0.0,0,215,0,0,0,0,0,0,0,0,0,0.0,0.0,0.0,0.0,0.00,0.00,0.00,0,0,0,0,0,0,,,,0.0,0.0,0.0
437,Bendito Mantato,Bendito,Mantato,16,3,45,0,0,a,,,,0.0,0,0.0,0,0,0.2,1092,1540,0,0,0,0,0,0,0,0,0,0.0,0.0,0.0,0.0,0.00,0.00,0.00,0,0,0,0,0,0,,,,0.0,0.0,0.0
438,Fletcher,Tyler,Fletcher,16,3,45,0,0,a,,,,0.0,0,0.0,0,0,0.3,1087,2354,0,0,0,0,0,0,0,0,0,0.0,0.0,0.0,0.0,0.00,0.00,0.00,0,0,0,0,0,0,,,,0.0,0.0,0.0
439,Šeško,Benjamin,Sesko,16,4,70,0,0,a,100,,2026-07-23T12:01:23.722029Z,2.3,7,2.3,53,0,1.6,17095,17461,1,0,0,3,0,0,0,0,35,33.4,11.2,32.0,7.6,0.33,0.01,0.34,0.56,0.02,0.58,2.43,3,5.09,,,,1.0,2.3,2.3
440,Zirkzee,Joshua,Zirkzee,16,4,54,-1,0,a,,,,0.0,0,0.0,0,0,0.4,2863,6290,0,0,0,0,0,0,0,0,0,0.0,0.0,0.0,0.0,0.00,0.00,0.00,0,0,0,0,0,0,,,,0.0,0.0,0.0
441,Obi,Chido,Obi,16,4,45,0,0,a,,,,0.0,0,0.0,0,0,1.2,11908,10619,0,0,0,0,0,0,0,0,0,0.0,0.0,0.0,0.0,0.00,0.00,0.00,0,0,0,0,0,0,,,,0.0,0.0,0.0
405,N.Gonzalez,Nico,González Iglesias,17,3,55,0,0,a,,,,1.3,4,2.0,146,2,0.3,2851,2546,0,0,1,2,1,0,0,0,20,13.4,41.9,2.0,5.8,0.00,0.21,0.21,0.0,0.13,0.13,1.28,11,6.78,,,,0.7,1.3,1.3
442,Pope,Nick,Pope,17,1,49,-1,-1,a,,,,0.0,0,0.0,0,0,1.0,2288,8960,0,0,0,0,0,0,0,0,0,0.0,0.0,0.0,0.0,0.00,0.00,0.00,0,0,0,0,0,0,,,,0.0,0.0,0.0
443,Gillespie,Mark,Gillespie,17,1,45,0,0,a,,,,0.0,0,0.0,0,0,0.0,110,213,0,0,0,0,0,0,0,0,0,0.0,0.0,0.0,0.0,0.00,0.00,0.00,0,0,0,0,0,0,,,,0.0,0.0,0.0
444,Jaouen,Ewen,Jaouen,17,1,45,0,0,d,50,Ankle injury - 50% chance of playing,2026-09-10T16:00:09.127466Z,0.0,0,0.0,0,0,0.0,90,223,0,0,0,0,0,0,0,0,0,0.0,0.0,0.0,0.0,0.00,0.00,0.00,0,0,0,0,0,0,,,,0.0,0.0,0.0
445,Thiaw,Malick,Thiaw,17,2,50,0,0,a,,,,2.7,8,2.7,270,3,2.1,30984,31689,0,0,1,4,0,0,0,0,25,52.2,14.0,2.0,6.8,0.00,0.07,0.07,0.0,0.02,0.02,1.82,21,7.0,,,,1.6,2.7,2.7
446,Schär,Fabian,Schär,17,2,50,0,0,a,100,,2026-08-15T16:30:07.209742Z,0.3,1,1.0,1,0,0.2,894,2749,0,0,0,1,0,0,0,0,-1,0.0,0.0,0.0,0.0,0.00,0.00,0.00,0.0,0.0,0.0,71.1,0,0.0,,,2,0.2,0.3,0.3
447,Botman,Sven,Botman,17,2,50,0,0,a,,,,3.0,9,3.0,270,3,0.7,5959,6136,0,0,1,4,1,0,0,0,29,69.6,3.0,6.0,7.9,0.01,0.17,0.18,0.0,0.06,0.06,1.82,24,8.0,,,,1.8,3.0,3.0
448,Burn,Dan,Burn,17,2,49,-1,0,i,0,Ankle injury - Expected back 14 Sep,2026-08-23T18:00:08.367241Z,0.0,0,0.0,0,0,1.0,206,15021,0,0,0,0,0,0,0,0,0,0.0,0.0,0.0,0.0,0.00,0.00,0.00,0,0,0,0,0,0,,,,0.0,0.0,0.0
449,Hall,Lewis,Hall,17,2,51,1,0,a,,,,6.0,18,6.0,269,3,12.5,355394,74362,0,1,1,4,0,0,0,3,80,89.0,55.9,7.0,15.1,0.04,0.67,0.71,0.01,0.22,0.23,1.82,30,10.04,,1,1,3.5,6.0,6.0
450,Livramento,Tino,Livramento,17,2,49,-1,0,a,100,,2026-07-23T12:01:23.753221Z,0.3,1,1.0,1,0,0.1,2201,635,0,0,0,0,0,0,0,0,3,0.2,0.0,0.0,0.0,0.00,0.00,0.00,0.0,0.0,0.0,1.8,0,0.0,,,,0.2,0.0,0.3
451,A.Murphy,Alex,Murphy,17,2,40,0,0,u,0,Has joined FC Kaiserslautern on loan for the rest of the season,2026-08-12T14:05:29.224600Z,0.0,0,0.0,0,0,0.1,0,754,0,0,0,0,0,0,0,0,0,0.0,0.0,0.0,0.0,0.00,0.00,0.00,0,0,0,0,0,0,,,,0.0,0.0,0.0
453,Barnes,Harvey,Barnes,17,3,60,0,0,a,,,,5.7,17,5.7,270,3,2.1,131825,36439,1,1,1,4,0,0,0,2,58,45.4,27.3,39.0,11.2,0.22,0.06,0.28,0.07,0.02,0.09,1.82,18,6.0,,3,,2.8,5.7,5.7
454,Elanga,Anthony,Elanga,17,3,61,1,0,a,,,,6.0,18,6.0,232,3,11.0,229434,133000,2,0,1,3,1,0,0,2,71,82.6,50.6,61.0,19.4,0.42,0.34,0.76,0.16,0.13,0.29,1.56,9,3.49,,2,,3.0,6.0,6.0
456,J.Ramsey,Jacob,Ramsey,17,3,49,-1,-1,a,,,,2.3,7,2.3,69,0,0.4,8306,3354,1,0,0,1,1,0,0,0,26,40.4,6.3,21.0,6.7,0.17,0.16,0.33,0.22,0.21,0.43,2.5,11,14.35,,,,1.4,2.3,2.3
457,J.Murphy,Jacob,Murphy,17,3,59,-1,0,a,,,,0.7,2,0.7,35,0,0.1,749,1469,0,0,0,1,1,0,0,0,7,2.4,3.5,4.0,0.9,0.00,0.20,0.20,0.0,0.51,0.51,3.75,6,15.43,,4,,0.3,0.7,0.7
458,Joelinton,Joelinton Cássio,Apolinário de Lira,17,3,54,-1,0,i,0,Unspecified injury - Unknown return date,2026-08-16T08:00:08.074045Z,0.0,0,0.0,0,0,0.0,28,213,0,0,0,0,0,0,0,0,0,0.0,0.0,0.0,0.0,0.00,0.00,0.00,0,0,0,0,0,0,,,,0.0,0.0,0.0
459,L.Miley,Lewis,Miley,17,3,55,0,0,a,100,,2026-07-23T12:01:23.785456Z,2.7,8,2.7,227,3,0.1,743,1042,0,0,1,3,1,0,0,0,40,30.0,37.2,5.0,7.2,0.05,0.07,0.12,0.02,0.03,0.05,1.74,26,10.31,,5,,1.5,2.7,2.7
460,Willock,Joe,Willock,17,3,50,0,0,a,,,,3.7,11,3.7,166,2,0.5,11192,6646,1,0,1,3,0,0,0,0,34,44.4,20.4,28.0,8.5,0.52,0.20,0.72,0.28,0.11,0.39,1.94,8,4.34,,,,2.2,3.7,3.7
461,Touré,Bazoumana,Touré,17,3,58,-2,-1,a,,,,0.3,1,1.0,1,0,0.1,273,2427,0,0,0,0,0,0,0,0,3,0.0,0.0,0.0,0.0,0.00,0.00,0.00,0.0,0.0,0.0,0.0,0,0.0,,,,0.2,0.3,0.3
462,Steur,Sean,Steur,17,3,49,-1,-1,a,,,,1.0,3,1.0,87,1,0.1,293,1054,0,0,0,1,0,0,0,0,10,7.4,1.7,0.0,1.0,0.00,0.00,0.00,0.0,0.0,0.0,1.97,7,7.24,,,,0.6,1.0,1.0
463,Woltemade,Nick,Woltemade,17,4,59,-1,0,u,0,Has joined Juventus on loan for the rest of the season,2026-09-02T16:07:16.549304Z,1.3,4,4.0,19,0,0.7,0,32590,0,1,0,0,0,0,0,0,18,18.2,10.5,11.0,4.0,0.02,0.01,0.03,0.09,0.05,0.14,1.8,0,0.0,,,,0.7,0.0,0.0
464,Wissa,Yoane,Wissa,17,4,62,2,1,a,,,,4.3,13,4.3,261,3,17.3,399239,165424,1,1,1,3,2,0,0,2,51,55.6,33.9,74.0,16.3,1.35,0.05,1.40,0.47,0.02,0.49,1.48,17,5.86,2,,,2.1,4.3,4.3
465,Osula,William,Osula,17,4,59,-1,0,i,0,Foot injury - Unknown return date,2026-08-25T19:00:08.004915Z,1.3,4,4.0,55,1,0.4,193,9483,0,1,0,1,0,0,0,0,18,28.2,13.7,8.0,5.0,0.06,0.14,0.20,0.1,0.23,0.33,2.42,5,8.18,1,,4,0.7,0.0,0.0
466,Neave,Sean,Neave,17,4,45,0,0,u,0,Has joined Wolves on loan for the rest of the season,2026-09-04T12:37:43.515176Z,0.0,0,0.0,0,0,0.7,0,14094,0,0,0,0,0,0,0,0,0,0.0,0.0,0.0,0.0,0.00,0.00,0.00,0,0,0,0,0,0,,,,0.0,0.0,0.0
559,Bamba,Aladji,Bamba,17,3,49,-1,-1,a,,,,0.3,1,1.0,14,0,0.1,428,1199,0,0,0,1,0,0,0,0,5,4.0,0.0,0.0,0.4,0.00,0.00,0.00,0.0,0.0,0.0,6.69,2,12.86,,,,0.2,0.3,0.3
567,Horníček,Lukás,Hornícek,17,1,50,0,0,a,,,,3.3,10,3.3,270,3,1.3,37618,18162,0,0,1,4,1,0,13,0,56,109.2,0.0,0.0,10.9,0.00,0.00,0.00,0.0,0.0,0.0,1.82,0,0.0,,,,2.0,3.3,3.3
593,Dedić,Amar,Dedic,17,2,45,0,0,d,75,Hamstring injury - 75% chance of playing,2026-09-09T14:30:08.475769Z,4.3,13,4.3,270,3,3.3,97439,75366,0,1,1,4,0,0,0,2,39,59.6,38.0,15.0,11.3,0.14,0.08,0.22,0.05,0.03,0.08,1.82,18,6.0,,,3,2.9,4.3,3.2
609,Shahar,Leo,Shahar,17,2,40,0,0,a,,,,0.0,0,0.0,0,0,0.3,3112,2522,0,0,0,0,0,0,0,0,0,0.0,0.0,0.0,0.0,0.00,0.00,0.00,0,0,0,0,0,0,,,,0.0,0.0,0.0
634,Fernandez-Pardo,Matias,Fernandez-Pardo,17,4,60,0,0,a,,,,1.0,1,1.0,27,0,0.1,4756,1339,0,0,0,0,0,0,0,0,4,0.0,0.8,6.0,0.7,0.00,0.00,0.00,0.0,0.0,0.0,0.13,1,3.33,,,,0.2,2.1,2.1
167,Delap,Liam,Delap,18,4,55,0,0,a,,,,1.0,3,1.5,97,1,0.8,14241,8799,0,0,1,1,0,0,0,0,15,6.4,30.9,12.0,4.9,0.13,0.06,0.19,0.12,0.06,0.18,1.13,5,4.64,3,,,0.5,1.0,1.0
201,Muñoz,Daniel,Muñoz Mejía,18,2,54,-1,0,a,,,,0.3,1,0.5,85,1,5.8,8123,62905,0,0,0,2,0,0,0,0,1,3.6,2.6,25.0,3.1,0.26,0.01,0.27,0.28,0.01,0.29,1.16,5,5.29,,,,0.2,0.3,0.3
467,Sels,Matz,Sels,18,1,50,0,0,a,,,,3.0,9,3.0,270,3,1.4,9371,8267,0,0,1,3,0,0,4,0,38,33.2,0.0,0.0,3.3,0.00,0.01,0.01,0.0,0.0,0.0,1.09,0,0.0,,,,1.8,3.0,3.0
468,John,John Victor,Maciel Furtado,18,1,45,0,0,a,,,,0.0,0,0.0,0,0,0.1,128,295,0,0,0,0,0,0,0,0,0,0.0,0.0,0.0,0.0,0.00,0.00,0.00,0,0,0,0,0,0,,,,0.0,0.0,0.0
469,N.Williams,Neco,Williams,18,2,50,0,0,a,,,,5.0,15,5.0,270,3,8.2,61906,53895,0,1,1,3,0,0,0,1,57,61.0,42.0,16.0,11.9,0.12,0.24,0.36,0.04,0.08,0.12,1.09,24,8.0,,2,3,3.0,5.0,5.0
470,Morato,Felipe,Rodrigues da Silva,18,2,50,0,0,u,0,Has joined West Ham on loan for the rest of the season,2026-09-02T16:19:54.503286Z,0.0,0,0.0,0,0,0.0,0,861,0,0,0,0,0,0,0,0,0,0.0,0.0,0.0,0.0,0.00,0.00,0.00,0,0,0,0,0,0,,,,0.0,0.0,0.0
471,Milenković,Nikola,Milenković,18,2,55,0,0,a,,,,4.0,12,4.0,270,3,1.6,5991,6219,0,0,1,3,1,0,0,0,34,53.2,1.4,16.0,7.0,0.11,0.03,0.14,0.04,0.01,0.05,1.09,31,10.33,,,,2.2,4.0,4.0
472,Murillo,Murillo,Costa dos Santos,18,2,55,0,0,a,100,,2026-07-23T12:01:23.801183Z,4.3,13,4.3,269,3,1.6,9933,6286,0,0,1,3,0,0,0,0,42,61.2,27.4,18.0,10.7,0.35,0.28,0.63,0.12,0.09,0.21,1.1,30,10.04,,,2,2.4,4.3,4.3
473,Aina,Ola,Aina,18,2,45,0,0,a,,,,2.0,6,2.0,216,3,2.7,5484,33462,0,0,1,2,2,0,0,0,34,40.8,51.6,15.0,10.8,0.04,0.52,0.56,0.02,0.22,0.24,1.21,14,5.83,,,,1.3,2.0,2.0
474,Jair Cunha,Jair,Paula da Cunha Filho,18,2,45,0,0,a,,,,3.3,10,3.3,270,3,0.2,4806,2585,0,0,1,3,1,0,0,0,35,55.4,2.4,1.0,5.9,0.03,0.01,0.04,0.01,0.0,0.01,1.09,28,9.33,,,,2.2,3.3,3.3
475,Savona,Nicolò,Savona,18,2,45,0,0,i,0,Knee injury - Unknown return date,2026-07-23T12:01:23.816304Z,0.0,0,0.0,0,0,0.0,41,20,0,0,0,0,0,0,0,0,0,0.0,0.0,0.0,0.0,0.00,0.00,0.00,0,0,0,0,0,0,,,,0.0,0.0,0.0
476,O.Richards,Omar,Richards,18,2,40,0,0,a,,,,0.0,0,0.0,0,0,0.2,667,1236,0,0,0,0,0,0,0,0,0,0.0,0.0,0.0,0.0,0.00,0.00,0.00,0,0,0,0,0,0,,,,0.0,0.0,0.0
477,Abbott,Zach,Abbott,18,2,40,0,0,u,0,Has joined Southampton on loan for the rest of the season,2026-09-02T16:19:54.536676Z,0.0,0,0.0,0,0,0.2,0,3245,0,0,0,0,0,0,0,0,0,0.0,0.0,0.0,0.0,0.00,0.00,0.00,0,0,0,0,0,0,,,,0.0,0.0,0.0
478,Netz,Luca,Netz,18,2,45,0,0,a,,,,0.7,2,1.0,20,0,0.0,80,269,0,0,0,1,0,0,0,0,3,2.0,0.9,0.0,0.3,0.00,0.00,0.00,0.0,0.0,0.0,0.58,1,4.5,,,,0.4,0.7,0.7
479,Bindon,Tyler,Bindon,18,2,40,0,0,u,0,Has joined Charlton Athletic on loan for the rest of the season,2026-09-01T13:16:05.383880Z,0.0,0,0.0,0,0,0.1,0,1773,0,0,0,0,0,0,0,0,0,0.0,0.0,0.0,0.0,0.00,0.00,0.00,0,0,0,0,0,0,,,,0.0,0.0,0.0
480,Gibbs-White,Morgan,Gibbs-White,18,3,79,-1,0,a,100,,2026-08-24T15:30:08.350159Z,6.0,18,6.0,270,3,9.4,109207,93986,1,1,1,3,0,0,0,3,49,62.0,24.8,46.0,13.2,1.40,0.11,1.51,0.47,0.04,0.51,1.09,15,5.0,1,,1,2.3,6.0,6.0
482,Hudson-Odoi,Callum,Hudson-Odoi,18,3,59,-1,0,a,100,,2026-07-23T12:01:23.832709Z,0.3,1,1.0,1,0,0.2,578,2271,0,0,0,0,0,0,0,0,2,0.0,0.3,0.0,0.0,0.00,0.00,0.00,0.0,0.0,0.0,0.0,0,0.0,,,4,0.2,0.3,0.3
483,Ndoye,Dan,Ndoye,18,3,55,0,0,a,,,,4.3,13,4.3,184,3,0.7,6843,8792,1,0,1,1,0,0,0,2,40,37.6,25.8,36.0,10.0,0.35,0.63,0.98,0.17,0.31,0.48,1.21,17,8.32,,,,2.4,4.3,4.3
484,Hutchinson,Omari,Hutchinson,18,3,54,-1,0,u,0,Has joined AC Milan on loan for the rest of the season,2026-09-01T13:23:52.340206Z,0.0,0,0.0,0,0,0.1,0,1933,0,0,0,0,0,0,0,0,0,0.0,0.0,0.0,0.0,0.00,0.00,0.00,0,0,0,0,0,0,,,,0.0,0.0,0.0
485,Bakwa,Dilane,Bakwa,18,3,55,0,0,u,0,Has joined Lille on loan for the rest of the season,2026-08-27T14:53:03.381941Z,0.0,0,0.0,0,0,0.0,0,110,0,0,0,0,0,0,0,0,0,0.0,0.0,0.0,0.0,0.00,0.00,0.00,0,0,0,0,0,0,,,,0.0,0.0,0.0
486,McAtee,James,McAtee,18,3,55,0,0,a,,,,2.3,7,2.3,253,3,0.1,1341,938,0,0,2,2,1,0,0,0,56,34.0,120.5,10.0,16.5,0.13,0.54,0.67,0.05,0.19,0.24,1.12,23,8.18,,1,,1.3,2.3,2.3
487,Dominguez,Nicolás,Domínguez,18,3,49,-1,-1,a,,,,0.3,1,1.0,1,0,0.1,245,615,0,0,0,0,0,0,0,0,3,0.2,0.0,0.0,0.0,0.00,0.00,0.00,0.0,0.0,0.0,0.0,0,0.0,,,,0.2,0.3,0.3
488,I.Sangaré,Ibrahim,Sangaré,18,3,49,-1,0,a,100,,2026-08-28T09:30:07.471668Z,0.7,2,2.0,90,1,0.5,1935,6935,0,0,0,1,0,0,0,0,10,17.8,13.0,3.0,3.4,0.03,0.01,0.04,0.03,0.01,0.04,0.47,6,6.0,,,,0.4,0.7,0.7
489,Yates,Ryan,Yates,18,3,45,0,0,a,100,,2026-08-17T20:30:08.195072Z,0.0,0,0.0,0,0,1.4,5996,11920,0,0,0,0,0,0,0,0,0,0.0,0.0,0.0,0.0,0.00,0.00,0.00,0,0,0,0,0,0,,,,0.0,0.0,0.0
490,Wood,Chris,Wood,18,4,59,-1,0,a,,,,0.7,2,1.0,44,0,1.1,3596,14874,0,0,0,1,0,0,0,0,6,0.2,2.5,3.0,0.4,0.12,0.01,0.13,0.25,0.02,0.27,0.82,1,2.05,2,,,0.3,0.7,0.7
491,Igor Jesus,Igor Jesus,Maciel da Cruz,18,4,59,-1,0,a,,,,1.3,4,1.3,211,2,2.6,9295,47867,0,0,0,3,1,0,0,0,15,15.0,20.5,69.0,10.5,0.96,0.06,1.02,0.41,0.03,0.44,1.06,9,3.84,4,,,0.7,1.3,1.3
493,Kalimuendo,Arnaud,Kalimuendo,18,4,54,-1,0,a,,,,0.3,1,1.0,1,0,0.1,1010,658,0,0,0,0,0,0,0,0,3,0.0,0.0,0.0,0.0,0.00,0.00,0.00,0.0,0.0,0.0,0.0,0,0.0,,,,0.2,0.3,0.3
558,Schlager,Xaver,Schlager,18,3,50,0,0,a,,,,2.7,8,2.7,196,2,0.1,693,845,0,0,1,3,0,0,0,0,36,33.0,4.0,10.0,4.8,0.08,0.06,0.14,0.04,0.03,0.07,1.35,26,11.94,,3,,1.6,2.7,2.7
581,Diomande,Ousmane,Diomande,18,2,54,-1,0,a,,,,0.3,1,1.0,1,0,0.5,1156,5687,0,0,0,0,0,0,0,0,3,0.0,0.0,0.0,0.0,0.00,0.00,0.00,0.0,0.0,0.0,0.0,0,0.0,,,,0.2,0.3,0.3
590,Benda,Steven,Benda,18,1,45,0,0,a,,,,0.0,0,0.0,0,0,0.1,386,447,0,0,0,0,0,0,0,0,0,0.0,0.0,0.0,0.0,0.00,0.00,0.00,0,0,0,0,0,0,,,,0.0,0.0,0.0
112,Van Hecke,Jan Paul,van Hecke,19,2,49,-1,0,a,,,,3.3,10,3.3,270,3,6.9,23463,54510,0,0,1,5,0,0,0,2,41,71.4,29.3,46.0,14.6,0.20,0.07,0.27,0.07,0.02,0.09,1.84,21,7.0,,,,2.0,3.3,3.3
147,Tosin,Tosin,Adarabioyo,19,2,44,-1,-1,a,,,,0.0,0,0.0,0,0,0.2,462,1151,0,0,0,0,0,0,0,0,0,0.0,0.0,0.0,0.0,0.00,0.00,0.00,0,0,0,0,0,0,,,,0.0,0.0,0.0
401,Marmoush,Omar,Marmoush,19,4,70,0,0,a,,,,1.3,4,2.0,173,2,2.2,31038,30042,0,0,1,2,0,0,0,0,20,9.2,37.5,38.0,8.2,0.34,0.08,0.42,0.18,0.04,0.22,0.83,4,2.08,2,,5,0.6,1.3,1.3
403,Sávio,Sávio,Moreira de Oliveira,19,3,65,0,0,a,100,,2026-08-29T16:30:08.380416Z,1.0,3,3.0,60,1,0.7,7986,8961,0,0,1,0,0,0,0,0,15,6.2,17.3,15.0,3.9,0.02,0.27,0.29,0.03,0.4,0.43,0.74,0,0.0,,4,,0.5,1.0,1.0
455,Tonali,Sandro,Tonali,19,3,54,-1,0,a,,,,3.0,9,3.0,254,3,2.6,9264,28347,0,0,1,5,0,0,0,0,52,34.0,40.7,12.0,8.7,0.09,0.09,0.18,0.03,0.03,0.06,1.95,20,7.09,,,,1.7,3.0,3.0
494,Vicario,Guglielmo,Vicario,19,1,45,0,0,u,0,Has joined Juventus on loan for the rest of the season,2026-08-19T13:55:33.193962Z,0.0,0,0.0,0,0,0.2,0,1913,0,0,0,0,0,0,0,0,0,0.0,0.0,0.0,0.0,0.00,0.00,0.00,0,0,0,0,0,0,,,,0.0,0.0,0.0
495,Austin,Brandon,Austin,19,1,40,0,0,a,,,,0.0,0,0.0,0,0,1.0,6209,3951,0,0,0,0,0,0,0,0,0,0.0,0.0,0.0,0.0,0.00,0.00,0.00,0,0,0,0,0,0,,,,0.0,0.0,0.0
496,Kinsky,Antonín,Kinský,19,1,45,0,0,a,,,,3.0,9,3.0,270,3,18.5,87351,155007,0,0,1,5,0,0,6,0,43,57.8,10.0,0.0,6.8,0.00,0.00,0.00,0.0,0.0,0.0,1.84,0,0.0,,,,2.0,3.0,3.0
497,Dubravka,Martin,Dubravka,19,1,40,0,0,a,,,,0.0,0,0.0,0,0,17.9,91068,83539,0,0,0,0,0,0,0,0,0,0.0,0.0,0.0,0.0,0.00,0.00,0.00,0,0,0,0,0,0,,,,0.0,0.0,0.0
498,Senesi,Marcos,Senesi Barón,19,2,59,-1,0,a,,,,1.0,3,3.0,90,1,4.7,2953,74477,0,0,0,3,0,0,0,0,10,36.6,2.2,0.0,3.9,0.00,0.02,0.02,0.0,0.02,0.02,3.87,16,16.0,,,,0.5,1.0,1.0
499,Pedro Porro,Pedro,Porro Sauceda,19,2,55,0,0,a,100,,2026-08-21T15:22:48.149081Z,2.7,8,4.0,180,2,11.4,41327,51309,0,0,1,2,0,0,0,1,29,22.6,43.7,27.0,9.3,0.36,0.16,0.52,0.18,0.08,0.26,0.82,8,4.0,,3,1,1.5,2.7,2.7
500,Romero,Cristian,Romero,19,2,50,0,0,u,0,Has joined Atletico Madrid permanently,2026-08-17T13:49:05.465401Z,0.0,0,0.0,0,0,0.1,0,1092,0,0,0,0,0,0,0,0,0,0.0,0.0,0.0,0.0,0.00,0.00,0.00,0,0,0,0,0,0,,,,0.0,0.0,0.0
502,Robertson,Andrew,Robertson,19,2,45,0,0,a,,,,2.0,6,2.0,186,2,2.8,2994,41114,0,0,0,4,0,0,0,0,23,49.0,36.3,27.0,11.2,0.06,0.08,0.14,0.03,0.04,0.07,2.31,15,7.26,,1,,1.3,2.0,2.0
503,Van de Ven,Micky,van de Ven,19,2,50,0,0,a,100,,2026-08-21T15:00:07.610517Z,3.0,9,4.5,180,2,3.8,23473,16289,0,0,1,2,1,0,0,3,35,36.6,3.3,14.0,5.4,0.57,0.02,0.59,0.28,0.01,0.29,0.82,17,8.5,,,,1.8,3.0,3.0
505,Spence,Djed,Spence,19,2,45,0,0,u,0,Has joined Internazionale permanently,2026-08-18T14:13:08.454214Z,0.0,0,0.0,0,0,0.3,0,4264,0,0,0,0,0,0,0,0,0,0.0,0.0,0.0,0.0,0.00,0.00,0.00,0,0,0,0,0,0,,,,0.0,0.0,0.0
506,Udogie,Destiny,Udogie,19,2,45,0,0,a,,,,2.3,7,2.3,86,1,0.4,1216,2217,0,0,1,1,1,0,0,0,21,9.8,13.5,4.0,2.7,0.00,0.23,0.23,0.0,0.24,0.24,1.22,4,4.19,,,,1.6,2.3,2.3
507,Phillips,Ashley,Phillips,19,2,45,0,0,u,0,Has joined Middlesbrough permanently,2026-08-18T14:13:08.474144Z,0.0,0,0.0,0,0,0.0,0,108,0,0,0,0,0,0,0,0,0,0.0,0.0,0.0,0.0,0.00,0.00,0.00,0,0,0,0,0,0,,,,0.0,0.0,0.0
508,Davies,Ben,Davies,19,2,40,0,0,a,,,,0.0,0,0.0,0,0,0.9,1725,6164,0,0,0,0,0,0,0,0,0,0.0,0.0,0.0,0.0,0.00,0.00,0.00,0,0,0,0,0,0,,,,0.0,0.0,0.0
509,Byfield,Jun'ai,Byfield,19,2,40,0,0,a,,,,0.0,0,0.0,0,0,0.1,401,430,0,0,0,0,0,0,0,0,0,0.0,0.0,0.0,0.0,0.00,0.00,0.00,0,0,0,0,0,0,,,,0.0,0.0,0.0
510,Rowswell,James,Rowswell,19,2,40,0,0,a,,,,0.0,0,0.0,0,0,0.1,512,549,0,0,0,0,0,0,0,0,0,0.0,0.0,0.0,0.0,0.00,0.00,0.00,0,0,0,0,0,0,,,,0.0,0.0,0.0
511,Souza,João Victor,de Souza Menezes,19,2,40,0,0,u,0,Has joined FC Porto on loan for the rest of the season,2026-09-01T13:24:26.858636Z,0.0,0,0.0,0,0,0.2,0,3695,0,0,0,0,0,0,0,0,0,0.0,0.0,0.0,0.0,0.00,0.00,0.00,0,0,0,0,0,0,,,,0.0,0.0,0.0
512,Kudus,Mohammed,Kudus,19,3,65,0,0,a,100,,2026-07-23T12:01:23.848657Z,0.7,2,1.0,51,0,0.1,2118,1894,0,0,0,1,0,0,0,0,17,6.4,18.4,13.0,3.8,0.04,0.17,0.21,0.07,0.3,0.37,1.18,5,8.82,3,6,3,0.3,0.7,0.7
513,Xavi,Xavi,Simons,19,3,60,0,0,i,0,Knee injury - Unknown return date,2026-07-23T12:01:23.864304Z,0.0,0,0.0,0,0,0.0,78,159,0,0,0,0,0,0,0,0,0,0.0,0.0,0.0,0.0,0.00,0.00,0.00,0,0,0,0,0,0,4,,2,0.0,0.0,0.0
514,Tel,Mathys,Tel,19,3,58,-2,-1,a,,,,2.3,7,2.3,230,3,0.3,1038,5308,0,0,1,4,0,0,0,0,38,21.0,49.5,63.0,13.3,0.20,0.14,0.34,0.08,0.05,0.13,2.0,13,5.09,,5,4,1.2,2.3,2.3
515,Maddison,James,Maddison,19,3,63,-2,-1,d,75,Shoulder injury - 75% chance of playing,2026-08-25T14:30:07.623508Z,0.3,1,1.0,22,0,0.5,124,10363,0,0,0,0,0,0,0,0,6,4.4,8.3,8.0,2.1,0.00,0.01,0.01,0.0,0.04,0.04,3.48,2,8.18,,,,0.2,0.2,0.2
516,Bentancur,Rodrigo,Bentancur,19,3,55,0,0,a,,,,2.7,8,2.7,225,2,0.2,891,939,0,0,1,3,0,0,0,0,39,35.8,25.1,6.0,6.8,0.02,0.04,0.06,0.01,0.02,0.03,1.53,33,13.2,,,,1.5,2.7,2.7
517,Odobert,Wilson,Odobert,19,3,55,0,0,i,0,Knee injury - Unknown return date,2026-07-23T12:01:23.879434Z,0.0,0,0.0,0,0,0.0,26,11,0,0,0,0,0,0,0,0,0,0.0,0.0,0.0,0.0,0.00,0.00,0.00,0,0,0,0,0,0,,,,0.0,0.0,0.0
518,P.M.Sarr,Pape Matar,Sarr,19,3,49,-1,0,u,0,Has joined Juventus on loan for the rest of the season,2026-09-02T16:02:43.386849Z,0.0,0,0.0,0,0,0.1,0,3562,0,0,0,0,0,0,0,0,0,0.0,0.0,0.0,0.0,0.00,0.00,0.00,0,0,0,0,0,0,,,,0.0,0.0,0.0
519,Gallagher,Conor,Gallagher,19,3,54,-1,0,a,,,,1.0,3,1.5,128,2,0.2,583,1639,0,0,1,2,1,0,0,0,24,10.2,9.9,3.0,2.2,0.02,0.12,0.14,0.01,0.08,0.09,1.81,14,9.84,,,,0.6,1.0,1.0
520,Bergvall,Lucas,Bergvall,19,3,54,-1,0,a,,,,0.3,1,1.0,45,1,0.2,241,1409,0,0,0,2,0,0,0,0,2,0.0,2.0,2.0,0.0,0.00,0.01,0.01,0.0,0.02,0.02,3.4,8,16.0,,,,0.2,0.3,0.3
521,Kulusevski,Dejan,Kulusevski,19,3,65,0,0,i,0,Knee injury - Unknown return date,2026-07-23T12:01:23.895175Z,0.0,0,0.0,0,0,0.0,63,121,0,0,0,0,0,0,0,0,0,0.0,0.0,0.0,0.0,0.00,0.00,0.00,0,0,0,0,0,0,,,,0.0,0.0,0.0
522,Gray,Archie,Gray,19,3,50,0,0,a,,,,1.3,4,2.0,152,2,0.2,666,2419,0,0,0,4,0,0,0,0,24,8.0,4.8,0.0,1.3,0.00,0.01,0.01,0.0,0.01,0.01,2.32,11,6.51,,,,0.8,1.3,1.3
523,Moore,Mikey,Moore,19,3,50,0,0,u,0,Has joined FC Köln on loan for the rest of the season,2026-09-04T12:39:48.098158Z,1.0,3,1.5,89,1,0.1,0,4047,0,0,0,4,0,0,0,0,11,14.2,6.3,56.0,7.5,0.40,0.02,0.42,0.4,0.02,0.42,3.3,3,3.03,,,,0.6,0.0,0.0
524,Olusesi,Callum,Olusesi,19,3,45,0,0,a,,,,0.0,0,0.0,0,0,0.7,819,4867,0,0,0,0,0,0,0,0,0,0.0,0.0,0.0,0.0,0.00,0.00,0.00,0,0,0,0,0,0,,,,0.0,0.0,0.0
525,Fernandes,Mateus,Fernandes,19,3,58,-2,-1,a,,,,1.0,3,1.0,142,1,1.0,1258,21284,0,0,0,3,1,0,0,0,33,21.2,73.9,3.0,9.7,0.01,0.23,0.24,0.01,0.15,0.16,1.86,10,6.34,,2,,0.5,1.0,1.0
526,Solanke,Dominic,Solanke-Mitchell,19,4,59,-1,0,a,,,,1.0,3,1.0,43,0,1.0,4391,13478,0,0,0,0,0,0,0,0,8,3.2,0.6,15.0,1.9,0.44,0.00,0.44,0.92,0.0,0.92,1.86,1,2.09,1,,,0.5,1.0,1.0
527,Richarlison,Richarlison,de Andrade,19,4,59,-1,0,u,0,not included in squad.,2026-09-04T12:32:39.183614Z,0.7,2,2.0,67,1,1.1,0,49595,0,0,0,3,0,0,0,0,6,0.0,2.2,0.0,0.2,0.00,0.00,0.00,0.0,0.0,0.0,4.06,1,1.34,,,,0.3,0.0,0.0
528,Scarlett,Dane,Scarlett,19,4,45,0,0,u,0,Has joined Leyton Orient permanently,2026-09-02T16:02:43.413625Z,0.0,0,0.0,0,0,1.4,0,24174,0,0,0,0,0,0,0,0,0,0.0,0.0,0.0,0.0,0.00,0.00,0.00,0,0,0,0,0,0,,,,0.0,0.0,0.0
578,Mudryk,Mykhailo,Mudryk,19,3,54,-1,0,a,,,,0.3,1,1.0,16,0,0.1,1541,1369,0,0,0,0,0,0,0,0,3,0.0,0.1,2.0,0.1,0.00,0.00,0.00,0.0,0.0,0.0,0.9,0,0.0,,,,0.2,0.3,0.3
601,Williams-Barnett,Luca,Williams-Barnett,19,3,45,0,0,a,,,,0.0,0,0.0,0,0,0.1,1889,1481,0,0,0,0,0,0,0,0,0,0.0,0.0,0.0,0.0,0.00,0.00,0.00,0,0,0,0,0,0,,,,0.0,0.0,0.0
501,Danso,Kevin,Danso,20,2,50,0,0,a,,,,0.7,2,2.0,90,1,0.2,1182,1172,0,0,0,1,0,0,0,0,9,20.8,10.9,0.0,3.2,0.00,0.08,0.08,0.0,0.08,0.08,1.21,8,8.0,,,,0.4,0.7,0.7
529,Roefs,Robin,Roefs,20,1,50,0,0,a,,,,3.0,9,3.0,270,3,3.0,1663,31770,0,0,1,3,0,0,2,0,40,31.8,0.0,0.0,3.2,0.00,0.00,0.00,0.0,0.0,0.0,1.32,0,0.0,,,,1.8,3.0,3.0
530,Patterson,Anthony,Patterson,20,1,40,0,0,u,0,Has joined Wrexham permanently,2026-08-12T14:08:03.064533Z,0.0,0,0.0,0,0,0.1,0,796,0,0,0,0,0,0,0,0,0,0.0,0.0,0.0,0.0,0.00,0.00,0.00,0,0,0,0,0,0,,,,0.0,0.0,0.0
531,Ellborg,Melker,Ellborg,20,1,45,0,0,a,,,,0.0,0,0.0,0,0,0.1,175,498,0,0,0,0,0,0,0,0,0,0.0,0.0,0.0,0.0,0.00,0.00,0.00,0,0,0,0,0,0,,,,0.0,0.0,0.0
532,Ballard,Daniel,Ballard,20,2,49,-1,-1,a,,,,4.0,12,4.0,270,3,3.4,5271,65384,0,0,1,3,1,0,0,0,43,66.8,12.7,15.0,9.4,0.09,0.15,0.24,0.03,0.05,0.08,1.32,29,9.67,,,,2.4,4.0,4.0
533,Mukiele,Nordi,Mukiele,20,2,55,0,0,a,100,,2026-08-09T08:30:05.954750Z,4.3,13,6.5,180,2,2.2,5119,16761,0,0,1,1,0,0,0,1,44,75.0,13.0,2.0,9.0,0.00,0.03,0.03,0.0,0.02,0.02,1.08,33,16.5,,,,2.4,4.3,4.3
534,Hume,Trai,Hume,20,2,44,-1,-1,a,,,,3.0,9,3.0,195,2,4.3,2193,104438,0,0,1,1,0,0,0,0,46,31.8,58.6,15.0,10.6,0.04,0.28,0.32,0.02,0.13,0.15,1.43,12,5.54,,3,,2.0,3.0,3.0
535,Alderete,Omar,Alderete,20,2,49,-1,-1,a,100,,2026-08-09T08:30:05.962393Z,0.3,1,1.0,23,0,0.3,293,4400,0,0,0,1,0,0,0,0,2,0.0,0.6,0.0,0.0,0.00,0.01,0.01,0.0,0.04,0.04,0.39,0,0.0,,,,0.2,0.3,0.3
536,Reinildo,Reinildo,Mandava,20,2,45,0,0,a,,,,3.0,9,3.0,270,3,0.4,551,3129,0,0,1,3,0,0,0,0,49,53.8,35.0,6.0,9.5,0.00,0.31,0.31,0.0,0.1,0.1,1.32,22,7.33,,,,2.0,3.0,3.0
537,Seelt,Jenson,Seelt,20,2,45,0,0,u,0,Has joined Swansea City on loan for the rest of the season,2026-08-29T00:34:52.425076Z,0.0,0,0.0,0,0,0.0,0,72,0,0,0,0,0,0,0,0,0,0.0,0.0,0.0,0.0,0.00,0.00,0.00,0,0,0,0,0,0,,,,0.0,0.0,0.0
538,Hjelde,Leo Fuhr,Hjelde,20,2,40,0,0,u,0,Has joined KV Mechelen on loan for the rest of the season,2026-08-12T14:08:03.081789Z,0.0,0,0.0,0,0,0.0,0,331,0,0,0,0,0,0,0,0,0,0.0,0.0,0.0,0.0,0.00,0.00,0.00,0,0,0,0,0,0,,,,0.0,0.0,0.0
539,O'Nien,Luke,O'Nien,20,2,40,0,0,a,,,,0.3,1,1.0,66,1,2.7,1503,22767,0,0,0,1,1,0,0,0,1,11.4,1.4,4.0,1.7,0.01,0.01,0.02,0.01,0.01,0.02,2.3,5,6.82,,,,0.2,0.3,0.3
540,Masuaku,Arthur,Masuaku,20,2,40,0,0,u,0,Has joined Konyaspor permanently,2026-08-12T14:08:03.097784Z,0.0,0,0.0,0,0,0.2,0,1360,0,0,0,0,0,0,0,0,0,0.0,0.0,0.0,0.0,0.00,0.00,0.00,0,0,0,0,0,0,,,,0.0,0.0,0.0
541,Meunier,Thomas,Meunier,20,2,45,0,0,a,100,,2026-08-16T08:30:07.830062Z,3.0,9,3.0,243,3,0.3,543,1582,0,0,1,3,0,0,0,0,32,41.6,26.8,26.0,9.5,0.21,0.13,0.34,0.08,0.05,0.13,1.3,14,5.19,,,,2.0,3.0,3.0
542,E.Le Fée,Enzo,Le Fée,20,3,59,-1,0,a,,,,4.3,13,4.3,258,3,4.8,7144,89883,1,0,1,2,0,0,0,1,51,48.0,34.8,54.0,13.8,1.21,0.23,1.44,0.42,0.08,0.5,1.31,14,4.88,2,1,3,2.2,4.3,4.3
543,Diarra,Habib,Diarra,20,3,54,-1,-1,i,0,Hamstring injury - Unknown return date,2026-08-30T16:30:08.428960Z,1.7,5,2.5,28,0,0.0,21,1103,0,1,0,1,0,0,0,0,18,15.6,10.9,2.0,2.9,0.03,0.16,0.19,0.1,0.51,0.61,0.39,0,0.0,1,,,0.9,0.0,0.0
544,Xhaka,Granit,Xhaka,20,3,55,0,0,a,,,,6.0,18,6.0,270,3,4.3,17858,39600,0,1,1,3,1,0,0,5,72,54.4,109.8,3.0,16.7,0.06,0.57,0.63,0.02,0.19,0.21,1.32,35,11.67,,2,2,3.3,6.0,6.0
545,Sadiki,Noah,Sadiki,20,3,49,-1,-1,a,,,,2.0,6,2.0,253,3,0.3,604,3270,0,0,1,3,1,0,0,0,55,41.8,54.9,79.0,17.6,0.36,0.23,0.59,0.13,0.08,0.21,1.27,16,5.69,,,,1.2,2.0,2.0
546,Adingra,Simon,Adingra,20,3,49,-1,0,u,0,Has joined Ajax on loan for the rest of the season,2026-08-20T14:00:08.416985Z,0.0,0,0.0,0,0,0.0,0,770,0,0,0,0,0,0,0,0,0,0.0,0.0,0.0,0.0,0.00,0.00,0.00,0,0,0,0,0,0,,,,0.0,0.0,0.0
547,Mundle,Romaine,Mundle,20,3,49,-1,-1,i,0,Knee injury - Unknown return date,2026-09-09T14:00:08.462705Z,0.3,1,1.0,1,0,0.0,48,122,0,0,0,0,0,0,0,0,2,8.0,0.1,17.0,2.5,0.17,0.00,0.17,15.3,0.0,15.3,8.1,1,90.0,,,,0.2,0.3,0.0
548,Rigg,Chris,Rigg,20,3,49,-1,-1,a,,,,0.7,2,1.0,17,0,0.1,96,431,0,0,0,1,0,0,0,0,6,0.0,0.3,0.0,0.0,0.00,0.00,0.00,0.0,0.0,0.0,2.33,1,5.29,,,,0.4,0.7,0.7
549,Talbi,Chemsdine,Talbi,20,3,54,-1,0,a,,,,0.3,1,1.0,31,0,0.1,154,1732,0,0,0,1,0,0,0,0,1,0.0,0.9,0.0,0.0,0.00,0.00,0.00,0.0,0.0,0.0,0.41,2,5.81,,,,0.2,0.3,0.3
550,Jocelin.T,Djiamgone Jocelin Ta,Bi,20,3,50,0,0,a,,,,0.0,0,0.0,0,0,0.0,51,61,0,0,0,0,0,0,0,0,0,0.0,0.0,0.0,0.0,0.00,0.00,0.00,0,0,0,0,0,0,,,,0.0,0.0,0.0
551,N.Angulo,Nilson,Angulo,20,3,50,0,0,a,,,,3.3,10,3.3,185,3,0.1,1093,2047,1,0,1,2,1,0,0,0,47,48.6,25.7,32.0,10.6,0.15,0.12,0.27,0.07,0.06,0.13,1.46,17,8.27,,,1,2.0,3.3,3.3
552,Brobbey,Brian,Brobbey,20,4,59,-1,0,a,,,,2.0,6,2.0,219,3,7.5,11109,167649,0,0,1,2,0,0,0,0,17,4.4,41.4,44.0,8.9,0.59,0.06,0.65,0.24,0.02,0.26,1.43,7,2.88,,,,1.0,2.0,2.0
553,Isidor,Wilson,Isidor,20,4,55,0,0,a,,,,4.3,13,4.3,75,0,1.5,34621,14200,1,1,0,1,0,0,0,3,47,29.4,0.6,35.0,6.5,1.49,0.01,1.50,1.79,0.01,1.8,1.1,2,2.4,,,,2.4,4.3,4.3
612,Methalie,Dayann,Méthalie,20,2,45,0,0,a,100,,2026-08-28T13:00:08.950445Z,0.0,0,0.0,0,0,0.0,122,144,0,0,0,0,0,0,0,0,0,0.0,0.0,0.0,0.0,0.00,0.00,0.00,0,0,0,0,0,0,,,,0.0,0.0,0.0
613,Ahoka,Jules,Ahoka,20,3,45,0,0,a,,,,0.0,0,0.0,0,0,0.3,5391,3317,0,0,0,0,0,0,0,0,0,0.0,0.0,0.0,0.0,0.00,0.00,0.00,0,0,0,0,0,0,,,,0.0,0.0,0.0
646,Fofana,Malick,Fofana,20,3,55,0,0,a,,,,1.0,1,1.0,16,0,0.0,1007,370,0,0,0,0,0,0,0,0,3,0.0,0.5,0.0,0.1,0.00,0.00,0.00,0.0,0.0,0.0,2.19,0,0.0,,,,0.2,2.0,2.0
651,J.Angulo,Juan,Angulo,20,4,45,0,0,a,,,,0.0,0,0.0,0,0,0.4,24445,6508,0,0,0,0,0,0,0,0,0,0.0,0.0,0.0,0.0,0.00,0.00,0.00,0,0,0,0,0,0,,,,0.0,1.0,1.0
