id,web_name,first_name,second_name,team,element_type,now_cost,cost_change_start,cost_change_event,status,chance_of_playing_next_round,news,news_added,form,total_points,points_per_game,minutes,starts,selected_by_percent,transfers_in_event,transfers_out_event,goals_scored,assists,clean_sheets,goals_conceded,yellow_cards,red_cards,saves,bonus,bps,influence,creativity,threat,ict_index,expected_goals,expected_assists,expected_goal_involvements,expected_goals_per_90,expected_assists_per_90,expected_goal_involvements_per_90,expected_goals_conceded_per_90,defensive_contribution,defensive_contribution_per_90,penalties_order,corners_and_indirect_freekicks_order,direct_freekicks_order,value_season,ep_this,ep_next
1,Raya,David,Raya Martín,1,1,60,0,0,a,,,,7.2,29,7.2,360,4,39.7,73266,12189,0,0,3,1,0,0,7,3,98,46.2,0.0,0.0,4.7,0.00,0.01,0.01,0.0,0.0,0.0,0.68,0,0.0,,,,4.8,7.2,7.2
2,Arrizabalaga,Kepa,Arrizabalaga Revuelta,1,1,49,-1,0,a,,,,0.0,0,0.0,0,0,0.1,45,157,0,0,0,0,0,0,0,0,0,0.0,0.0,0.0,0.0,0.00,0.00,0.00,0,0,0,0,0,0,,,,0.0,0.0,0.0
3,Meslier,Illan,Meslier,1,1,49,-1,0,a,,,,0.0,0,0.0,0,0,0.0,27,62,0,0,0,0,0,0,0,0,0,0.0,0.0,0.0,0.0,0.00,0.00,0.00,0,0,0,0,0,0,,,,0.0,0.0,0.0
4,Gabriel,Gabriel,dos Santos Magalhães,1,2,80,0,0,a,,,,6.0,24,6.0,360,4,23.7,11372,27206,0,0,3,1,2,0,0,2,84,48.4,7.4,83.0,13.8,0.51,0.06,0.57,0.13,0.02,0.15,0.68,32,8.0,,,,3.0,6.0,6.0
5,J.Timber,Jurriën,Timber,1,2,65,0,0,a,100,,2026-07-23T12:01:23.272929Z,0.2,1,1.0,45,0,0.1,4748,541,0,0,0,0,0,0,0,0,3,0.0,0.0,0.0,0.0,0.00,0.01,0.01,0.0,0.02,0.02,3.14,3,6.0,,,,0.2,0.1,0.2
6,Saliba,William,Saliba,1,2,59,-1,0,i,0,Back injury - Unknown return date,2026-07-23T12:01:23.289376Z,0.0,0,0.0,0,0,0.2,157,675,0,0,0,0,0,0,0,0,0,0.0,0.0,0.0,0.0,0.00,0.00,0.00,0,0,0,0,0,0,,,,0.0,0.0,0.0
7,Lewis-Skelly,Myles,Lewis-Skelly,1,3,55,0,0,a,,,,2.2,9,2.2,271,4,0.6,947,3093,0,0,2,1,0,0,0,0,37,21.6,38.8,16.0,7.0,0.16,0.23,0.39,0.05,0.08,0.13,0.34,14,4.65,,,,1.6,2.2,2.2
8,Calafiori,Riccardo,Calafiori,1,2,58,3,0,a,,,,7.0,28,7.0,326,4,49.8,80158,13248,0,2,3,1,0,0,0,2,79,51.6,27.3,39.0,11.8,0.60,0.59,1.19,0.17,0.16,0.33,0.68,13,3.59,,,,4.8,7.0,7.0
9,Hincapie,Piero,Hincapié,1,2,53,-2,0,a,,,,0.5,2,1.0,32,0,1.0,744,5375,0,0,0,0,0,0,0,0,6,6.4,1.0,2.0,1.0,0.00,0.00,0.00,0.0,0.0,0.0,0.79,3,8.44,,,,0.4,0.5,0.5
10,White,Benjamin,White,1,2,55,0,0,a,100,,2026-07-23T12:01:23.305229Z,5.2,21,5.2,315,4,7.1,9955,57142,0,1,2,1,0,0,0,3,78,65.4,52.2,23.0,14.1,0.18,0.29,0.47,0.05,0.08,0.13,0.33,18,5.14,,,,3.8,5.2,5.2
11,Mosquera,Cristhian,Mosquera,1,2,54,-1,0,d,50,Muscular injury - 50% chance of playing,2026-09-04T14:00:08.080310Z,3.0,12,6.0,168,2,2.2,60,25296,0,0,2,0,0,0,0,0,52,24.6,2.0,0.0,2.7,0.00,0.01,0.01,0.0,0.01,0.01,0.28,10,5.36,,,,2.2,1.5,1.5
12,Saka,Bukayo,Saka,1,3,95,0,0,a,,,,7.5,30,7.5,336,4,11.7,36849,13234,3,0,3,1,0,0,0,4,123,94.4,61.9,147.0,30.3,2.88,0.43,3.31,0.77,0.12,0.89,0.69,29,7.77,1,2,2,3.2,7.5,7.5
13,Rice,Declan,Rice,1,3,74,-1,0,a,,,,4.8,19,4.8,321,4,12.8,6555,21059,0,2,3,1,0,0,0,0,78,64.6,53.9,4.0,12.3,0.10,0.63,0.73,0.03,0.18,0.21,0.61,34,9.53,,1,1,2.6,4.8,4.8
14,Eze,Eberechi,Eze,1,3,63,-2,0,a,,,,0.8,3,1.0,68,0,1.1,698,5671,0,0,0,0,0,0,0,0,13,1.6,3.8,3.0,0.7,0.04,0.07,0.11,0.05,0.09,0.14,1.05,5,6.62,,,3,0.5,0.8,0.8
15,Ødegaard,Martin,Ødegaard,1,3,67,2,0,a,,,,6.8,27,6.8,305,4,18.8,82960,25050,2,0,3,1,0,0,0,6,127,102.4,102.5,66.0,27.1,1.01,1.30,2.31,0.3,0.38,0.68,0.73,21,6.2,3,,4,4.0,6.8,6.8
16,Madueke,Noni,Madueke,1,3,63,-2,0,a,,,,0.5,2,1.0,23,0,0.2,156,1171,0,0,0,0,0,0,0,0,11,11.6,43.9,0.0,5.6,0.00,0.05,0.05,0.0,0.2,0.2,0.59,3,11.74,,5,,0.3,0.5,0.5
17,Merino,Mikel,Merino Zazón,1,3,58,-2,0,a,,,,0.8,3,0.8,51,0,0.4,347,2145,0,0,0,0,1,0,0,0,15,6.4,3.3,14.0,2.4,0.14,0.02,0.16,0.25,0.04,0.29,0.46,6,10.59,,,,0.5,0.8,0.8
18,Martinelli,Gabriel,Martinelli Silva,1,3,63,-2,0,u,0,Has joined Al Hilal permanently,2026-09-04T12:34:46.738449Z,0.0,0,0.0,0,0,0.1,0,541,0,0,0,0,0,0,0,0,0,0.0,0.0,0.0,0.0,0.00,0.00,0.00,0,0,0,0,0,0,,,,0.0,0.0,0.0
19,Zubimendi,Martín,Zubimendi Ibáñez,1,3,53,-2,-1,a,,,,1.0,4,1.0,59,0,0.6,377,2778,0,0,0,0,0,0,0,0,14,10.0,4.0,11.0,2.5,0.08,0.04,0.12,0.12,0.06,0.18,1.04,11,16.78,,,,0.8,1.0,1.0
20,Dowman,Max,Dowman,1,3,53,-2,0,a,,,,0.0,0,0.0,0,0,0.1,111,335,0,0,0,0,0,0,0,0,0,0.0,0.0,0.0,0.0,0.00,0.00,0.00,0,0,0,0,0,0,,,,0.0,0.0,0.0
22,Nwaneri,Ethan,Nwaneri,1,3,54,-1,0,u,0,Has joined Borussia Dortmund on loan for the rest of the season,2026-09-02T16:01:07.058827Z,0.0,0,0.0,0,0,0.0,0,46,0,0,0,0,0,0,0,0,0,0.0,0.0,0.0,0.0,0.00,0.00,0.00,0,0,0,0,0,0,,,,0.0,0.0,0.0
23,Fábio Vieira,Fábio,Ferreira Vieira,1,3,55,0,0,u,0,Has joined Hamburger SV permanently,2026-09-02T16:00:28.446370Z,0.0,0,0.0,0,0,0.0,0,26,0,0,0,0,0,0,0,0,0,0.0,0.0,0.0,0.0,0.00,0.00,0.00,0,0,0,0,0,0,,,,0.0,0.0,0.0
24,Nelson,Reiss,Nelson,1,3,55,0,0,u,0,has departed the club as a free agent.,2026-08-29T00:33:08.556767Z,0.0,0,0.0,0,0,0.0,0,17,0,0,0,0,0,0,0,0,0,0.0,0.0,0.0,0.0,0.00,0.00,0.00,0,0,0,0,0,0,,,,0.0,0.0,0.0
25,Gyökeres,Viktor,Gyökeres,1,4,72,-3,0,a,,,,0.2,1,1.0,12,0,3.5,977,16868,0,0,0,0,0,0,0,0,2,0.0,0.1,0.0,0.0,0.00,0.00,0.00,0.0,0.0,0.0,0.82,1,7.5,2,,,0.1,0.2,0.2
26,Havertz,Kai,Havertz,1,4,76,1,1,a,,,,4.2,17,4.2,347,4,8.0,25526,22947,2,0,3,1,1,0,0,2,77,82.6,53.6,105.0,24.1,0.89,0.35,1.24,0.23,0.09,0.32,0.67,10,2.59,,,,2.2,4.2,4.2
27,G.Jesus,Gabriel,Fernando de Jesus,1,4,59,-1,0,u,0,Has joined FC Barcelona permanently,2026-09-02T16:00:28.475184Z,0.0,0,0.0,0,0,0.2,0,796,0,0,0,0,0,0,0,0,0,0.0,0.0,0.0,0.0,0.00,0.00,0.00,0,0,0,0,0,0,,,,0.0,0.0,0.0
31,Konsa,Ezri,Konsa Ngoyo,1,2,45,0,0,a,,,,2.8,11,3.7,191,2,17.5,93399,11210,0,0,1,1,0,0,0,0,34,22.6,1.5,4.0,2.8,0.00,0.01,0.01,0.0,0.0,0.0,1.03,19,8.95,,,,2.4,2.8,2.8
452,Bruno G.,Bruno,Guimarães Rodriguez Moura,1,3,67,-3,-1,a,100,,2026-09-04T14:00:08.328779Z,2.0,8,4.0,64,0,1.7,4526,2779,1,0,0,0,0,0,0,1,33,1.4,0.8,2.0,0.4,0.09,0.15,0.24,0.13,0.21,0.34,2.21,6,8.44,4,4,,1.2,2.0,2.0
557,Tzolis,Christos,Tzolis,1,3,64,-1,0,a,,,,3.5,14,3.5,290,4,15.4,8561,73556,0,2,2,1,2,0,0,1,72,47.6,101.6,38.0,18.8,0.19,0.48,0.67,0.06,0.15,0.21,0.61,20,6.21,,3,,2.2,3.5,3.5
29,M.Bizot,Marco,Bizot,2,1,45,0,0,a,,,,0.2,1,1.0,90,1,0.1,109,323,0,0,0,4,0,0,3,0,1,28.2,0.0,0.0,2.8,0.00,0.00,0.00,0.0,0.0,0.0,3.77,0,0.0,,,,0.2,0.2,0.2
30,Digne,Lucas,Digne,2,2,45,0,0,u,0,Has joined Paris Saint-Germain permanently,2026-08-10T14:03:30.089007Z,0.0,0,0.0,0,0,0.1,0,150,0,0,0,0,0,0,0,0,0,0.0,0.0,0.0,0.0,0.00,0.00,0.00,0,0,0,0,0,0,,,,0.0,0.0,0.0
32,Cash,Matty,Cash,2,2,45,0,0,d,75,Muscular injury - 75% chance of playing,2026-09-09T14:30:08.192142Z,1.8,7,2.3,251,3,5.8,308,36605,0,0,1,5,1,0,0,0,23,32.4,19.2,13.0,6.5,0.15,0.04,0.19,0.05,0.01,0.06,1.8,14,5.02,,1,,1.6,1.4,1.4
33,Mings,Tyrone,Mings,2,2,45,0,0,a,,,,1.8,7,2.3,171,1,0.4,717,1211,0,0,1,2,1,0,0,0,33,16.8,4.4,13.0,3.4,0.20,0.02,0.22,0.11,0.01,0.12,1.51,11,5.79,,,,1.6,1.8,1.8
34,Pau,Pau,Torres,2,2,45,0,0,d,75,Hamstring injury - 75% chance of playing,2026-09-12T18:00:08.712707Z,0.8,3,1.0,187,3,0.4,155,2057,0,0,0,5,0,0,0,0,-4,11.0,1.5,0.0,1.2,0.00,0.01,0.01,0.0,0.0,0.0,2.31,9,4.33,,,,0.7,0.8,0.6
35,Bogarde,Lamare,Bogarde,2,3,50,0,0,a,,,,0.2,1,1.0,16,0,0.1,146,269,0,0,0,0,0,0,0,0,3,2.2,0.5,0.0,0.3,0.00,0.00,0.00,0.0,0.0,0.0,1.24,1,5.62,,,,0.2,0.2,0.2
36,Maatsen,Ian,Maatsen,2,2,45,0,0,d,25,Ankle injury - 25% chance of playing,2026-09-12T18:00:08.729468Z,2.2,9,2.2,335,4,0.8,469,7334,0,0,1,7,1,0,0,1,22,24.6,21.1,19.0,6.4,0.28,0.45,0.73,0.08,0.12,0.2,1.76,24,6.45,,,,2.0,2.2,0.6
37,Lindelöf,Victor,Lindelöf,2,2,45,0,0,a,,,,1.8,7,1.8,360,4,0.3,720,656,0,0,1,7,0,0,0,0,27,39.2,26.2,2.0,6.7,0.44,0.17,0.61,0.11,0.04,0.15,1.92,16,4.0,,,,1.6,1.8,1.8
38,A.García,Andrés,García,2,2,40,0,0,a,,,,0.0,0,0.0,0,0,1.6,2463,3489,0,0,0,0,0,0,0,0,0,0.0,0.0,0.0,0.0,0.00,0.00,0.00,0,0,0,0,0,0,,,,0.0,0.0,0.0
39,Nedeljkovic,Kosta,Nedeljkovic,2,2,40,0,0,u,0,Has joined Rangers on loan for the rest of the season,2026-08-19T13:56:46.385411Z,0.0,0,0.0,0,0,0.1,0,325,0,0,0,0,0,0,0,0,0,0.0,0.0,0.0,0.0,0.00,0.00,0.00,0,0,0,0,0,0,,,,0.0,0.0,0.0
41,Buendía,Emiliano,Buendía Stati,2,3,59,-1,0,a,,,,2.2,9,2.2,311,4,1.0,873,5825,0,0,1,6,0,0,0,0,23,5.0,40.3,24.0,6.3,0.78,0.17,0.95,0.23,0.05,0.28,1.82,19,5.5,1,3,1,1.5,2.2,2.2
44,Bailey,Leon,Bailey,2,3,54,-1,0,u,0,Has joined Olympiakos permanently,2026-09-04T12:35:14.472260Z,0.0,0,0.0,0,0,0.1,0,518,0,0,0,0,0,0,0,0,0,0.0,0.0,0.0,0.0,0.00,0.00,0.00,0,0,0,0,0,0,,,,0.0,0.0,0.0
45,McGinn,John,McGinn,2,3,54,-1,0,a,,,,2.8,11,2.8,351,4,2.3,3899,5261,0,1,1,7,2,0,0,1,46,3.0,20.0,15.0,3.3,0.77,0.20,0.97,0.2,0.05,0.25,1.93,24,6.15,,2,,2.0,2.8,2.8
46,Barkley,Ross,Barkley,2,3,50,0,0,a,,,,2.2,9,2.2,302,4,0.3,545,925,0,0,1,6,0,0,0,0,63,35.8,78.8,24.0,13.9,0.38,0.14,0.52,0.11,0.04,0.15,1.96,24,7.15,,4,,1.8,2.2,2.2
47,Kamara,Boubacar,Kamara,2,3,50,0,0,a,100,,2026-07-23T12:01:23.337269Z,2.2,9,2.2,360,4,0.3,529,1230,0,0,1,7,0,0,0,0,59,35.4,43.2,0.0,7.9,0.00,0.15,0.15,0.0,0.04,0.04,1.92,30,7.5,,,,1.8,2.2,2.2
48,Onana,Amadou,Onana,2,3,49,-1,-1,i,0,Knee injury - Unknown return date,2026-07-23T12:01:23.352497Z,0.0,0,0.0,0,0,0.0,20,59,0,0,0,0,0,0,0,0,0,0.0,0.0,0.0,0.0,0.00,0.00,0.00,0,0,0,0,0,0,,,,0.0,0.0,0.0
49,Iling Jr,Samuel,Iling-Junior,2,3,50,0,0,u,0,Has joined Bolton Wanderers on loan for the rest of the season,2026-08-17T13:52:28.532616Z,0.0,0,0.0,0,0,0.0,0,8,0,0,0,0,0,0,0,0,0,0.0,0.0,0.0,0.0,0.00,0.00,0.00,0,0,0,0,0,0,,,,0.0,0.0,0.0
50,Burrowes,Bradley,Burrowes,2,3,45,0,0,a,,,,0.0,0,0.0,0,0,0.6,701,1940,0,0,0,0,0,0,0,0,0,0.0,0.0,0.0,0.0,0.00,0.00,0.00,0,0,0,0,0,0,,,,0.0,0.0,0.0
51,George Hemmings,George,Hemmings,2,3,45,0,0,a,,,,2.0,8,2.0,279,4,1.3,4286,3940,0,0,1,5,0,0,0,0,32,23.2,29.4,23.0,7.5,0.07,0.16,0.23,0.02,0.05,0.07,1.74,19,6.13,,,,1.8,2.0,2.0
52,Alysson,Alysson Edward Franco,da Rocha dos Santos,2,3,50,0,0,a,,,,2.0,8,2.0,87,0,0.0,432,125,1,0,0,2,1,0,0,0,34,5.4,2.6,2.0,1.0,0.06,0.00,0.06,0.06,0.0,0.06,2.48,8,8.28,,,,1.6,2.0,2.0
53,Manzambi,Johan,Manzambi,2,3,59,-1,0,a,100,,2026-08-15T15:30:06.388335Z,0.2,1,1.0,27,0,0.1,464,284,0,0,0,1,0,0,0,0,3,0.0,0.0,0.0,0.0,0.00,0.08,0.08,0.0,0.27,0.27,2.87,2,6.67,,,,0.2,0.1,0.2
54,Gomes,Joao,Gomes,2,3,55,0,0,a,100,,2026-08-23T17:30:08.367415Z,-0.5,-2,-2.0,39,1,0.0,124,71,0,0,0,4,0,1,0,0,-2,1.0,11.0,0.0,1.2,0.00,0.01,0.01,0.0,0.02,0.02,5.95,7,16.15,,,,-0.4,0.0,-0.5
55,Watkins,Ollie,Watkins,2,4,78,-2,0,u,0,Has joined Al Hilal permanently,2026-09-01T13:15:16.698799Z,0.0,0,0.0,0,0,2.9,0,11575,0,0,0,0,0,0,0,0,0,0.0,0.0,0.0,0.0,0.00,0.00,0.00,0,0,0,0,0,0,,,,0.0,0.0,0.0
56,Abraham,Tammy,Abraham,2,4,55,0,0,a,100,,2026-08-15T16:00:07.558543Z,0.8,3,1.0,69,0,0.2,574,618,0,0,0,2,0,0,0,0,10,2.0,2.3,0.0,0.4,0.00,0.00,0.00,0.0,0.0,0.0,2.95,2,2.61,,,,0.5,0.8,0.8
160,Garnacho,Alejandro,Garnacho Ferreyra,2,3,58,-2,-1,a,,,,0.8,3,1.0,31,0,0.4,180,2380,0,0,0,0,0,0,0,0,9,1.2,3.6,0.0,0.5,0.00,0.00,0.00,0.0,0.0,0.0,1.42,2,5.81,,,,0.5,0.8,0.8
166,N.Jackson,Nicolas,Jackson,2,4,65,0,0,a,,,,1.0,4,1.3,199,3,1.3,3531,8953,0,0,1,1,1,0,0,0,21,5.4,23.4,22.0,5.1,0.24,0.58,0.82,0.11,0.26,0.37,0.73,5,2.26,2,,,0.6,1.0,1.0
582,Madjo,Brian,Madjo,2,4,54,-1,-1,i,0,Unspecified injury - Unknown return date,2026-08-15T16:00:07.974271Z,0.0,0,0.0,0,0,0.2,77,1142,0,0,0,0,0,0,0,0,0,0.0,0.0,0.0,0.0,0.00,0.00,0.00,0,0,0,0,0,0,,,,0.0,0.0,0.0
596,Ruggeri,Matteo,Ruggeri,2,2,45,0,0,a,,,,0.5,2,1.0,23,0,0.1,134,339,0,0,0,0,0,0,0,0,6,6.6,2.6,0.0,0.9,0.00,0.01,0.01,0.0,0.04,0.04,1.92,3,11.74,,,,0.4,0.5,0.5
597,Suzuki,Zion,Suzuki,2,1,50,0,0,a,,,,3.5,14,4.7,270,3,1.8,4577,4251,0,0,1,3,0,0,10,3,63,40.8,0.0,0.0,4.1,0.00,0.01,0.01,0.0,0.0,0.0,1.3,0,0.0,,,,2.8,3.5,3.5
606,Rowe,Triston,Rowe,2,2,40,0,0,a,,,,0.0,0,0.0,0,0,0.2,627,429,0,0,0,0,0,0,0,0,0,0.0,0.0,0.0,0.0,0.00,0.00,0.00,0,0,0,0,0,0,,,,0.0,0.0,0.0
607,Lynch,Luka,Lynch,2,3,45,0,0,u,0,Has joined Oxford United on loan until January,2026-09-04T12:35:39.820426Z,0.0,0,0.0,0,0,0.1,0,443,0,0,0,0,0,0,0,0,0,0.0,0.0,0.0,0.0,0.00,0.00,0.00,0,0,0,0,0,0,,,,0.0,0.0,0.0
611,Wan-Bissaka,Aaron,Wan-Bissaka,2,2,45,0,0,a,,,,1.7,5,1.7,107,1,0.2,1238,437,0,0,0,2,0,0,0,0,18,6.4,1.7,0.0,0.8,0.00,0.06,0.06,0.0,0.05,0.05,2.21,15,12.62,,,,1.1,1.7,1.7
618,Goretzka,Leon,Goretzka,2,3,60,0,0,i,0,Knee injury - Expected back 10 Oct,2026-09-09T09:30:08.229436Z,0.0,0,0.0,0,0,0.0,13,573,0,0,0,0,0,0,0,0,0,0.0,0.0,0.0,0.0,0.00,0.00,0.00,0,0,0,0,0,0,,,,0.0,0.0,0.0
630,Harwood-Bellis,Taylor,Harwood-Bellis,2,2,45,0,0,a,,,,0.0,0,0.0,0,0,0.0,89,109,0,0,0,0,0,0,0,0,0,0.0,0.0,0.0,0.0,0.00,0.00,0.00,0,0,0,0,0,0,,,,0.0,0.0,0.0
631,Mbaye,Ibrahim,Mbaye,2,3,60,0,0,a,,,,0.5,1,1.0,27,0,0.1,530,401,0,0,0,1,0,0,0,0,6,0.0,0.0,0.0,0.0,0.02,0.13,0.15,0.07,0.43,0.5,2.87,2,6.67,,,,0.2,0.5,0.5
57,Petrović,Đorđe,Petrović,3,1,45,0,0,a,,,,1.8,7,1.8,360,4,3.2,1696,6213,0,0,0,7,0,0,9,0,33,74.0,0.0,0.0,7.4,0.00,0.00,0.00,0.0,0.0,0.0,1.32,0,0.0,,,,1.6,1.8,1.8
58,Forster,Fraser,Forster,3,1,40,0,0,a,,,,0.0,0,0.0,0,0,3.4,5219,3144,0,0,0,0,0,0,0,0,0,0.0,0.0,0.0,0.0,0.00,0.00,0.00,0,0,0,0,0,0,,,,0.0,0.0,0.0
59,Dennis,Will,Dennis,3,1,40,0,0,u,0,Has joined MK Dons permanently,2026-08-27T14:53:48.692835Z,0.0,0,0.0,0,0,0.1,0,261,0,0,0,0,0,0,0,0,0,0.0,0.0,0.0,0.0,0.00,0.00,0.00,0,0,0,0,0,0,,,,0.0,0.0,0.0
60,Hill,James,Hill,3,2,55,0,0,a,,,,2.0,8,2.0,360,4,0.8,852,2499,0,0,0,7,1,0,0,0,28,54.0,52.8,6.0,11.3,0.00,0.77,0.77,0.0,0.19,0.19,1.32,35,8.75,,,,1.5,2.0,2.0
61,Truffert,Adrien,Truffert,3,2,55,0,0,a,,,,2.0,8,2.0,360,4,3.3,1616,7209,0,0,0,7,1,0,0,2,47,53.4,40.7,6.0,10.1,0.09,0.23,0.32,0.02,0.06,0.08,1.32,38,9.5,,,,1.5,2.0,2.0
62,Diakité,Bafodé,Diakité,3,2,50,0,0,a,,,,0.0,0,0.0,0,0,0.2,251,698,0,0,0,0,0,0,0,0,0,0.0,0.0,0.0,0.0,0.00,0.00,0.00,0,0,0,0,0,0,,,,0.0,0.0,0.0
63,Milosavljević,Veljko,Milosavljevic,3,2,49,-1,-1,i,0,Thigh injury - Unknown return date,2026-08-06T10:00:10.456051Z,0.0,0,0.0,0,0,0.0,11,24,0,0,0,0,0,0,0,0,0,0.0,0.0,0.0,0.0,0.00,0.00,0.00,0,0,0,0,0,0,,,,0.0,0.0,0.0
64,Smith,Adam,Smith,3,2,45,0,0,a,,,,0.5,2,0.5,360,4,0.1,232,462,0,0,0,7,3,0,0,0,11,32.2,41.6,4.0,7.8,0.01,0.07,0.08,0.0,0.02,0.02,1.32,21,5.25,,,,0.4,0.5,0.5
65,J.Araujo,Julián,Araujo Zúñiga,3,2,44,-1,0,i,0,Thigh injury - Unknown return date,2026-08-09T08:00:05.645826Z,0.0,0,0.0,0,0,0.0,11,35,0,0,0,0,0,0,0,0,0,0.0,0.0,0.0,0.0,0.00,0.00,0.00,0,0,0,0,0,0,,,,0.0,0.0,0.0
66,Soler,Julio,Soler Barreto,3,2,40,0,0,a,100,,2026-08-15T16:30:07.021055Z,0.0,0,0.0,0,0,0.3,757,575,0,0,0,0,0,0,0,0,0,0.0,0.0,0.0,0.0,0.00,0.00,0.00,0,0,0,0,0,0,,,,0.0,0.0,0.0
67,Rayan,Rayan Vitor,Simplício Rocha,3,3,64,-1,0,a,,,,2.0,8,2.0,347,4,1.8,781,10510,0,0,0,6,0,0,0,0,28,16.4,15.7,71.0,10.4,0.87,0.08,0.95,0.23,0.02,0.25,1.28,11,2.85,,,,1.2,2.0,2.0
68,Tavernier,Marcus,Tavernier,3,3,60,0,0,a,,,,7.2,29,7.2,350,4,4.4,70791,7593,3,0,0,7,2,0,0,8,139,101.6,68.7,106.0,27.6,1.70,0.81,2.51,0.44,0.21,0.65,1.32,36,9.26,3,1,1,4.8,7.2,7.2
69,Scott,Alex,Scott,3,3,61,1,0,a,,,,7.0,28,7.0,356,4,5.9,24527,18278,1,2,1,6,1,0,0,5,112,72.4,59.8,33.0,16.5,0.52,0.35,0.87,0.13,0.09,0.22,1.31,52,13.15,,2,4,4.6,7.0,7.0
70,Kluivert,Justin,Kluivert,3,3,60,0,0,a,,,,3.8,15,3.8,294,4,1.0,3324,2113,1,0,2,3,1,0,0,1,64,22.2,43.2,77.0,13.9,0.99,0.08,1.07,0.3,0.02,0.32,1.37,22,6.73,2,3,2,2.5,3.8,3.8
71,Cook,Lewis,Cook,3,3,50,0,0,a,,,,1.8,7,1.8,165,2,0.2,221,1148,0,0,2,1,1,0,0,0,22,8.4,15.2,0.0,2.4,0.00,0.01,0.01,0.0,0.01,0.01,2.15,12,6.55,,,,1.4,1.8,1.8
72,Gannon-Doak,Ben,Gannon-Doak,3,3,49,-1,0,a,,,,0.8,3,1.0,10,0,0.1,83,212,0,0,0,1,0,0,0,0,12,2.2,0.6,7.0,1.0,0.12,0.03,0.15,1.08,0.27,1.35,3.15,7,63.0,,,,0.6,0.8,0.8
73,Adams,Tyler,Adams,3,3,50,0,0,a,100,,2026-08-15T16:30:07.029928Z,2.0,8,2.0,192,2,0.3,831,1056,0,0,0,6,0,0,0,0,39,17.4,13.4,0.0,3.1,0.03,0.03,0.06,0.01,0.01,0.02,0.63,28,13.12,,,,1.6,2.0,2.0
74,Brooks,David,Brooks,3,3,50,0,0,a,100,,2026-08-15T16:30:07.037929Z,0.5,2,0.7,30,0,0.1,124,263,0,0,0,2,1,0,0,0,4,0.0,1.6,0.0,0.1,0.00,0.01,0.01,0.0,0.03,0.03,1.5,3,9.0,,4,3,0.4,0.5,0.5
75,Christie,Ryan,Christie,3,3,50,0,0,a,100,,2026-07-24T17:30:10.035483Z,0.8,3,1.0,28,0,0.0,133,178,0,0,0,1,0,0,0,0,15,2.8,0.3,0.0,0.3,0.00,0.12,0.12,0.0,0.39,0.39,0.77,9,28.93,,,,0.6,0.8,0.8
76,Tóth.A,Alex,Tóth,3,3,50,0,0,a,,,,0.2,1,1.0,15,0,0.0,16,33,0,0,0,2,0,0,0,0,5,2.8,0.6,0.0,0.3,0.00,0.00,0.00,0.0,0.0,0.0,1.86,2,12.0,,,,0.2,0.2,0.2
77,Adli,Amine,Adli,3,3,49,-1,0,i,0,Calf injury - Unknown return date,2026-08-15T16:00:07.590566Z,0.0,0,0.0,0,0,0.0,11,73,0,0,0,0,0,0,0,0,0,0.0,0.0,0.0,0.0,0.00,0.00,0.00,0,0,0,0,0,0,,,,0.0,0.0,0.0
78,Kroupi.Jr,Junior,Kroupi,3,3,74,-1,0,i,0,Foot injury - Expected back 7 Nov,2026-07-29T17:30:09.796802Z,0.0,0,0.0,0,0,0.2,36,563,0,0,0,0,0,0,0,0,0,0.0,0.0,0.0,0.0,0.00,0.00,0.00,0,0,0,0,0,0,1,,,0.0,0.0,0.0
79,Evanilson,Francisco Evanilson,de Lima Barbosa,3,4,60,0,0,a,,,,4.0,16,4.0,334,4,3.3,13532,8522,0,3,2,4,1,0,0,0,54,37.6,39.2,45.0,12.1,0.71,0.51,1.22,0.19,0.14,0.33,1.29,22,5.93,,,,2.7,4.0,4.0
80,Enes Ünal,Enes,Ünal,3,4,55,0,0,u,0,Has joined Getafe permanently,2026-08-14T14:14:21.881112Z,0.0,0,0.0,0,0,0.0,0,35,0,0,0,0,0,0,0,0,0,0.0,0.0,0.0,0.0,0.00,0.00,0.00,0,0,0,0,0,0,,,,0.0,0.0,0.0
81,Rodríguez,Álvaro,Rodríguez,3,4,60,0,0,a,100,,2026-08-15T16:30:07.054142Z,0.5,2,1.0,10,0,0.1,209,340,0,0,0,1,0,0,0,0,7,0.0,0.0,0.0,0.0,0.00,0.00,0.00,0.0,0.0,0.0,1.62,1,9.0,,,,0.3,0.5,0.5
566,Silva,António João,Pereira de Albuquerque Tavares da Silva,3,2,50,0,0,a,,,,2.5,10,2.5,360,4,0.4,437,1043,0,0,0,7,1,0,0,0,22,73.8,3.3,30.0,10.7,0.85,0.27,1.12,0.21,0.07,0.28,1.32,41,10.25,,,,2.0,2.5,2.5
573,Sanchez,Juanlu,Sánchez,3,2,45,0,0,a,,,,0.0,0,0.0,0,0,0.2,50,307,0,0,0,0,0,0,0,0,0,0.0,0.0,0.0,0.0,0.00,0.00,0.00,0,0,0,0,0,0,,,,0.0,0.0,0.0
608,Jebbison,Daniel,Jebbison,3,4,50,0,0,a,,,,0.5,2,1.0,16,0,0.1,519,482,0,0,0,2,0,0,0,0,10,3.4,0.8,17.0,2.1,0.10,0.00,0.10,0.56,0.0,0.56,2.02,1,5.62,,,,0.4,0.5,0.5
615,Di Gregorio,Michele,Di Gregorio,3,1,45,0,0,a,,,,0.0,0,0.0,0,0,0.0,107,162,0,0,0,0,0,0,0,0,0,0.0,0.0,0.0,0.0,0.00,0.00,0.00,0,0,0,0,0,0,,,,0.0,0.0,0.0
82,Kelleher,Caoimhín,Kelleher,4,1,50,0,0,a,,,,3.5,14,3.5,360,4,6.5,2827,16397,0,0,1,4,0,0,15,0,70,57.6,0.0,0.0,5.7,0.00,0.01,0.01,0.0,0.0,0.0,1.37,0,0.0,,,,2.8,3.5,3.5
83,Valdimarsson,Hákon Rafn,Valdimarsson,4,1,45,0,0,a,,,,0.0,0,0.0,0,0,0.1,66,195,0,0,0,0,0,0,0,0,0,0.0,0.0,0.0,0.0,0.00,0.00,0.00,0,0,0,0,0,0,,,,0.0,0.0,0.0
84,Collins,Nathan,Collins,4,2,55,0,0,i,0,Calf injury - Unknown return date,2026-09-05T18:00:06.182495Z,2.5,10,3.3,196,3,1.3,25,11974,0,0,1,1,1,0,0,0,39,40.6,22.4,51.0,11.4,0.51,0.05,0.56,0.23,0.02,0.25,0.98,17,7.81,,,,1.8,0.0,0.0
85,Van den Berg,Sepp,van den Berg,4,2,49,-1,0,i,0,Groin injury - Unknown return date,2026-08-15T15:30:06.416627Z,0.0,0,0.0,0,0,0.1,8,218,0,0,0,0,0,0,0,0,0,0.0,0.0,0.0,0.0,0.00,0.00,0.00,0,0,0,0,0,0,,,,0.0,0.0,0.0
86,Lewis-Potter,Keane,Lewis-Potter,4,3,55,0,0,a,,,,4.8,19,4.8,326,4,2.0,1703,12497,1,1,1,4,0,0,0,3,70,93.8,92.6,43.0,22.9,1.06,0.78,1.84,0.29,0.22,0.51,1.38,29,8.01,,,1,3.5,4.8,4.8
87,Ajer,Kristoffer,Ajer,4,2,45,0,0,a,,,,3.5,14,3.5,360,4,4.5,2969,14393,0,0,1,4,1,0,0,0,44,69.6,22.2,37.0,12.9,0.13,0.03,0.16,0.03,0.01,0.04,1.37,41,10.25,,,,3.1,3.5,3.5
88,Kayode,Michael,Kayode,4,2,46,1,0,a,,,,4.2,17,4.2,226,3,8.5,5985,40712,1,0,1,1,0,0,0,1,52,55.8,17.8,56.0,12.9,0.55,0.36,0.91,0.22,0.14,0.36,1.07,14,5.58,,,,3.7,4.2,4.2
89,Henry,Rico,Henry,4,2,45,0,0,a,,,,0.2,1,1.0,2,0,0.2,65,440,0,0,0,0,0,0,0,0,3,0.0,0.0,0.0,0.0,0.00,0.00,0.00,0.0,0.0,0.0,0.0,0,0.0,,,,0.2,0.2,0.2
90,Hickey,Aaron,Hickey,4,2,45,0,0,a,,,,1.0,4,1.0,131,1,0.1,93,144,0,0,0,3,0,0,0,0,12,11.6,5.4,0.0,1.7,0.03,0.05,0.08,0.02,0.03,0.05,1.92,13,8.93,,,,0.9,1.0,1.0
92,Ji-soo,Kim,Ji-soo,4,2,45,0,0,a,,,,0.0,0,0.0,0,0,0.0,16,44,0,0,0,0,0,0,0,0,0,0.0,0.0,0.0,0.0,0.00,0.00,0.00,0,0,0,0,0,0,,,,0.0,0.0,0.0
93,Schuster,Jannik,Schuster,4,2,45,0,0,a,,,,1.8,7,3.5,163,1,0.1,85,138,0,0,0,3,0,0,0,0,16,17.2,0.2,4.0,2.1,0.10,0.02,0.12,0.06,0.01,0.07,1.86,22,12.15,,,,1.6,1.8,1.8
94,Schade,Kevin,Schade,4,3,60,0,0,a,,,,7.5,30,7.5,357,4,4.7,100816,7643,3,0,1,4,0,0,0,6,111,64.0,36.2,101.0,20.1,0.98,0.30,1.28,0.25,0.08,0.33,1.38,27,6.81,2,,,5.0,7.5,7.5
95,O.Dango,Dango,Ouattara,4,3,64,-1,0,a,,,,1.5,6,1.5,170,2,0.6,123,3930,0,0,1,1,0,0,0,0,32,23.2,57.6,17.0,9.8,0.09,0.39,0.48,0.05,0.21,0.26,1.42,28,14.82,,4,,0.9,1.5,1.5
96,Damsgaard,Mikkel,Damsgaard,4,3,55,0,0,a,,,,3.2,13,3.2,197,2,0.5,321,2003,0,1,1,1,0,0,0,3,59,34.2,87.2,31.0,15.3,0.13,0.45,0.58,0.06,0.21,0.27,1.08,21,9.59,,2,3,2.4,3.2,3.2
97,Jensen,Mathias,Jensen,4,3,54,-1,0,i,0,Unspecified injury - Expected back 18 Sep,2026-08-30T12:30:08.176795Z,1.5,6,6.0,66,1,0.1,3,503,0,1,1,0,0,0,0,0,22,12.6,46.2,13.0,7.2,0.08,0.34,0.42,0.11,0.46,0.57,0.64,5,6.82,3,1,2,1.1,0.0,0.0
98,Janelt,Vitaly,Janelt,4,3,50,0,0,a,,,,6.2,25,6.2,360,4,2.4,11456,7508,2,0,1,4,3,0,0,3,96,117.6,77.3,45.0,24.0,0.50,0.40,0.90,0.12,0.1,0.22,1.37,55,13.75,,3,,5.0,6.2,6.2
99,Milambo,Antoni,Milambo,4,3,50,0,0,i,0,Knee injury - Unknown return date,2026-07-23T12:01:23.384798Z,0.0,0,0.0,0,0,0.0,7,9,0,0,0,0,0,0,0,0,0,0.0,0.0,0.0,0.0,0.00,0.00,0.00,0,0,0,0,0,0,,,,0.0,0.0,0.0
100,Carvalho,Fábio,Freitas Gouveia Carvalho,4,3,50,0,0,a,100,,2026-08-18T13:58:17.442072Z,0.0,0,0.0,0,0,0.0,58,103,0,0,0,0,0,0,0,0,0,0.0,0.0,0.0,0.0,0.00,0.00,0.00,0,0,0,0,0,0,,,,0.0,0.0,0.0
102,Yarmoliuk,Yehor,Yarmoliuk,4,3,49,-1,0,a,,,,1.5,6,1.5,148,1,0.7,224,2015,0,1,0,4,1,0,0,0,31,7.6,16.7,9.0,3.4,0.07,0.24,0.31,0.04,0.15,0.19,2.45,16,9.73,,,,1.2,1.5,1.5
103,Dasilva,Josh,Dasilva,4,3,49,-1,0,i,0,Hamstring injury - Expected back 10 Oct,2026-09-04T13:30:08.371955Z,0.0,0,0.0,0,0,0.0,3,82,0,0,0,0,0,0,0,0,0,0.0,0.0,0.0,0.0,0.00,0.00,0.00,0,0,0,0,0,0,,,,0.0,0.0,0.0
105,Anthony,Jaidon,Anthony,4,3,59,-1,-1,a,,,,1.2,5,1.2,187,2,0.1,117,619,0,0,1,3,1,0,0,0,28,13.8,63.0,19.0,9.5,0.19,0.52,0.71,0.09,0.25,0.34,1.35,24,11.55,,,,0.8,1.2,1.2
106,Thiago,Igor Thiago,Nascimento Rodrigues,4,4,79,-1,0,a,,,,1.2,5,1.2,352,4,10.1,2775,60627,0,0,1,4,1,0,0,0,11,20.6,11.6,106.0,13.8,2.41,0.13,2.54,0.62,0.03,0.65,1.39,16,4.09,1,,,0.6,1.2,1.2
107,Furo,Kaye,Furo,4,4,45,0,0,a,,,,0.0,0,0.0,0,0,1.1,3717,2638,0,0,0,0,0,0,0,0,0,0.0,0.0,0.0,0.0,0.00,0.00,0.00,0,0,0,0,0,0,,,,0.0,0.0,0.0
108,Wilson,Callum,Wilson,4,4,55,0,0,a,,,,0.8,3,1.0,13,0,0.3,360,1605,0,0,0,0,0,0,0,0,9,3.2,10.4,12.0,2.6,0.07,0.04,0.11,0.48,0.28,0.76,1.04,2,13.85,,,,0.5,0.8,0.8
565,M.Sangaré,Mamadou,Sangaré,4,3,57,2,0,a,,,,5.5,22,5.5,300,4,12.6,7621,51680,0,2,1,3,1,0,0,3,76,56.0,48.4,40.0,14.1,0.41,0.65,1.06,0.12,0.2,0.32,1.21,45,13.5,,,,3.9,5.5,5.5
620,Diouf,El Hadji Malick,Diouf,4,2,45,0,0,a,,,,0.3,1,1.0,30,0,0.1,347,544,0,0,0,0,0,0,0,0,4,0.0,0.0,0.0,0.0,0.00,0.01,0.01,0.0,0.03,0.03,1.5,1,3.0,,,,0.2,0.3,0.3
657,Nunes,Gustavo,Nunes Fernandes Gomes,4,3,45,0,0,a,,,,0.0,0,0.0,0,0,0.0,809,112,0,0,0,0,0,0,0,0,0,0.0,0.0,0.0,0.0,0.00,0.00,0.00,0,0,0,0,0,0,,,,0.0,1.1,1.1
109,Verbruggen,Bart,Verbruggen,5,1,45,0,0,a,,,,4.2,17,4.2,360,4,22.1,15479,30659,0,0,2,5,0,0,10,0,80,46.0,3.0,0.0,4.9,0.00,0.20,0.20,0.0,0.05,0.05,1.76,0,0.0,,,,3.8,4.2,4.2
111,Steele,Jason,Steele,5,1,40,0,0,a,,,,0.0,0,0.0,0,0,4.3,4464,4370,0,0,0,0,0,0,0,0,0,0.0,0.0,0.0,0.0,0.00,0.00,0.00,0,0,0,0,0,0,,,,0.0,0.0,0.0
113,F.Kadıoğlu,Ferdi,Kadıoğlu,5,2,44,-1,0,a,100,,2026-08-23T13:00:07.595211Z,2.0,8,2.7,257,3,1.7,956,3987,0,0,1,5,0,0,0,0,28,15.4,29.2,27.0,7.2,0.08,0.11,0.19,0.03,0.04,0.07,2.33,7,2.45,,3,,1.8,2.0,2.0
114,Boscagli,Olivier,Boscagli,5,2,45,0,0,a,,,,3.2,13,3.2,347,4,0.3,307,551,0,0,2,5,1,0,0,0,69,52.6,96.2,17.0,16.6,0.06,0.51,0.57,0.02,0.13,0.15,1.77,22,5.71,,,,2.9,3.2,3.2
115,De Cuyper,Maxim,De Cuyper,5,2,48,3,0,a,,,,8.0,32,8.0,333,4,22.5,79781,26942,1,3,2,5,1,0,0,4,102,69.0,91.1,50.0,21.1,1.53,0.44,1.97,0.41,0.12,0.53,1.88,9,2.43,,2,4,6.7,8.0,8.0
116,Dunk,Lewis,Dunk,5,2,45,0,0,a,,,,5.5,22,5.5,360,4,1.4,5261,2170,1,0,2,5,1,0,0,1,79,59.0,10.3,4.0,7.4,0.03,0.09,0.12,0.01,0.02,0.03,1.76,23,5.75,,,3,4.9,5.5,5.5
117,Coppola,Diego,Coppola,5,2,45,0,0,a,,,,0.0,0,0.0,0,0,0.0,59,60,0,0,0,0,0,0,0,0,0,0.0,0.0,0.0,0.0,0.00,0.00,0.00,0,0,0,0,0,0,,,,0.0,0.0,0.0
118,Igor,Igor Julio,dos Santos de Paulo,5,2,45,0,0,u,0,Has joined Burnley permanently,2026-09-02T15:38:15.529699Z,0.0,0,0.0,0,0,0.0,0,253,0,0,0,0,0,0,0,0,0,0.0,0.0,0.0,0.0,0.00,0.00,0.00,0,0,0,0,0,0,,,,0.0,0.0,0.0
119,Costinha,João Pedro,Loureiro da Costa,5,2,45,0,0,a,,,,0.8,3,0.8,54,0,0.0,50,63,0,0,0,0,1,0,0,0,16,14.0,16.7,18.0,4.8,0.12,0.16,0.28,0.2,0.27,0.47,0.47,6,10.0,,,,0.7,0.8,0.8
120,Svoboda,Michael,Svoboda,5,2,50,0,0,a,,,,0.0,0,0.0,0,0,0.1,179,235,0,0,0,0,0,0,0,0,0,0.0,0.0,0.0,0.0,0.00,0.00,0.00,0,0,0,0,0,0,,,,0.0,0.0,0.0
121,Mitoma,Mitoma,Kaoru,5,3,59,-1,0,i,0,Hamstring injury - Expected back 10 Oct,2026-07-24T18:30:10.661894Z,0.0,0,0.0,0,0,0.0,19,86,0,0,0,0,0,0,0,0,0,0.0,0.0,0.0,0.0,0.00,0.00,0.00,0,0,0,0,0,0,,,,0.0,0.0,0.0
122,Minteh,Yankuba,Minteh,5,3,59,-1,0,i,0,Leg injury - Expected back 28 Nov,2026-08-14T18:00:06.418033Z,0.0,0,0.0,0,0,0.0,8,143,0,0,0,0,0,0,0,0,0,0.0,0.0,0.0,0.0,0.00,0.00,0.00,0,0,0,0,0,0,,5,,0.0,0.0,0.0
123,Hinshelwood,Jack,Hinshelwood,5,3,60,0,0,i,0,Ankle injury - Expected back 10 Oct,2026-08-27T19:30:07.780933Z,4.0,16,16.0,63,1,0.8,38,9644,2,0,1,0,0,0,0,3,54,72.8,13.4,59.0,14.5,1.41,0.02,1.43,2.01,0.03,2.04,0.27,3,4.29,,,,2.7,0.0,0.0
124,Groß,Pascal,Groß,5,3,56,1,0,a,,,,8.2,33,8.2,360,4,16.7,80015,25429,2,3,2,5,2,0,0,6,119,68.8,106.6,50.0,22.2,1.66,0.61,2.27,0.42,0.15,0.57,1.76,21,5.25,1,1,1,5.9,8.2,8.2
125,Georginio,Georginio,Rutter,5,4,54,-1,0,d,75,Unspecified injury - 75% chance of playing,2026-08-26T16:00:07.608056Z,1.2,5,5.0,90,1,0.5,285,3382,0,1,1,0,0,0,0,0,22,19.8,11.4,15.0,4.6,0.08,0.44,0.52,0.08,0.44,0.52,0.29,7,7.0,,,,0.9,0.9,0.9
126,O'Riley,Matt,O'Riley,5,3,55,0,0,a,,,,0.2,1,1.0,6,0,0.1,146,307,0,0,0,0,0,0,0,0,4,0.0,0.0,0.0,0.0,0.00,0.01,0.01,0.0,0.15,0.15,0.6,1,15.0,3,,,0.2,0.2,0.2
127,Gomez,Diego,Gómez Amarilla,5,3,50,0,0,a,,,,4.0,16,4.0,348,4,4.8,3576,16844,0,2,2,5,0,0,0,0,61,52.8,71.8,113.0,23.8,0.79,0.76,1.55,0.2,0.2,0.4,1.81,23,5.95,,,5,3.2,4.0,4.0
128,Buonanotte,Facundo,Buonanotte,5,3,50,0,0,u,0,Has joined Elche on loan for the rest of the season,2026-08-10T14:03:07.561436Z,0.0,0,0.0,0,0,0.0,0,6,0,0,0,0,0,0,0,0,0,0.0,0.0,0.0,0.0,0.00,0.00,0.00,0,0,0,0,0,0,,,,0.0,0.0,0.0
129,Ayari,Yasin,Ayari,5,3,54,-1,0,a,100,,2026-08-30T18:00:07.935334Z,3.0,12,4.0,243,3,0.4,607,1110,1,0,2,1,1,0,0,0,64,11.4,29.8,24.0,6.1,0.59,0.10,0.69,0.22,0.04,0.26,1.49,14,5.19,,4,2,2.2,3.0,3.0
130,Wieffer,Mats,Wieffer,5,2,50,0,0,i,0,Knee injury - Unknown return date,2026-09-04T09:30:08.612904Z,1.8,7,3.5,156,2,0.2,12,2114,0,0,1,4,0,0,0,1,38,37.0,35.5,10.0,8.3,0.12,0.13,0.25,0.07,0.08,0.15,1.83,15,8.65,,,,1.4,0.0,0.0
132,Howell,Harry,Howell,5,3,45,0,0,u,0,Has joined Leicester City on loan for the rest of the season,2026-08-17T13:53:19.019938Z,0.0,0,0.0,0,0,0.0,0,111,0,0,0,0,0,0,0,0,0,0.0,0.0,0.0,0.0,0.00,0.00,0.00,0,0,0,0,0,0,,,,0.0,0.0,0.0
133,Watson,Tom,Watson,5,3,50,0,0,u,0,Has joined Leicester City on loan for the rest of the season,2026-08-03T14:05:44.459483Z,0.0,0,0.0,0,0,0.0,0,4,0,0,0,0,0,0,0,0,0,0.0,0.0,0.0,0.0,0.00,0.00,0.00,0,0,0,0,0,0,,,,0.0,0.0,0.0
134,Oriola,Nehemiah,Oriola,5,3,45,0,0,a,,,,0.0,0,0.0,0,0,0.3,305,678,0,0,0,0,0,0,0,0,0,0.0,0.0,0.0,0.0,0.00,0.00,0.00,0,0,0,0,0,0,,,,0.0,0.0,0.0
135,Yohanna,Zadok,Yohanna,5,3,49,-1,0,i,0,Unspecified injury - Expected back 10 Oct,2026-09-10T13:00:08.617941Z,0.2,1,1.0,12,0,0.0,8,360,0,0,0,0,0,0,0,0,3,0.2,1.3,0.0,0.2,0.00,0.03,0.03,0.0,0.22,0.22,0.0,0,0.0,,,,0.2,0.0,0.0
137,Tzimas,Stefanos,Tzimas,5,4,54,-1,-1,i,0,Knee injury - Unknown return date,2026-07-23T12:01:23.432796Z,0.0,0,0.0,0,0,0.0,10,23,0,0,0,0,0,0,0,0,0,0.0,0.0,0.0,0.0,0.00,0.00,0.00,0,0,0,0,0,0,,,,0.0,0.0,0.0
138,Kostoulas,Charalampos,Kostoulas,5,4,55,0,0,a,,,,4.5,18,4.5,278,3,0.6,7365,2049,1,2,1,5,0,0,0,1,65,14.6,20.8,51.0,8.5,1.17,0.05,1.22,0.38,0.02,0.4,2.19,23,7.45,,,,3.3,4.5,4.5
139,Ferguson,Evan,Ferguson,5,4,50,0,0,i,0,Ankle injury - Expected back 10 Oct,2026-07-23T12:01:23.448357Z,0.0,0,0.0,0,0,0.0,61,114,0,0,0,0,0,0,0,0,0,0.0,0.0,0.0,0.0,0.00,0.00,0.00,0,0,0,0,0,0,,,,0.0,0.0,0.0
328,Struijk,Pascal,Struijk,5,2,50,0,0,a,100,,2026-08-15T20:30:07.523574Z,0.5,2,1.0,13,0,0.2,201,595,0,0,0,0,0,0,0,0,7,0.2,0.1,0.0,0.0,0.00,0.01,0.01,0.0,0.07,0.07,1.52,4,27.69,,,,0.4,0.5,0.5
504,Vuskovic,Luka,Vušković,5,2,50,0,0,a,,,,6.0,24,6.0,347,4,3.2,7129,6746,1,0,2,5,0,0,0,2,71,91.4,14.6,57.0,16.3,0.46,0.07,0.53,0.12,0.02,0.14,1.77,31,8.04,,,,4.8,6.0,6.0
594,David,Promise,David,5,4,60,0,0,a,,,,0.2,1,0.5,23,0,0.2,509,1214,0,0,0,0,1,0,0,0,-4,0.0,3.7,4.0,0.4,0.42,0.00,0.42,1.64,0.0,1.64,0.55,0,0.0,2,,,0.2,0.2,0.2
600,Osman,Ibrahim,Osman,5,3,50,0,0,a,,,,0.8,3,1.0,40,0,0.0,39,58,0,0,0,1,0,0,0,0,15,7.2,16.7,6.0,3.0,0.05,0.07,0.12,0.11,0.16,0.27,0.72,4,9.0,,,,0.6,0.8,0.8
605,Yalcouyé,Malick,Yalcouyé,5,3,45,0,0,a,,,,4.8,19,4.8,231,3,3.4,23621,7912,2,0,1,4,0,0,0,1,87,59.6,47.2,62.0,16.9,1.42,0.27,1.69,0.55,0.11,0.66,2.51,18,7.01,,,,4.2,4.8,4.8
614,Hadjam,Jaouen,Hadjam,5,2,45,0,0,a,,,,0.0,0,0.0,0,0,0.0,117,174,0,0,0,0,0,0,0,0,0,0.0,0.0,0.0,0.0,0.00,0.00,0.00,0,0,0,0,0,0,,,,0.0,0.0,0.0
624,Cozier-Duberry,Amario,Cozier-Duberry,5,3,50,0,0,u,0,Has joined Middlesbrough on loan for the rest of the season,2026-09-02T15:38:15.552951Z,0.0,0,0.0,0,0,0.0,0,5,0,0,0,0,0,0,0,0,0,0.0,0.0,0.0,0.0,0.00,0.00,0.00,0,0,0,0,0,0,,,,0.0,0.0,0.0
639,Andrés,José María,Andrés Baixauli,5,3,55,0,0,a,,,,2.0,4,4.0,25,0,0.0,84,43,0,1,0,0,0,0,0,0,10,0.0,0.0,0.0,0.0,0.24,0.01,0.25,0.86,0.04,0.9,0.79,4,14.4,,,,0.7,2.0,2.0
652,Azeez,Femi,Azeez,5,3,55,0,0,d,75,Hamstring injury - 75% chance of playing,2026-09-04T11:30:08.661589Z,0.0,0,0.0,0,0,0.0,25,10,0,0,0,0,0,0,0,0,0,0.0,0.0,0.0,0.0,0.00,0.00,0.00,0,0,0,0,0,0,,,,0.0,0.0,0.0
658,Ibrahim,Younes,Ibrahim,5,3,45,0,0,a,,,,0.0,0,0.0,0,0,0.0,95,10,0,0,0,0,0,0,0,0,0,0.0,0.0,0.0,0.0,0.00,0.00,0.00,0,0,0,0,0,0,,,,0.0,1.1,1.1
28,Martinez,Emiliano,Martínez Romero,6,1,50,0,0,a,,,,1.8,7,2.3,270,3,5.1,6072,16088,0,0,0,7,0,0,15,0,54,99.4,20.0,0.0,11.9,0.00,0.01,0.01,0.0,0.0,0.0,1.61,0,0.0,,,,1.4,1.8,1.8
40,Rogers,Morgan,Rogers,6,3,77,2,1,a,,,,6.8,27,6.8,347,4,36.1,205271,8412,3,1,0,9,1,0,0,2,118,105.8,113.6,68.0,28.7,1.39,1.16,2.55,0.36,0.3,0.66,1.58,23,5.97,,3,,3.5,6.8,6.8
101,Henderson,Jordan,Henderson,6,3,49,-1,0,i,0,Wrist injury - Unknown return date,2026-08-09T09:30:07.136250Z,0.0,0,0.0,0,0,0.0,7,165,0,0,0,0,0,0,0,0,0,0.0,0.0,0.0,0.0,0.00,0.00,0.00,0,0,0,0,0,0,,,,0.0,0.0,0.0
136,Welbeck,Danny,Welbeck,6,4,59,-1,0,a,100,,2026-08-20T14:00:07.949090Z,0.5,2,1.0,15,0,0.8,1244,3098,0,0,0,0,0,0,0,0,7,0.0,0.3,2.0,0.2,0.00,0.06,0.06,0.0,0.36,0.36,3.24,1,6.0,,,,0.3,0.5,0.5
140,Sánchez,Robert,Lynch Sánchez,6,1,49,-1,0,u,0,Has joined Como on loan for the rest of the season,2026-09-02T16:20:41.841936Z,0.5,2,2.0,90,1,0.8,0,4694,0,0,0,2,0,0,4,0,6,21.4,0.0,0.0,2.1,0.00,0.01,0.01,0.0,0.01,0.01,1.33,0,0.0,,,,0.4,0.0,0.0
141,Jörgensen,Filip,Jörgensen,6,1,50,0,0,u,0,Has joined RC Strasbourg on loan for the rest of the season,2026-08-12T14:07:02.607115Z,0.0,0,0.0,0,0,0.0,0,17,0,0,0,0,0,0,0,0,0,0.0,0.0,0.0,0.0,0.00,0.00,0.00,0,0,0,0,0,0,,,,0.0,0.0,0.0
142,James,Reece,James,6,2,54,-1,0,a,,,,0.8,3,0.8,292,3,7.5,5636,33423,0,0,0,7,1,0,0,0,24,36.4,32.2,34.0,10.3,0.33,0.26,0.59,0.1,0.08,0.18,1.51,13,4.01,,1,1,0.6,0.8,0.8
143,Chalobah,Trevoh,Chalobah,6,2,55,0,0,u,0,Has joined Como permanently,2026-08-10T14:03:50.769483Z,0.0,0,0.0,0,0,0.1,0,238,0,0,0,0,0,0,0,0,0,0.0,0.0,0.0,0.0,0.00,0.00,0.00,0,0,0,0,0,0,,,,0.0,0.0,0.0
144,Gusto,Malo,Gusto,6,2,50,0,0,a,,,,1.0,4,1.0,272,3,1.1,1168,4099,0,0,0,7,0,0,0,0,12,18.0,13.9,7.0,3.9,0.08,0.12,0.20,0.03,0.04,0.07,1.16,15,4.96,,,,0.8,1.0,1.0
145,Fofana,Wesley,Fofana,6,2,50,0,0,a,100,,2026-07-23T12:01:23.464591Z,1.0,4,1.3,242,3,0.2,830,726,0,0,0,6,1,0,0,0,24,59.2,23.7,0.0,8.3,0.00,0.08,0.08,0.0,0.03,0.03,1.56,32,11.9,,,,0.8,1.0,1.0
146,B.Badiashile,Benoît,Badiashile Mukinayi,6,2,45,0,0,u,0,Has joined Napoli on loan for the rest of the season,2026-08-25T14:03:47.079414Z,0.0,0,0.0,0,0,0.0,0,44,0,0,0,0,0,0,0,0,0,0.0,0.0,0.0,0.0,0.00,0.00,0.00,0,0,0,0,0,0,,,,0.0,0.0,0.0
148,Hato,Jorrel,Hato,6,2,45,0,0,a,,,,2.0,8,2.0,258,4,1.0,1710,6275,0,2,0,9,0,0,0,0,14,73.2,44.2,13.0,13.1,0.01,0.21,0.22,0.0,0.07,0.07,1.68,18,6.28,,,,1.8,2.0,2.0
149,Colwill,Levi,Samuels Colwill,6,2,49,-1,0,a,,,,0.5,2,0.7,251,3,1.0,586,5844,0,0,0,6,1,0,0,0,16,19.2,2.0,7.0,2.9,0.01,0.04,0.05,0.0,0.01,0.01,1.44,19,6.81,,,,0.4,0.5,0.5
150,M.Sarr,Mamadou,Sarr,6,2,45,0,0,u,0,Has joined Real Sociedad on loan for the rest of the season,2026-08-29T00:34:23.077418Z,0.0,0,0.0,0,0,0.0,0,121,0,0,0,0,0,0,0,0,0,0.0,0.0,0.0,0.0,0.00,0.00,0.00,0,0,0,0,0,0,,,,0.0,0.0,0.0
151,Acheampong,Josh,Acheampong,6,2,45,0,0,a,,,,1.2,5,1.7,202,2,0.4,433,1710,0,0,0,5,0,0,0,0,9,41.6,4.1,6.0,5.1,0.00,0.02,0.02,0.0,0.01,0.01,1.57,19,8.47,,,,1.1,1.2,1.2
152,Palestra,Marco,Palestra,6,2,53,-2,-1,i,0,Thigh injury - Expected back 18 Sep,2026-08-24T18:30:07.421239Z,0.0,0,0.0,0,0,0.8,32,6613,0,0,0,0,0,0,0,0,0,0.0,0.0,0.0,0.0,0.00,0.00,0.00,0,0,0,0,0,0,,,,0.0,0.0,0.0
154,Palmer,Cole,Palmer,6,3,97,2,0,a,100,,2026-08-24T22:00:07.971542Z,6.5,26,6.5,352,4,26.8,38466,37770,2,2,0,9,1,0,0,3,127,113.0,82.4,112.0,30.8,1.18,0.61,1.79,0.3,0.16,0.46,1.55,23,5.88,1,,2,2.7,6.5,6.5
156,Neto,Pedro,Lomba Neto,6,3,65,0,0,a,,,,3.0,12,3.0,246,3,1.4,3015,5702,1,0,0,6,0,0,0,0,68,56.6,53.5,56.0,16.6,0.52,0.53,1.05,0.19,0.19,0.38,1.62,22,8.05,,2,3,1.8,3.0,3.0
157,Estêvão,Estêvão,Almeida de Oliveira Gonçalves,6,3,63,-2,-1,a,,,,0.8,3,1.0,20,0,0.7,550,3330,0,0,0,0,0,0,0,0,14,3.4,0.8,17.0,2.2,0.07,0.07,0.14,0.32,0.32,0.64,2.61,2,9.0,2,4,,0.5,0.8,0.8
158,Gittens,Jamie,Bynoe-Gittens,6,3,59,-1,0,a,,,,0.0,0,0.0,0,0,0.0,35,132,0,0,0,0,0,0,0,0,0,0.0,0.0,0.0,0.0,0.00,0.00,0.00,0,0,0,0,0,0,,,,0.0,0.0,0.0
159,Caicedo,Moisés,Caicedo Corozo,6,3,54,-1,0,i,0,Calf injury - Expected back 18 Sep,2026-08-30T16:00:08.393562Z,0.2,1,1.0,13,0,1.3,168,10832,0,0,0,0,0,0,0,0,3,0.0,0.1,0.0,0.0,0.00,0.00,0.00,0.0,0.0,0.0,0.48,0,0.0,,,,0.2,0.0,0.0
161,Lavia,Roméo,Lavia,6,3,50,0,0,a,,,,2.8,11,2.8,258,4,0.2,700,1215,1,0,0,8,1,0,0,0,61,58.4,24.2,66.0,14.9,0.75,0.11,0.86,0.26,0.04,0.3,1.77,31,10.81,,,,2.2,2.8,2.8
163,D.Essugo,Dário,Luís Essugo,6,3,45,0,0,u,0,Has joined RC Strasbourg on loan for the rest of the season,2026-09-02T16:20:41.865225Z,0.0,0,0.0,0,0,0.1,0,607,0,0,0,0,0,0,0,0,0,0.0,0.0,0.0,0.0,0.00,0.00,0.00,0,0,0,0,0,0,,,,0.0,0.0,0.0
164,Quenda,Geovany,Quenda,6,3,54,-1,0,a,100,,2026-07-24T20:30:10.609931Z,0.2,1,1.0,8,0,0.0,26,179,0,0,0,0,0,0,0,0,2,1.2,0.3,2.0,0.4,0.00,0.00,0.00,0.0,0.0,0.0,1.01,1,11.25,,,,0.2,0.2,0.2
165,João Pedro,João Pedro,Junqueira de Jesus,6,4,78,3,1,a,,,,8.2,33,8.2,360,4,74.5,98064,5746,3,3,0,9,1,0,0,7,141,104.0,74.3,92.0,26.9,2.17,0.19,2.36,0.54,0.05,0.59,1.54,9,2.25,,,,4.2,8.2,8.2
168,Marc Guiu,Marc,Guiu Paz,6,4,50,0,0,u,0,Has joined RB Leipzig permanently,2026-09-01T13:24:48.857362Z,0.0,0,0.0,0,0,0.2,0,1162,0,0,0,0,0,0,0,0,0,0.0,0.0,0.0,0.0,0.00,0.00,0.00,0,0,0,0,0,0,,,,0.0,0.0,0.0
169,Mheuka,Shumaira,Mheuka,6,4,45,0,0,a,,,,0.0,0,0.0,0,0,0.4,1205,1319,0,0,0,0,0,0,0,0,0,0.0,0.0,0.0,0.0,0.00,0.00,0.00,0,0,0,0,0,0,,,,0.0,0.0,0.0
170,Emegha,Emmanuel,Emegha,6,4,50,0,0,i,0,Hamstring injury - Expected back 18 Sep,2026-09-09T15:00:09.063849Z,0.0,0,0.0,0,0,0.1,32,1016,0,0,0,0,0,0,0,0,0,0.0,0.0,0.0,0.0,0.00,0.00,0.00,0,0,0,0,0,0,,,,0.0,0.0,0.0
200,Lacroix,Maxence,Lacroix,6,2,60,0,0,a,,,,2.5,10,2.5,274,3,7.7,2471,36746,0,1,0,7,1,0,0,0,29,83.2,12.6,10.0,10.5,0.02,0.21,0.23,0.01,0.07,0.08,1.73,35,11.5,,,,1.7,2.5,2.5
560,Penders,Mike,Penders,6,1,44,-1,0,a,,,,0.0,0,0.0,0,0,0.1,179,175,0,0,0,0,0,0,0,0,0,0.0,0.0,0.0,0.0,0.00,0.00,0.00,0,0,0,0,0,0,,,,0.0,0.0,0.0
561,Anselmino,Aaron,Anselmino,6,2,45,0,0,a,100,,2026-08-23T19:00:08.536705Z,0.0,0,0.0,0,0,0.0,62,54,0,0,0,0,0,0,0,0,0,0.0,0.0,0.0,0.0,0.00,0.00,0.00,0,0,0,0,0,0,,,,0.0,0.0,0.0
568,Barco,Valentín,Barco,6,3,55,0,0,a,,,,0.2,1,0.5,29,0,0.1,156,341,0,0,0,1,1,0,0,0,8,0.0,0.0,4.0,0.2,0.04,0.09,0.13,0.12,0.28,0.4,1.89,3,9.31,,,,0.2,0.2,0.2
583,Chavarria,Pep,Chavarría,6,2,49,-1,0,a,,,,1.0,4,1.0,118,0,0.2,122,455,0,0,0,1,0,0,0,0,10,11.2,2.5,6.0,2.0,0.00,0.03,0.03,0.0,0.02,0.02,1.11,7,5.34,,,,0.8,1.0,1.0
91,Pinnock,Ethan,Pinnock,7,2,45,0,0,a,,,,1.5,6,2.0,192,2,0.1,138,158,0,0,0,7,1,0,0,0,-9,22.0,0.7,6.0,2.9,0.12,0.00,0.12,0.06,0.0,0.06,2.56,25,11.72,,,,1.3,1.5,1.5
104,Onyeka,Frank,Onyeka,7,3,49,-1,0,a,,,,1.5,6,2.0,224,3,0.1,110,317,0,0,0,7,0,0,0,0,24,4.0,2.0,0.0,0.6,0.03,0.02,0.05,0.01,0.01,0.02,2.09,19,7.63,,,,1.2,1.5,1.5
110,Rushworth,Carl,Rushworth,7,1,45,0,0,a,,,,1.2,5,1.2,360,4,0.9,334,1901,0,0,0,10,0,0,7,0,18,43.6,0.0,0.0,4.4,0.00,0.02,0.02,0.0,0.0,0.0,1.88,0,0.0,,,,1.1,1.2,1.2
171,Dovin,Oliver,Dovin,7,1,40,0,0,u,0,Has joined Leyton Orient on loan for the rest of the season,2026-09-02T15:44:14.839336Z,0.0,0,0.0,0,0,1.1,0,2813,0,0,0,0,0,0,0,0,0,0.0,0.0,0.0,0.0,0.00,0.00,0.00,0,0,0,0,0,0,,,,0.0,0.0,0.0
172,Wilson,Ben,Wilson,7,1,45,0,0,a,,,,0.0,0,0.0,0,0,0.4,40,365,0,0,0,0,0,0,0,0,0,0.0,0.0,0.0,0.0,0.00,0.00,0.00,0,0,0,0,0,0,,,,0.0,0.0,0.0
173,Thomas,Bobby,Thomas,7,2,40,0,0,a,,,,3.8,15,3.8,347,4,9.1,10037,13195,0,0,1,9,0,0,0,2,41,60.8,32.7,25.0,11.8,0.43,0.26,0.69,0.11,0.07,0.18,1.81,39,10.12,,,,3.8,3.8,3.8
174,Kitching,Liam,Kitching,7,2,40,0,0,u,0,Has joined Sheffield United on loan for the rest of the season,2026-09-02T16:21:03.612394Z,0.0,0,0.0,0,0,0.4,0,1323,0,0,0,0,0,0,0,0,0,0.0,0.0,0.0,0.0,0.00,0.00,0.00,0,0,0,0,0,0,,,,0.0,0.0,0.0
175,van Ewijk,Milan,van Ewijk,7,2,40,0,0,a,,,,1.5,6,1.5,360,4,10.4,4493,23078,0,0,0,10,1,0,0,0,7,42.8,41.1,10.0,9.4,0.00,0.30,0.30,0.0,0.08,0.08,1.88,27,6.75,,,,1.5,1.5,1.5
176,Dasilva,Jay,Dasilva,7,2,40,0,0,a,,,,1.2,5,1.2,354,4,0.7,253,942,0,0,0,10,0,0,0,0,14,50.8,26.0,17.0,9.5,0.18,0.48,0.66,0.05,0.12,0.17,1.91,19,4.83,,,,1.2,1.2,1.2
177,Kesler-Hayden,Kaine,Kesler-Hayden,7,2,40,0,0,i,0,Hamstring injury - Unknown return date,2026-08-27T14:56:28.704361Z,0.0,0,0.0,0,0,0.0,16,120,0,0,0,0,0,0,0,0,0,0.0,0.0,0.0,0.0,0.00,0.00,0.00,0,0,0,0,0,0,,,,0.0,0.0,0.0
178,Bidwell,Jake,Bidwell,7,2,40,0,0,a,,,,0.0,0,0.0,0,0,0.1,123,166,0,0,0,0,0,0,0,0,0,0.0,0.0,0.0,0.0,0.00,0.00,0.00,0,0,0,0,0,0,,,,0.0,0.0,0.0
179,Latibeaudiere,Joel,Latibeaudiere,7,2,40,0,0,a,,,,0.0,0,0.0,0,0,0.0,52,76,0,0,0,0,0,0,0,0,0,0.0,0.0,0.0,0.0,0.00,0.00,0.00,0,0,0,0,0,0,,,,0.0,0.0,0.0
180,Woolfenden,Luke,Woolfenden,7,2,40,0,0,i,0,Knee injury - Unknown return date,2026-08-27T14:56:28.718566Z,0.0,0,0.0,0,0,0.1,67,311,0,0,0,0,0,0,0,0,0,0.0,0.0,0.0,0.0,0.00,0.00,0.00,0,0,0,0,0,0,,,,0.0,0.0,0.0
181,Brau,Miguel,Brau,7,2,40,0,0,u,0,Has joined Academico de Viseu on loan for the rest of the season,2026-08-29T00:35:59.980316Z,0.0,0,0.0,0,0,0.0,0,67,0,0,0,0,0,0,0,0,0,0.0,0.0,0.0,0.0,0.00,0.00,0.00,0,0,0,0,0,0,,,,0.0,0.0,0.0
182,Amenda,Aurèle,Amenda,7,2,40,0,0,a,,,,1.0,4,1.0,360,4,0.7,619,1045,0,0,0,10,1,0,0,0,-3,44.6,4.2,11.0,6.1,0.02,0.39,0.41,0.0,0.1,0.1,1.88,24,6.0,,,,1.0,1.0,1.0
183,Rudoni,Jack,Rudoni,7,3,50,0,0,a,100,,2026-07-23T12:01:23.481435Z,2.0,8,2.0,224,3,0.1,122,361,0,0,1,4,0,0,0,0,35,26.8,60.0,54.0,14.1,0.83,0.91,1.74,0.33,0.37,0.7,1.46,21,8.44,,5,1,1.6,2.0,2.0
184,Grimes,Matt,Grimes,7,3,49,-1,-1,a,,,,2.0,8,2.0,353,4,0.1,125,529,0,0,0,9,0,0,0,0,45,46.2,26.9,3.0,7.6,0.10,0.07,0.17,0.03,0.02,0.05,1.87,28,7.14,3,1,,1.6,2.0,2.0
185,Sakamoto,Tatsuhiro,Sakamoto,7,3,49,-1,0,a,,,,0.2,1,1.0,31,0,0.1,28,237,0,0,0,1,0,0,0,0,8,6.2,5.9,7.0,1.9,0.02,0.02,0.04,0.06,0.06,0.12,2.0,4,11.61,,,,0.2,0.2,0.2
186,Mason-Clark,Ephron,Mason-Clark,7,3,54,-1,0,a,100,,2026-08-19T18:00:08.310507Z,1.0,4,1.3,186,3,0.1,37,212,0,0,0,3,0,0,0,0,13,4.2,16.8,2.0,2.1,0.49,0.07,0.56,0.24,0.03,0.27,1.24,13,6.29,,,,0.7,1.0,1.0
187,Eccles,Josh,Eccles,7,3,49,-1,0,i,0,Unspecified injury - Expected back 12 Oct,2026-09-10T18:30:08.877110Z,0.0,0,0.0,0,0,0.0,6,97,0,0,0,0,0,0,0,0,0,0.0,0.0,0.0,0.0,0.00,0.00,0.00,0,0,0,0,0,0,,,,0.0,0.0,0.0
188,Torp,Victor,Torp,7,3,54,-1,0,a,,,,0.8,3,1.0,53,0,0.1,10,272,0,0,0,2,0,0,0,0,13,6.8,20.0,0.0,2.6,0.00,0.12,0.12,0.0,0.2,0.2,2.07,3,5.09,2,2,2,0.6,0.8,0.8
189,Shepherd,George,Shepherd,7,3,45,0,0,a,,,,0.0,0,0.0,0,0,0.2,156,603,0,0,0,0,0,0,0,0,0,0.0,0.0,0.0,0.0,0.00,0.00,0.00,0,0,0,0,0,0,,,,0.0,0.0,0.0
190,Tchaouna,Loum,Tchaouna,7,3,54,-1,0,a,,,,1.0,4,1.3,166,2,0.1,16,246,0,0,0,3,0,0,0,0,27,17.0,49.3,29.0,9.6,0.19,0.18,0.37,0.1,0.1,0.2,1.48,15,8.13,,3,,0.7,1.0,1.0
191,Borges Rodrigues,Raphael,Borges Rodrigues,7,3,45,0,0,u,0,Has joined Burton Albion on loan for the rest of the season,2026-09-02T15:44:14.868001Z,0.0,0,0.0,0,0,0.1,0,514,0,0,0,0,0,0,0,0,0,0.0,0.0,0.0,0.0,0.00,0.00,0.00,0,0,0,0,0,0,,,,0.0,0.0,0.0
192,Andrews,Kai,Andrews,7,3,45,0,0,u,0,Has joined Oxford United on loan for the rest of the season,2026-08-29T00:35:59.998520Z,0.0,0,0.0,0,0,0.3,0,1497,0,0,0,0,0,0,0,0,0,0.0,0.0,0.0,0.0,0.00,0.00,0.00,0,0,0,0,0,0,,,,0.0,0.0,0.0
193,Wright,Haji,Wright,7,4,54,-1,0,i,0,Thigh injury - Unknown return date,2026-08-14T22:00:07.214508Z,0.0,0,0.0,0,0,0.1,15,322,0,0,0,0,0,0,0,0,0,0.0,0.0,0.0,0.0,0.00,0.00,0.00,0,0,0,0,0,0,1,,,0.0,0.0,0.0
194,Thomas-Asante,Brandon,Thomas-Asante,7,4,50,0,0,a,,,,1.2,5,1.2,137,1,0.8,1997,2703,0,0,0,6,0,0,0,0,27,8.0,3.4,4.0,1.6,0.21,0.05,0.26,0.14,0.03,0.17,2.55,11,7.23,4,,,1.0,1.2,1.2
195,Simms,Ellis,Simms,7,4,50,0,0,a,,,,0.8,3,1.5,88,1,0.8,820,2665,0,0,0,3,0,0,0,0,10,7.6,22.3,37.0,6.7,0.30,0.01,0.31,0.31,0.01,0.32,2.61,3,3.07,,,,0.6,0.8,0.8
196,Markelo,Jahnoah,Markelo,7,4,50,0,0,u,0,Has joined Shabab Al-Ahli Dubai permanently,2026-08-17T13:53:55.791223Z,0.0,0,0.0,0,0,0.0,0,35,0,0,0,0,0,0,0,0,0,0.0,0.0,0.0,0.0,0.00,0.00,0.00,0,0,0,0,0,0,,,,0.0,0.0,0.0
197,Bassette,Norman,Bassette,7,4,45,0,0,u,0,Has joined KVC Westerlo on loan for the rest of the season,2026-07-28T12:58:50.001768Z,0.0,0,0.0,0,0,0.0,0,89,0,0,0,0,0,0,0,0,0,0.0,0.0,0.0,0.0,0.00,0.00,0.00,0,0,0,0,0,0,,,,0.0,0.0,0.0
492,Awoniyi,Taiwo,Awoniyi,7,4,55,0,0,s,0,Suspended until 19 Oct,2026-09-13T15:00:09.305127Z,0.8,3,0.8,232,3,0.6,463,4364,0,0,0,7,0,1,0,0,11,13.6,35.3,68.0,11.7,1.30,0.04,1.34,0.5,0.02,0.52,1.38,11,4.27,5,,,0.5,0.8,0.0
575,Yirenkyi,Caleb,Yirenkyi,7,3,49,-1,0,a,,,,1.5,6,1.5,175,2,0.2,78,625,0,0,1,5,1,0,0,0,26,10.4,19.4,7.0,3.3,0.03,0.14,0.17,0.02,0.07,0.09,1.63,16,8.23,,,,1.2,1.5,1.5
584,Hamer,Gustavo,Hamer,7,3,54,-1,0,a,,,,0.8,3,1.0,32,0,0.1,24,244,0,0,0,1,0,0,0,0,6,0.6,1.8,0.0,0.3,0.00,0.02,0.02,0.0,0.06,0.06,2.31,3,8.44,,4,,0.6,0.8,0.8
599,Cherif,Sidiki,Cherif,7,4,50,0,0,a,,,,0.2,1,1.0,30,0,0.1,322,323,0,0,0,3,0,0,0,0,3,0.0,0.0,0.0,0.0,0.00,0.00,0.00,0.0,0.0,0.0,4.29,1,3.0,,,,0.2,0.2,0.2
623,Bentley,Dan,Bentley,7,1,40,0,0,a,,,,0.0,0,0.0,0,0,0.5,1662,452,0,0,0,0,0,0,0,0,0,0.0,0.0,0.0,0.0,0.00,0.00,0.00,0,0,0,0,0,0,,,,0.0,0.0,0.0
655,Gboho,Yann,Gboho,7,3,55,0,0,a,,,,0.0,0,0.0,0,0,0.0,46,8,0,0,0,0,0,0,0,0,0,0.0,0.0,0.0,0.0,0.00,0.00,0.00,0,0,0,0,0,0,,,,0.0,2.0,2.0
656,Mfuni,Stephen,Mfuni,7,2,40,0,0,a,,,,0.0,0,0.0,0,0,0.1,3157,459,0,0,0,0,0,0,0,0,0,0.0,0.0,0.0,0.0,0.00,0.00,0.00,0,0,0,0,0,0,,,,0.0,1.1,1.1
42,Guessand,Evann,Guessand,8,3,55,0,0,a,,,,0.5,2,1.0,54,0,0.0,99,248,0,0,0,1,0,0,0,0,6,5.4,2.1,7.0,1.5,0.03,0.03,0.06,0.05,0.05,0.1,0.57,2,3.33,,,,0.4,0.5,0.5
153,Disasi,Axel,Disasi,8,2,45,0,0,s,0,Suspended until 25 Oct,2026-09-12T15:30:09.445078Z,0.2,1,0.3,139,2,0.1,68,1465,0,0,0,6,0,1,0,0,-6,32.6,13.3,2.0,4.8,0.00,0.04,0.04,0.0,0.03,0.03,2.41,20,12.95,,,,0.2,0.2,0.0
198,Henderson,Dean,Henderson,8,1,50,0,0,i,0,Foot injury - Expected back 11 Oct,2026-09-12T14:00:09.378740Z,1.2,5,1.7,270,3,1.8,97,19827,0,0,0,8,0,0,12,0,37,96.8,0.0,0.0,9.6,0.00,0.00,0.00,0.0,0.0,0.0,2.16,0,0.0,,,,1.0,1.2,0.0
199,Benitez,Walter,Benítez,8,1,45,0,0,a,,,,0.5,2,2.0,90,1,0.1,336,185,0,0,0,3,0,0,3,0,3,0.0,0.0,0.0,0.0,0.00,0.00,0.00,0.0,0.0,0.0,1.68,0,0.0,,,,0.4,0.5,0.5
202,Richards,Chris,Richards,8,2,50,0,0,a,,,,1.5,6,1.5,360,4,0.7,522,1908,0,0,0,11,1,0,0,0,19,86.4,1.3,24.0,11.1,0.08,0.06,0.14,0.02,0.02,0.04,2.04,44,11.0,,,,1.2,1.5,1.5
203,Canvot,Jaydee,Canvot,8,2,49,-1,0,a,,,,0.5,2,0.7,270,3,0.2,58,1078,0,0,0,8,0,0,0,0,12,63.2,8.1,5.0,7.6,0.05,0.01,0.06,0.02,0.0,0.02,2.16,24,8.0,,,,0.4,0.5,0.5
204,Mitchell,Tyrick,Mitchell,8,2,45,0,0,a,,,,4.2,17,4.2,329,4,6.5,8440,14861,2,0,0,10,0,0,0,2,38,101.2,46.1,56.0,20.3,0.77,0.24,1.01,0.21,0.07,0.28,1.92,17,4.65,,,,3.8,4.2,4.2
205,Sosa,Borna,Sosa,8,2,45,0,0,u,0,Has joined FC Cologne on loan for the rest of the season,2026-09-02T16:03:25.710518Z,0.0,0,0.0,0,0,0.0,0,87,0,0,0,0,0,0,0,0,0,0.0,0.0,0.0,0.0,0.00,0.00,0.00,0,0,0,0,0,0,,,,0.0,0.0,0.0
206,Chadi Riad,Chadi,Riad Dnanou,8,2,44,-1,0,i,0,Knee injury - Unknown return date,2026-08-22T18:00:07.352049Z,0.2,1,1.0,72,1,0.0,5,114,0,0,0,2,0,0,0,0,7,12.6,1.3,0.0,1.4,0.00,0.01,0.01,0.0,0.01,0.01,1.22,7,8.75,,,,0.2,0.0,0.0
207,Mingueza,Oscar,Mingueza,8,2,44,-1,0,a,,,,0.5,2,1.0,16,0,0.1,70,273,0,0,0,1,0,0,0,0,5,3.2,0.4,0.0,0.3,0.00,0.00,0.00,0.0,0.0,0.0,1.86,2,11.25,,,,0.5,0.5,0.5
208,Sarr,Ismaïla,Sarr,8,3,62,-3,-1,i,0,Groin injury - Unknown return date,2026-08-22T18:00:07.363165Z,0.0,0,0.0,0,0,0.7,21,3957,0,0,0,0,0,0,0,0,0,0.0,0.0,0.0,0.0,0.00,0.00,0.00,0,0,0,0,0,0,2,,,0.0,0.0,0.0
210,Wharton,Adam,Wharton,8,3,55,0,0,a,100,,2026-07-23T12:01:23.498963Z,2.5,10,2.5,346,4,0.8,749,3180,0,0,0,10,0,0,0,0,64,47.8,58.4,2.0,10.9,0.08,0.36,0.44,0.02,0.09,0.11,1.98,34,8.84,,2,,1.8,2.5,2.5
211,Yeremy,Yéremy,Pino Santos,8,3,55,0,0,a,,,,3.0,12,3.0,226,3,0.5,457,2919,0,2,0,6,0,0,0,0,60,20.8,83.1,21.0,12.5,0.36,0.40,0.76,0.14,0.16,0.3,2.26,21,8.36,,1,1,2.2,3.0,3.0
212,Hughes,Will,Hughes,8,3,45,0,0,a,,,,0.5,2,1.0,29,0,8.2,3217,22634,0,0,0,1,0,0,0,0,9,2.4,0.3,0.0,0.3,0.00,0.04,0.04,0.0,0.12,0.12,3.48,7,21.72,,4,,0.4,0.5,0.5
213,Lerma,Jefferson,Lerma Solís,8,3,49,-1,0,a,,,,0.2,1,1.0,6,0,0.1,45,189,0,0,0,1,0,0,0,0,3,0.0,0.0,0.0,0.0,0.00,0.00,0.00,0.0,0.0,0.0,7.2,1,15.0,,,,0.2,0.2,0.2
214,Kamada,Daichi,Kamada,8,3,50,0,0,a,,,,4.5,18,4.5,351,4,0.4,6321,1171,0,3,0,10,1,0,0,0,97,57.6,55.3,13.0,12.6,0.05,0.35,0.40,0.01,0.09,0.1,1.93,28,7.18,,3,,3.6,4.5,4.5
215,Devenny,Justin,Devenny,8,3,50,0,0,u,0,Has joined Stoke City permanently,2026-09-02T15:41:07.346849Z,0.0,0,0.0,0,0,0.0,0,38,0,0,0,0,0,0,0,0,0,0.0,0.0,0.0,0.0,0.00,0.00,0.00,0,0,0,0,0,0,3,,2,0.0,0.0,0.0
216,Esse,Romain,Esse,8,3,50,0,0,u,0,Has joined Millwall on loan for the rest of the season,2026-09-02T15:41:07.376544Z,0.0,0,0.0,0,0,0.0,0,127,0,0,0,0,0,0,0,0,0,0.0,0.0,0.0,0.0,0.00,0.00,0.00,0,0,0,0,0,0,,,,0.0,0.0,0.0
217,M.França,Matheus,França de Oliveira,8,3,49,-1,0,u,0,Has joined Alverca on loan for the rest of the season,2026-09-11T14:42:19.322912Z,0.0,0,0.0,0,0,0.0,0,244,0,0,0,0,0,0,0,0,0,0.0,0.0,0.0,0.0,0.00,0.00,0.00,0,0,0,0,0,0,,,,0.0,0.0,0.0
218,Doucouré,Cheick,Doucouré,8,3,49,-1,0,a,,,,0.0,0,0.0,0,0,0.1,67,223,0,0,0,0,0,0,0,0,0,0.0,0.0,0.0,0.0,0.00,0.00,0.00,0,0,0,0,0,0,,,,0.0,0.0,0.0
219,J.Rak-Sakyi,Jesurun,Rak-Sakyi,8,3,49,-1,0,u,0,has joined  Kasimpasa on loan for the rest of the seaon.,2026-09-10T09:12:47.224598Z,0.0,0,0.0,0,0,0.0,0,49,0,0,0,0,0,0,0,0,0,0.0,0.0,0.0,0.0,0.00,0.00,0.00,0,0,0,0,0,0,,,,0.0,0.0,0.0
220,Cardines,Rio,Cardines,8,2,45,0,0,u,0,Has joined Bristol City on loan for the rest of the season,2026-08-12T14:08:46.501813Z,0.0,0,0.0,0,0,0.0,0,2,0,0,0,0,0,0,0,0,0,0.0,0.0,0.0,0.0,0.00,0.00,0.00,0,0,0,0,0,0,,,,0.0,0.0,0.0
221,Drakes-Thomas,Joél,Drakes-Thomas,8,3,45,0,0,a,,,,0.0,0,0.0,0,0,0.1,97,236,0,0,0,0,0,0,0,0,0,0.0,0.0,0.0,0.0,0.00,0.00,0.00,0,0,0,0,0,0,,,,0.0,0.0,0.0
222,Strand Larsen,Jørgen,Strand Larsen,8,4,60,0,0,a,,,,3.0,12,3.0,217,2,0.6,4281,1579,1,0,0,5,0,0,0,2,59,8.6,4.6,21.0,3.5,0.39,0.03,0.42,0.16,0.01,0.17,2.03,10,4.15,,,,2.0,3.0,3.0
223,Mateta,Jean-Philippe,Mateta,8,4,63,-2,-1,i,0,Hamstring injury - Expected back 11 Oct,2026-08-28T21:00:08.020382Z,0.5,2,2.0,62,1,1.6,54,7940,0,0,0,2,0,0,0,0,-3,1.4,12.3,11.0,2.5,0.70,0.02,0.72,1.02,0.03,1.05,1.42,5,7.26,1,,,0.3,0.0,0.0
224,Nketiah,Eddie,Nketiah,8,4,55,0,0,d,75,Unspecified injury - 75% chance of playing,2026-09-12T14:00:09.427136Z,1.8,7,2.3,167,3,0.7,159,6177,0,1,0,7,0,0,0,0,36,34.2,45.8,50.0,13.0,1.10,0.58,1.68,0.59,0.31,0.9,2.4,11,5.93,,,,1.3,1.8,1.4
225,Uche,Christantus,Uche,8,4,50,0,0,u,0,has returned to Getafe CF,2026-07-23T12:18:56.275922Z,0.0,0,0.0,0,0,0.0,0,0,0,0,0,0,0,0,0,0,0,0.0,0.0,0.0,0.0,0.00,0.00,0.00,0,0,0,0,0,0,,,,0.0,0.0,0.0
241,McNeil,Dwight,McNeil,8,3,54,-1,0,a,,,,0.8,3,1.5,84,1,0.1,38,379,0,0,0,3,0,0,0,0,13,10.0,5.0,2.0,1.7,0.05,0.02,0.07,0.05,0.02,0.07,1.26,7,7.5,,,,0.6,0.8,0.8
555,Matthews,Remi,Matthews,8,1,40,0,0,a,,,,0.0,0,0.0,0,0,1.7,747,1352,0,0,0,0,0,0,0,0,0,0.0,0.0,0.0,0.0,0.00,0.00,0.00,0,0,0,0,0,0,,,,0.0,0.0,0.0
577,Tomiyasu,Takehiro,Tomiyasu,8,2,45,0,0,a,,,,0.5,2,0.7,144,1,0.3,90,711,0,0,0,5,0,0,0,0,6,15.0,3.7,2.0,2.1,0.00,0.02,0.02,0.0,0.01,0.01,2.15,14,8.75,,,,0.4,0.5,0.5
588,Khalaili,Anan,Khalaili,8,2,50,0,0,a,,,,3.2,13,3.2,289,3,0.3,2204,743,1,0,0,8,1,0,0,0,31,72.0,30.3,15.0,11.8,0.96,0.31,1.27,0.3,0.1,0.4,2.21,38,11.83,,,,2.6,3.2,3.2
595,Gozo,Zavier,Gozo,8,3,50,0,0,a,,,,0.5,2,1.0,28,0,0.0,26,39,0,0,0,2,0,0,0,0,6,1.4,1.3,0.0,0.3,0.00,0.00,0.00,0.0,0.0,0.0,2.19,1,3.21,,,,0.4,0.5,0.5
633,Ahanor,Honest,Ahanor,8,2,45,0,0,a,,,,1.5,3,3.0,90,1,0.0,234,40,0,0,0,3,0,0,0,0,10,0.0,0.0,0.0,0.0,0.00,0.01,0.01,0.0,0.01,0.01,1.68,11,11.0,,,,0.7,1.5,1.5
643,Chilwell,Ben,Chilwell,8,2,45,0,0,a,,,,4.0,8,4.0,29,0,0.5,1163,2275,1,0,0,1,0,0,0,0,21,33.2,0.7,17.0,5.1,0.27,0.01,0.28,0.84,0.03,0.87,3.48,1,3.1,,,,1.8,4.0,4.0
644,Timber,Quinten,Timber,8,3,50,0,0,a,,,,3.0,6,3.0,163,2,0.0,422,128,0,0,0,5,0,0,0,0,32,4.2,0.2,1.0,0.5,0.12,0.03,0.15,0.07,0.02,0.09,2.35,22,12.15,,,,1.2,3.0,3.0
647,Osorio,Darío,Osorio,8,3,55,0,0,a,,,,0.5,1,1.0,1,0,0.0,28,51,0,0,0,0,0,0,0,0,2,2.0,0.3,0.0,0.2,0.00,0.00,0.00,0.0,0.0,0.0,11.7,1,90.0,,,,0.2,0.5,0.5
21,Nørgaard,Christian,Nørgaard,9,3,49,-1,0,i,0,Groin injury - Unknown return date,2026-08-15T20:00:06.779594Z,0.0,0,0.0,0,0,0.0,14,201,0,0,0,0,0,0,0,0,0,0.0,0.0,0.0,0.0,0.00,0.00,0.00,0,0,0,0,0,0,,,,0.0,0.0,0.0
209,Johnson,Brennan,Johnson,9,3,59,-1,0,a,,,,1.5,6,1.5,173,2,0.1,346,341,0,0,1,1,1,0,0,0,20,11.8,23.2,9.0,4.4,0.21,0.22,0.43,0.11,0.11,0.22,1.39,18,9.36,,,,1.0,1.5,1.5
226,Pickford,Jordan,Pickford,9,1,55,0,0,a,,,,4.2,17,4.2,360,4,8.7,15785,9627,0,0,2,3,0,0,11,0,87,72.6,0.0,0.0,7.3,0.00,0.02,0.02,0.0,0.0,0.0,1.38,0,0.0,,,,3.1,4.2,4.2
227,Travers,Mark,Travers,9,1,50,0,0,a,,,,0.0,0,0.0,0,0,0.0,151,126,0,0,0,0,0,0,0,0,0,0.0,0.0,0.0,0.0,0.00,0.00,0.00,0,0,0,0,0,0,,,,0.0,0.0,0.0
228,King,Tom,King,9,1,45,0,0,a,,,,0.0,0,0.0,0,0,0.0,51,65,0,0,0,0,0,0,0,0,0,0.0,0.0,0.0,0.0,0.00,0.00,0.00,0,0,0,0,0,0,,,,0.0,0.0,0.0
229,Tarkowski,James,Tarkowski,9,2,60,0,0,a,,,,7.2,29,7.2,360,4,12.4,84482,7849,1,0,2,3,0,0,0,4,95,94.4,13.1,29.0,13.6,0.17,0.03,0.20,0.04,0.01,0.05,1.38,39,9.75,,,,4.8,7.2,7.2
230,Branthwaite,Jarrad,Branthwaite,9,2,55,0,0,a,,,,4.8,19,4.8,360,4,2.0,10000,2455,0,0,2,3,0,0,0,0,70,82.8,2.9,73.0,15.8,0.17,0.02,0.19,0.04,0.0,0.04,1.38,40,10.0,,,,3.5,4.8,4.8
231,Keane,Michael,Keane,9,2,48,-2,-1,a,,,,0.0,0,0.0,0,0,0.8,431,3364,0,0,0,0,0,0,0,0,0,0.0,0.0,0.0,0.0,0.00,0.00,0.00,0,0,0,0,0,0,,,,0.0,0.0,0.0
232,O'Brien,Jake,O'Brien,9,2,49,-1,0,a,,,,0.2,1,1.0,15,0,0.3,204,682,0,0,0,0,0,0,0,0,2,0.0,0.0,0.0,0.0,0.00,0.00,0.00,0.0,0.0,0.0,1.56,1,6.0,,,,0.2,0.2,0.2
233,Mykolenko,Vitalii,Mykolenko,9,2,45,0,0,a,,,,5.5,22,5.5,360,4,2.5,50419,2889,0,0,2,3,0,0,0,3,80,62.4,17.3,2.0,8.2,0.00,0.14,0.14,0.0,0.04,0.04,1.38,33,8.25,,,,4.9,5.5,5.5
234,Patterson,Nathan,Patterson,9,2,45,0,0,u,0,Has joined Torino permanently,2026-09-02T16:05:23.326971Z,0.0,0,0.0,0,0,0.0,0,108,0,0,0,0,0,0,0,0,0,0.0,0.0,0.0,0.0,0.00,0.00,0.00,0,0,0,0,0,0,,,,0.0,0.0,0.0
235,Aznou,Adam,Aznou,9,2,40,0,0,u,0,Has joined Malaga on loan for the rest of the season,2026-09-01T13:23:16.934847Z,0.0,0,0.0,0,0,0.1,0,462,0,0,0,0,0,0,0,0,0,0.0,0.0,0.0,0.0,0.00,0.00,0.00,0,0,0,0,0,0,,,,0.0,0.0,0.0
236,Dewsbury-Hall,Kiernan,Dewsbury-Hall,9,3,65,0,0,a,,,,4.2,17,4.2,360,4,4.8,24406,14297,1,0,2,3,1,0,0,3,100,86.2,110.6,69.0,26.6,0.62,0.49,1.11,0.16,0.12,0.28,1.36,35,8.75,,2,,2.6,4.2,4.2
238,Grealish,Jack,Grealish,9,3,65,0,0,a,100,,2026-07-29T10:00:10.492904Z,0.8,3,1.0,57,0,0.4,1980,1551,0,0,0,1,0,0,0,0,14,7.0,12.9,10.0,3.0,0.02,0.14,0.16,0.03,0.22,0.25,0.96,6,9.47,,,,0.5,0.8,0.8
239,Garner,James,Garner,9,3,60,0,0,a,100,,2026-09-06T18:00:08.301702Z,2.0,8,2.0,238,3,0.1,1523,423,0,0,1,2,2,0,0,0,57,17.8,44.0,2.0,6.5,0.04,0.13,0.17,0.02,0.05,0.07,0.76,36,13.61,2,1,1,1.3,2.0,2.0
242,George,Tyrique,George,9,3,55,0,0,a,,,,4.5,18,4.5,298,4,0.7,9390,1954,1,0,2,3,0,0,0,3,73,57.2,70.0,66.0,19.3,0.32,0.31,0.63,0.1,0.09,0.19,1.01,16,4.83,,,,3.3,4.5,4.5
243,Alcaraz,Carlos,Alcaraz Durán,9,3,49,-1,0,a,,,,0.2,1,0.5,5,0,0.1,112,280,0,0,0,0,1,0,0,0,5,5.0,0.8,25.0,2.7,0.05,0.02,0.07,0.9,0.36,1.26,0.72,3,54.0,,,,0.2,0.2,0.2
244,Armstrong,Harrison,Armstrong,9,3,50,0,0,a,,,,3.5,14,3.5,356,4,0.4,1994,1657,0,1,2,3,1,0,0,0,48,45.2,33.7,13.0,9.3,0.09,0.12,0.21,0.02,0.03,0.05,1.39,35,8.85,,,,2.8,3.5,3.5
245,Dibling,Tyler,Dibling,9,3,54,-1,0,a,,,,0.0,0,0.0,0,0,0.0,41,92,0,0,0,0,0,0,0,0,0,0.0,0.0,0.0,0.0,0.00,0.00,0.00,0,0,0,0,0,0,,,,0.0,0.0,0.0
246,Röhl,Merlin,Röhl,9,3,50,0,0,a,,,,1.5,6,2.0,249,3,0.0,77,266,0,0,1,2,1,0,0,0,35,26.6,32.1,2.0,6.1,0.00,0.20,0.20,0.0,0.07,0.07,1.63,24,8.67,,,,1.2,1.5,1.5
247,Hackney,Hayden,Hackney,9,3,55,0,0,a,100,,2026-08-26T22:00:07.797766Z,2.2,9,2.2,136,1,0.2,180,508,0,1,1,1,0,0,0,0,36,37.0,39.1,17.0,9.3,0.05,0.13,0.18,0.03,0.09,0.12,2.48,12,7.94,,3,,1.6,2.2,2.2
248,Beto,Norberto Bercique,Gomes Betuncal,9,4,54,-1,0,u,0,Has joined Fiorentina permanently,2026-09-02T16:05:23.357221Z,0.5,2,1.0,31,0,0.8,0,7234,0,0,0,0,0,0,0,0,5,3.0,0.3,5.0,0.8,0.09,0.00,0.09,0.26,0.0,0.26,5.57,1,2.9,,,,0.4,0.0,0.0
249,Barry,Thierno,Barry,9,4,56,1,0,a,,,,3.5,14,3.5,327,4,6.4,31609,16266,1,0,2,3,0,0,0,2,55,48.2,45.7,123.0,21.7,2.98,0.14,3.12,0.82,0.04,0.86,0.99,12,3.3,1,,,2.5,3.5,3.5
649,Maitland-Niles,Ainsley,Maitland-Niles,9,2,45,0,0,a,,,,6.5,13,6.5,87,1,0.5,13952,1033,1,0,1,1,0,0,0,0,36,33.4,0.8,7.0,4.1,0.06,0.14,0.20,0.06,0.14,0.2,0.74,5,5.17,,,,2.9,6.5,6.5
654,Graham,Braiden,Graham,9,3,45,0,0,a,,,,0.0,0,0.0,0,0,0.1,820,590,0,0,0,0,0,0,0,0,0,0.0,0.0,0.0,0.0,0.00,0.00,0.00,0,0,0,0,0,0,,,,0.0,0.0,0.0
250,Leno,Bernd,Leno,10,1,45,0,0,a,,,,3.8,15,3.8,360,4,3.0,9247,3172,0,0,1,7,0,0,11,2,59,67.6,0.0,0.0,6.8,0.00,0.00,0.00,0.0,0.0,0.0,1.88,0,0.0,,,,3.3,3.8,3.8
251,Lecomte,Benjamin,Lecomte,10,1,40,0,0,a,,,,0.0,0,0.0,0,0,1.1,821,871,0,0,0,0,0,0,0,0,0,0.0,0.0,0.0,0.0,0.00,0.00,0.00,0,0,0,0,0,0,,,,0.0,0.0,0.0
252,McNally,Alfie,McNally,10,1,40,0,0,u,0,Has joined York City on loan for the rest of the season,2026-09-01T13:25:11.231240Z,0.0,0,0.0,0,0,0.1,0,256,0,0,0,0,0,0,0,0,0,0.0,0.0,0.0,0.0,0.00,0.00,0.00,0,0,0,0,0,0,,,,0.0,0.0,0.0
253,Andersen,Joachim,Andersen,10,2,50,0,0,a,100,,2026-07-23T12:01:23.516350Z,0.5,2,1.0,180,2,0.1,460,490,0,0,0,4,1,0,0,0,12,42.2,35.8,8.0,8.6,0.00,0.10,0.10,0.0,0.05,0.05,2.0,15,7.5,,,,0.4,0.5,0.5
254,Robinson,Antonee,Robinson,10,2,45,0,0,a,,,,2.5,10,2.5,339,4,1.4,2618,2214,0,0,1,7,0,0,0,0,46,46.0,54.6,12.0,11.2,0.26,0.21,0.47,0.07,0.06,0.13,1.99,24,6.37,2,,,2.2,2.5,2.5
255,J.Cuenca,Jorge,Cuenca Barreno,10,2,45,0,0,a,,,,0.8,3,3.0,90,1,0.0,24,88,0,0,0,3,0,0,0,0,7,32.8,21.3,0.0,5.4,0.00,0.03,0.03,0.0,0.03,0.03,2.24,10,10.0,,,,0.7,0.8,0.8
256,Tete,Kenny,Tete,10,2,44,-1,0,a,,,,0.0,0,0.0,27,0,0.2,99,397,0,0,0,0,1,0,0,0,-1,0.0,0.0,0.0,0.0,0.00,0.00,0.00,0.0,0.0,0.0,2.17,3,10.0,,,,0.0,0.0,0.0
257,Bassey,Calvin,Bassey,10,2,45,0,0,a,,,,2.2,9,2.2,360,4,0.7,1102,792,0,0,1,7,1,0,0,0,43,47.0,12.8,2.0,6.2,0.07,0.07,0.14,0.02,0.02,0.04,1.88,21,5.25,,,,2.0,2.2,2.2
258,Castagne,Timothy,Castagne,10,2,45,0,0,a,,,,4.8,19,4.8,318,4,0.8,3931,1402,0,2,2,6,1,0,0,0,61,58.6,52.6,53.0,16.4,0.67,0.38,1.05,0.19,0.11,0.3,1.47,20,5.66,,,,4.2,4.8,4.8
261,Iwobi,Alex,Iwobi,10,3,54,-1,0,a,,,,2.2,9,2.2,338,4,0.7,704,2462,0,0,1,7,0,0,0,0,67,32.0,70.5,13.0,11.6,0.20,0.81,1.01,0.05,0.22,0.27,1.87,22,5.86,3,1,1,1.7,2.2,2.2
262,Smith Rowe,Emile,Smith Rowe,10,3,54,-1,0,a,,,,0.8,3,1.0,38,0,0.3,127,928,0,0,0,0,0,0,0,0,11,5.4,23.3,9.0,3.8,0.06,0.02,0.08,0.14,0.05,0.19,2.06,3,7.11,,,,0.6,0.8,0.8
263,Kevin,Kevin,Santos Lopes de Macedo,10,3,53,-2,-1,a,,,,0.8,3,1.0,42,0,0.0,139,174,0,0,0,0,0,0,0,0,8,5.2,3.4,0.0,0.8,0.03,0.12,0.15,0.06,0.26,0.32,1.59,6,12.86,,4,,0.6,0.8,0.8
264,Bobb,Oscar,Bobb,10,3,55,0,0,a,,,,2.5,10,2.5,273,4,0.3,538,1012,0,0,2,6,0,0,0,0,47,28.0,85.0,65.0,17.8,0.32,1.05,1.37,0.11,0.35,0.46,1.67,22,7.25,,2,,1.8,2.5,2.5
265,Berge,Sander,Berge,10,3,49,-1,0,a,,,,2.0,8,2.0,273,3,0.3,512,762,0,0,1,5,0,0,0,0,51,22.8,53.9,9.0,8.6,0.03,0.34,0.37,0.01,0.11,0.12,2.04,17,5.6,,,,1.6,2.0,2.0
266,Cairney,Tom,Cairney,10,3,50,0,0,i,0,Knee injury - Expected back 10 Oct,2026-08-14T18:00:06.460944Z,0.0,0,0.0,0,0,0.0,6,8,0,0,0,0,0,0,0,0,0,0.0,0.0,0.0,0.0,0.00,0.00,0.00,0,0,0,0,0,0,,,,0.0,0.0,0.0
268,King,Josh,King,10,3,55,0,0,a,,,,5.5,22,5.5,346,4,1.3,17379,4457,2,0,1,7,0,0,0,3,99,96.8,46.1,96.0,23.9,1.16,0.43,1.59,0.3,0.11,0.41,1.83,23,5.98,,,,4.0,5.5,5.5
269,Sessegnon,Ryan,Sessegnon,10,2,44,-1,0,a,,,,0.8,3,1.0,50,0,0.3,146,893,0,0,0,1,0,0,0,0,13,17.2,26.3,31.0,7.5,0.13,0.44,0.57,0.23,0.79,1.02,3.24,3,5.4,,3,,0.7,0.8,0.8
270,Reed,Harrison,Reed,10,3,45,0,0,a,,,,0.0,0,0.0,0,0,1.1,548,3590,0,0,0,0,0,0,0,0,0,0.0,0.0,0.0,0.0,0.00,0.00,0.00,0,0,0,0,0,0,,,,0.0,0.0,0.0
271,Muniz,Rodrigo,Muniz Carvalho,10,4,54,-1,0,a,,,,0.8,3,1.0,28,0,0.4,781,1348,0,0,0,0,0,0,0,0,15,9.2,21.6,34.0,6.5,0.40,0.00,0.40,1.29,0.0,1.29,1.58,2,6.43,,,,0.6,0.8,0.8
272,Kusi-Asare,Jonah,Kusi-Asare,10,4,45,0,0,a,,,,0.0,0,0.0,0,0,6.0,6269,12654,0,0,0,0,0,0,0,0,0,0.0,0.0,0.0,0.0,0.00,0.00,0.00,0,0,0,0,0,0,,,,0.0,0.0,0.0
569,Gonzalo,Gonzalo,García,10,4,60,0,0,a,,,,3.0,12,3.0,346,4,3.8,6142,17820,1,0,1,7,0,0,0,0,50,48.6,21.1,103.0,17.3,1.64,0.25,1.89,0.43,0.07,0.5,1.83,16,4.16,1,,,2.0,3.0,3.0
570,Palacios,César,Palacios,10,3,55,0,0,a,,,,2.8,11,3.7,207,3,0.2,100,671,1,0,0,6,1,0,0,1,43,39.6,22.3,62.0,12.4,0.98,0.03,1.01,0.43,0.01,0.44,2.16,13,5.65,,,,2.0,2.8,2.8
580,Charles,Shea,Charles,10,3,50,0,0,a,,,,2.2,9,2.2,213,2,0.1,176,133,0,0,1,4,0,0,0,0,44,16.4,39.3,14.0,7.0,0.09,0.14,0.23,0.04,0.06,0.1,2.13,33,13.94,,,,1.8,2.2,2.2
610,De Fougerolles,Luc,De Fougerolles,10,2,40,0,0,u,0,has joined  Real Salt Lake on loan for the rest of the seaon.,2026-08-28T11:30:08.336405Z,0.0,0,0.0,0,0,0.1,0,359,0,0,0,0,0,0,0,0,0,0.0,0.0,0.0,0.0,0.00,0.00,0.00,0,0,0,0,0,0,,,,0.0,0.0,0.0
626,Zepa,Macaulay,Zepa,10,3,45,0,0,a,,,,0.0,0,0.0,0,0,0.3,565,1392,0,0,0,0,0,0,0,0,0,0.0,0.0,0.0,0.0,0.00,0.00,0.00,0,0,0,0,0,0,,,,0.0,0.0,0.0
635,Larsson,Hugo,Larsson,10,3,50,0,0,a,,,,1.0,2,1.0,24,0,0.0,43,29,0,0,0,0,0,0,0,0,6,3.6,1.3,9.0,1.4,0.13,0.23,0.36,0.49,0.86,1.35,1.72,2,7.5,,,,0.4,1.0,1.0
636,Ángel,Manuel Ángel,Morán Ibáñez,10,3,50,0,0,a,,,,0.0,0,0.0,0,0,0.0,19,17,0,0,0,0,0,0,0,0,0,0.0,0.0,0.0,0.0,0.00,0.00,0.00,0,0,0,0,0,0,,,,0.0,0.0,0.0
650,Affengruber,David,Affengruber,10,2,45,0,0,a,,,,4.0,8,8.0,90,1,0.0,673,97,0,0,1,0,0,0,0,0,23,0.0,0.0,0.0,0.0,0.00,0.00,0.00,0.0,0.0,0.0,1.28,12,12.0,,,,1.8,4.0,4.0
240,Iroegbunam,Tim,Iroegbunam,11,3,50,0,0,a,100,,2026-08-15T20:00:06.878792Z,0.2,1,0.5,25,0,0.0,116,73,0,0,0,0,1,0,0,0,4,0.0,0.0,0.0,0.0,0.00,0.00,0.00,0.0,0.0,0.0,1.26,2,7.2,,,,0.2,0.2,0.2
273,Phillips,Dillon,Phillips,11,1,40,0,0,a,,,,0.0,0,0.0,0,0,1.4,1085,1506,0,0,0,0,0,0,0,0,0,0.0,0.0,0.0,0.0,0.00,0.00,0.00,0,0,0,0,0,0,,,,0.0,0.0,0.0
274,Butland,Jack,Butland,11,1,45,0,0,i,0,Arm injury - Unknown return date,2026-08-08T19:00:05.601633Z,0.0,0,0.0,0,0,0.1,24,179,0,0,0,0,0,0,0,0,0,0.0,0.0,0.0,0.0,0.00,0.00,0.00,0,0,0,0,0,0,,,,0.0,0.0,0.0
275,Cartwright,Harvey,Cartwright,11,1,40,0,0,u,0,Has joined Grimsby Town on loan for the rest of the season,2026-07-29T13:00:27.959925Z,0.0,0,0.0,0,0,0.0,0,17,0,0,0,0,0,0,0,0,0,0.0,0.0,0.0,0.0,0.00,0.00,0.00,0,0,0,0,0,0,,,,0.0,0.0,0.0
276,Lo-Tutala,Thimothée,Lo-Tutala,11,1,40,0,0,u,0,Has joined Colchester United on loan for the rest of the season,2026-08-17T13:50:27.125537Z,0.0,0,0.0,0,0,0.0,0,47,0,0,0,0,0,0,0,0,0,0.0,0.0,0.0,0.0,0.00,0.00,0.00,0,0,0,0,0,0,,,,0.0,0.0,0.0
277,Egan,John,Egan,11,2,41,1,0,a,,,,6.2,25,6.2,360,4,6.6,29044,8369,0,0,3,2,1,0,0,1,69,82.6,0.6,2.0,8.6,0.04,0.00,0.04,0.01,0.0,0.01,1.49,55,13.75,,,,6.1,6.2,6.2
278,Hughes,Charlie,Hughes,11,2,39,-1,-1,i,0,Groin injury - Unknown return date,2026-08-02T09:00:11.030017Z,0.0,0,0.0,0,0,0.1,5695,948,0,0,0,0,0,0,0,0,0,0.0,0.0,0.0,0.0,0.00,0.00,0.00,0,0,0,0,0,0,,,,0.0,0.0,0.0
279,Ajayi,Semi,Ajayi,11,2,42,2,0,a,100,,2026-08-22T17:30:07.668197Z,6.5,26,6.5,333,4,13.3,84176,17033,1,0,3,2,1,0,0,2,74,70.8,1.7,35.0,10.7,0.65,0.00,0.65,0.18,0.0,0.18,1.35,23,6.22,,,,6.2,6.5,6.5
280,Coyle,Lewie,Coyle,11,2,40,0,0,a,100,,2026-08-29T16:30:08.151841Z,3.2,13,3.2,258,4,0.6,3084,817,0,0,2,2,1,0,0,0,46,11.8,16.2,0.0,2.8,0.13,0.03,0.16,0.05,0.01,0.06,1.67,9,3.14,,,,3.2,3.2,3.2
281,Drameh,Cody,Drameh,11,2,40,0,0,u,0,Has joined Genoa permanently,2026-09-02T16:09:06.479140Z,0.5,2,1.0,65,0,0.0,0,198,0,0,0,0,0,0,0,0,8,6.4,0.4,1.0,0.8,0.05,0.00,0.05,0.07,0.0,0.07,1.2,6,8.31,,,,0.5,0.0,0.0
282,Giles,Ryan,Giles,11,2,40,0,0,a,,,,6.0,24,6.0,354,4,2.1,40680,3313,0,1,3,2,0,0,0,2,95,38.2,60.2,6.0,10.5,0.02,0.35,0.37,0.01,0.09,0.1,1.5,19,4.83,,3,1,6.0,6.0,6.0
283,Jacob,Matty,Jacob,11,2,40,0,0,u,0,Has joined Newport County on loan until January,2026-08-02T09:00:11.038361Z,0.0,0,0.0,0,0,0.0,0,30,0,0,0,0,0,0,0,0,0,0.0,0.0,0.0,0.0,0.00,0.00,0.00,0,0,0,0,0,0,,,,0.0,0.0,0.0
284,McCarthy,Cathal,McCarthy,11,2,40,0,0,a,,,,0.0,0,0.0,0,0,0.1,358,234,0,0,0,0,0,0,0,0,0,0.0,0.0,0.0,0.0,0.00,0.00,0.00,0,0,0,0,0,0,,,,0.0,0.0,0.0
285,McNair,Paddy,McNair,11,2,40,0,0,a,100,,2026-09-09T13:30:08.327907Z,0.2,1,1.0,26,0,0.1,172,224,0,0,0,0,0,0,0,0,3,4.2,0.0,0.0,0.4,0.00,0.00,0.00,0.0,0.0,0.0,3.32,2,6.92,,,,0.2,0.2,0.2
286,Belloumi,Mohamed,Belloumi,11,3,50,0,0,a,,,,6.8,27,6.8,312,4,2.1,106542,4668,2,1,3,1,0,0,0,2,89,56.6,26.7,28.0,11.1,0.37,0.12,0.49,0.11,0.03,0.14,1.48,33,9.52,,2,2,5.4,6.8,6.8
287,Millar,Liam,Millar,11,3,50,0,0,u,0,Has joined Birmingham on loan for the rest of the season,2026-09-02T15:36:41.038103Z,1.5,6,3.0,50,0,0.0,0,325,1,0,0,0,1,0,0,0,26,36.0,1.1,15.0,5.2,0.58,0.00,0.58,1.04,0.0,1.04,1.57,4,7.2,,,,1.2,0.0,0.0
288,Dowell,Kieran,Dowell,11,3,45,0,0,a,,,,0.0,0,0.0,0,0,0.3,371,1203,0,0,0,0,0,0,0,0,0,0.0,0.0,0.0,0.0,0.00,0.00,0.00,0,0,0,0,0,0,,,,0.0,0.0,0.0
289,Crooks,Matt,Crooks,11,3,45,0,0,a,100,,2026-08-29T15:00:08.569326Z,0.8,3,1.5,158,2,0.5,1163,1400,0,0,1,2,2,0,0,0,11,19.0,2.4,0.0,2.1,0.00,0.00,0.00,0.0,0.0,0.0,1.36,19,10.82,,,,0.7,0.8,0.8
290,Slater,Regan,Slater,11,3,45,0,0,a,,,,3.2,13,3.2,360,4,5.6,18545,13837,0,1,3,2,1,0,0,0,58,38.8,34.4,10.0,8.4,0.08,0.56,0.64,0.02,0.14,0.16,1.49,30,7.5,,1,,2.9,3.2,3.2
291,Matazo,Eliot,Matazo,11,3,45,0,0,i,0,Knee injury - Unknown return date,2026-07-23T12:01:23.532635Z,0.0,0,0.0,0,0,0.0,13,22,0,0,0,0,0,0,0,0,0,0.0,0.0,0.0,0.0,0.00,0.00,0.00,0,0,0,0,0,0,,,,0.0,0.0,0.0
292,Ömür,Abdülkadir,Ömür,11,3,49,-1,0,a,,,,0.0,0,0.0,0,0,0.0,85,99,0,0,0,0,0,0,0,0,0,0.0,0.0,0.0,0.0,0.00,0.00,0.00,0,0,0,0,0,0,,,,0.0,0.0,0.0
293,Kamara,Abu,Kamara,11,3,50,0,0,u,0,Has joined Portsmouth permanently,2026-08-12T14:08:23.542043Z,0.0,0,0.0,0,0,0.0,0,12,0,0,0,0,0,0,0,0,0,0.0,0.0,0.0,0.0,0.00,0.00,0.00,0,0,0,0,0,0,,,,0.0,0.0,0.0
294,Zambrano,Óscar,Zambrano,11,3,45,0,0,a,100,,2026-08-04T18:30:11.016909Z,0.0,0,0.0,0,0,0.1,423,283,0,0,0,0,0,0,0,0,0,0.0,0.0,0.0,0.0,0.00,0.00,0.00,0,0,0,0,0,0,,,,0.0,0.0,0.0
295,McBurnie,Oli,McBurnie,11,4,55,0,0,a,,,,3.0,12,3.0,351,4,1.9,9261,5840,0,2,3,2,2,0,0,0,47,20.6,45.7,75.0,14.1,0.87,0.11,0.98,0.22,0.03,0.25,1.48,15,3.85,1,,,2.2,3.0,3.0
296,Akintola,David,Akintola,11,3,50,0,0,u,0,Has joined Omonoia FC permanently,2026-09-11T14:42:38.120231Z,0.0,0,0.0,0,0,0.0,0,477,0,0,0,0,0,0,0,0,0,0.0,0.0,0.0,0.0,0.00,0.00,0.00,0,0,0,0,0,0,,,,0.0,0.0,0.0
297,Gyabi,Darko,Gyabi,11,3,45,0,0,i,0,Thigh injury - Unknown return date,2026-08-04T18:30:11.027155Z,0.0,0,0.0,0,0,0.0,12,61,0,0,0,0,0,0,0,0,0,0.0,0.0,0.0,0.0,0.00,0.00,0.00,0,0,0,0,0,0,,,,0.0,0.0,0.0
298,Destan,Enis,Destan,11,4,45,0,0,u,0,Has joined Konyaspor permanently,2026-08-17T13:50:27.145733Z,0.0,0,0.0,0,0,0.2,0,737,0,0,0,0,0,0,0,0,0,0.0,0.0,0.0,0.0,0.00,0.00,0.00,0,0,0,0,0,0,,,,0.0,0.0,0.0
299,Burstow,Mason,Burstow,11,4,45,0,0,u,0,Has joined Sheffield Wednesday on loan for the rest of the season,2026-08-03T14:05:20.234842Z,0.0,0,0.0,0,0,0.0,0,119,0,0,0,0,0,0,0,0,0,0.0,0.0,0.0,0.0,0.00,0.00,0.00,0,0,0,0,0,0,,,,0.0,0.0,0.0
340,Gelhardt,Joe,Gelhardt,11,3,50,0,0,a,100,,2026-08-17T21:30:07.799839Z,0.0,0,0.0,0,0,0.0,88,64,0,0,0,0,0,0,0,0,0,0.0,0.0,0.0,0.0,0.00,0.00,0.00,0,0,0,0,0,0,,,,0.0,0.0,0.0
556,Targett,Matt,Targett,11,2,40,0,0,a,,,,0.2,1,1.0,5,0,1.9,1527,4193,0,0,0,0,0,0,0,0,3,0.4,0.0,0.0,0.0,0.00,0.00,0.00,0.0,0.0,0.0,1.26,0,0.0,,,,0.2,0.2,0.2
563,Morita,Hidemasa,Morita,11,3,50,0,0,i,0,Calf injury - Expected back 11 Oct,2026-09-09T14:00:08.474217Z,0.2,1,1.0,45,1,0.0,1,153,0,0,0,0,0,0,0,0,6,11.0,13.4,0.0,2.4,0.00,0.00,0.00,0.0,0.0,0.0,2.18,3,6.0,,,,0.2,0.0,0.0
572,Tzolakis,Konstantinos,Tzolakis,11,1,46,1,0,a,,,,7.0,28,7.0,360,4,10.5,45079,12843,0,0,3,2,0,0,14,6,113,72.4,0.0,0.0,7.3,0.00,0.00,0.00,0.0,0.0,0.0,1.49,0,0.0,,,,6.1,7.0,7.0
574,Hjertø-Dahl,Jens,Hjertø-Dahl,11,3,49,-1,0,a,,,,0.2,1,1.0,8,0,0.1,73,230,0,0,0,0,0,0,0,0,4,0.0,0.0,0.0,0.0,0.00,0.00,0.00,0.0,0.0,0.0,0.0,1,11.25,,,,0.2,0.2,0.2
576,Stroud,Elliot,Stroud,11,3,50,0,0,a,,,,1.8,7,1.8,249,4,0.1,148,205,0,0,2,1,1,0,0,0,17,8.4,20.9,11.0,3.6,0.06,0.05,0.11,0.02,0.02,0.04,1.56,20,7.23,,,,1.4,1.8,1.8
585,Herrington,Lucas,Herrington,11,2,40,0,0,a,,,,1.0,4,1.0,107,0,0.6,1009,755,0,0,0,1,0,0,0,0,8,17.6,0.3,0.0,1.8,0.00,0.01,0.01,0.0,0.01,0.01,1.61,8,6.73,,,,1.0,1.0,1.0
586,Mendy,Nobel,Mendy,11,2,41,1,0,d,50,Concussion - 50% chance of playing,2026-09-12T18:00:09.334142Z,6.2,25,6.2,249,4,7.8,10031,38331,1,0,2,1,0,0,0,1,69,95.6,1.2,54.0,15.1,0.32,0.00,0.32,0.12,0.0,0.12,1.45,39,14.1,,,,6.1,6.2,3.1
589,Gourna-Douath,Lucas,Gourna-Douath,11,3,50,0,0,a,,,,0.8,3,1.5,126,1,0.0,39,68,0,0,1,0,1,0,0,0,13,26.2,22.5,0.0,4.9,0.00,0.02,0.02,0.0,0.01,0.01,1.52,16,11.43,,,,0.6,0.8,0.8
617,Cho,Mohamed-Ali,Cho,11,3,50,0,0,a,,,,1.0,3,1.0,45,0,0.0,79,64,0,0,0,1,0,0,0,0,11,3.4,0.3,17.0,2.1,0.52,0.16,0.68,1.04,0.32,1.36,1.64,2,4.0,,,,0.6,1.0,1.0
632,Ansah,Ilyas,Ansah,11,4,50,0,0,i,0,Back injury - Unknown return date,2026-09-09T10:00:08.919489Z,0.0,0,0.0,0,0,0.0,39,453,0,0,0,0,0,0,0,0,0,0.0,0.0,0.0,0.0,0.00,0.00,0.00,0,0,0,0,0,0,,,,0.0,0.0,0.0
637,Vaz,Robinio,Vaz,11,4,50,0,0,a,,,,0.5,1,1.0,8,0,0.1,1389,317,0,0,0,0,0,0,0,0,3,0.0,0.0,0.0,0.0,0.00,0.00,0.00,0.0,0.0,0.0,2.02,1,11.25,,,,0.2,0.5,0.5
638,Norton-Cuffy,Brooke,Norton-Cuffy,11,2,40,0,0,a,,,,0.5,1,0.5,34,0,0.3,1906,873,0,0,0,0,1,0,0,0,3,2.2,0.3,2.0,0.5,0.05,0.00,0.05,0.13,0.0,0.13,0.79,1,2.65,,,,0.2,0.5,0.5
642,Thomas,Sorba,Thomas,11,3,55,0,0,a,,,,1.0,2,1.0,57,0,0.0,281,118,0,0,0,1,0,0,0,0,11,3.2,10.8,0.0,1.4,0.02,0.07,0.09,0.03,0.11,0.14,1.2,5,7.89,,,,0.4,1.0,1.0
645,Mouzakitis,Christos,Mouzakitis,11,3,50,0,0,a,,,,0.0,0,0.0,0,0,0.0,63,32,0,0,0,0,0,0,0,0,0,0.0,0.0,0.0,0.0,0.00,0.00,0.00,0,0,0,0,0,0,,,,0.0,0.0,0.0
259,Diop,Issa,Diop,12,2,40,0,0,a,,,,2.0,8,2.0,360,4,14.1,5163,24465,0,0,0,10,0,0,0,0,32,75.2,11.9,2.0,8.9,0.00,0.15,0.15,0.0,0.04,0.04,1.68,35,8.75,,,,2.0,2.0,2.0
267,Lukić,Saša,Lukić,12,3,50,0,0,a,,,,2.2,9,2.2,328,4,0.1,50,315,0,1,0,9,2,0,0,0,54,51.2,40.9,4.0,9.6,0.02,0.16,0.18,0.01,0.04,0.05,1.54,31,8.51,,1,,1.8,2.2,2.2
300,Walton,Christian,Walton,12,1,44,-1,0,a,,,,0.0,0,0.0,0,0,0.4,230,501,0,0,0,0,0,0,0,0,0,0.0,0.0,0.0,0.0,0.00,0.00,0.00,0,0,0,0,0,0,,,,0.0,0.0,0.0
301,Palmer,Alex,Palmer,12,1,40,0,0,a,,,,0.0,0,0.0,0,0,4.1,2073,4443,0,0,0,0,0,0,0,0,0,0.0,0.0,0.0,0.0,0.00,0.00,0.00,0,0,0,0,0,0,,,,0.0,0.0,0.0
302,Button,David,Button,12,1,40,0,0,a,,,,0.0,0,0.0,0,0,0.6,582,495,0,0,0,0,0,0,0,0,0,0.0,0.0,0.0,0.0,0.00,0.00,0.00,0,0,0,0,0,0,,,,0.0,0.0,0.0
303,Kipré,Cédric,Kipré,12,2,40,0,0,a,,,,0.0,0,0.0,0,0,0.5,120,755,0,0,0,0,0,0,0,0,0,0.0,0.0,0.0,0.0,0.00,0.00,0.00,0,0,0,0,0,0,,,,0.0,0.0,0.0
304,O'Shea,Dara,O'Shea,12,2,40,0,0,a,,,,2.0,8,2.0,360,4,2.9,1524,4203,0,0,0,10,0,0,0,0,12,71.8,29.7,15.0,11.6,0.07,0.26,0.33,0.02,0.06,0.08,1.68,39,9.75,,,,2.0,2.0,2.0
305,Davis,Leif,Davis,12,2,40,0,0,a,,,,5.8,23,5.8,360,4,5.7,59891,4528,2,2,0,10,0,0,0,1,50,79.6,38.5,69.0,18.8,1.17,0.44,1.61,0.29,0.11,0.4,1.68,19,4.75,,,2,5.8,5.8,5.8
306,Greaves,Jacob,Greaves,12,2,40,0,0,a,,,,0.8,3,0.8,357,4,1.2,346,1385,0,0,0,10,1,0,0,0,12,49.8,14.9,4.0,6.9,0.00,0.06,0.06,0.0,0.02,0.02,1.7,30,7.56,,,,0.8,0.8,0.8
307,Johnson,Ben,Johnson,12,2,40,0,0,u,0,Has joined Stoke City on loan for the rest of the season,2026-09-04T12:36:56.236331Z,0.0,0,0.0,0,0,0.1,0,323,0,0,0,0,0,0,0,0,0,0.0,0.0,0.0,0.0,0.00,0.00,0.00,0,0,0,0,0,0,,,,0.0,0.0,0.0
308,Furlong,Darnell,Furlong,12,2,40,0,0,a,,,,0.2,1,1.0,17,0,0.5,86,656,0,0,0,1,0,0,0,0,-1,5.0,0.5,0.0,0.6,0.00,0.00,0.00,0.0,0.0,0.0,4.55,3,15.88,,,,0.2,0.2,0.2
309,Núñez,Marcelino,Núñez,12,3,50,0,0,a,,,,1.5,6,3.0,140,2,0.1,76,492,0,0,0,4,0,0,0,0,32,24.6,19.4,6.0,5.0,0.03,0.05,0.08,0.02,0.03,0.05,2.24,21,13.5,,3,1,1.2,1.5,1.5
310,Matusiwa,Azor,Matusiwa,12,3,49,-1,0,a,100,,2026-07-29T18:00:10.305484Z,0.0,0,0.0,0,0,0.0,14,7,0,0,0,0,0,0,0,0,0,0.0,0.0,0.0,0.0,0.00,0.00,0.00,0,0,0,0,0,0,,,,0.0,0.0,0.0
311,Burns,Wes,Burns,12,3,50,0,0,u,0,Has joined Leicester City permanently,2026-08-10T14:02:47.597478Z,0.0,0,0.0,0,0,0.0,0,5,0,0,0,0,0,0,0,0,0,0.0,0.0,0.0,0.0,0.00,0.00,0.00,0,0,0,0,0,0,,,,0.0,0.0,0.0
312,Taylor,Jack,Taylor,12,3,45,0,0,i,0,Knee injury - Unknown return date,2026-07-29T18:00:10.319370Z,0.0,0,0.0,0,0,0.0,17,108,0,0,0,0,0,0,0,0,0,0.0,0.0,0.0,0.0,0.00,0.00,0.00,0,0,0,0,0,0,,,,0.0,0.0,0.0
313,Clarke,Jack,Clarke,12,3,54,-1,0,a,,,,2.2,9,3.0,105,1,0.2,107,800,1,0,0,1,1,0,0,1,38,37.0,12.3,22.0,7.1,0.30,0.04,0.34,0.26,0.03,0.29,0.25,6,5.14,1,4,3,1.7,2.2,2.2
314,Ogbene,Chiedozie,Ogbene,12,3,49,-1,0,u,0,Has joined Lincoln City on loan until January,2026-09-02T16:04:17.497385Z,0.0,0,0.0,0,0,0.0,0,49,0,0,0,0,0,0,0,0,0,0.0,0.0,0.0,0.0,0.00,0.00,0.00,0,0,0,0,0,0,,,,0.0,0.0,0.0
315,Fatawu,Abdul,Fatawu,12,3,55,0,0,a,,,,2.2,9,2.2,286,4,0.2,135,702,0,1,0,9,2,0,0,0,67,55.4,103.6,14.0,17.3,0.03,0.83,0.86,0.01,0.26,0.27,1.92,24,7.55,,2,,1.6,2.2,2.2
316,Emersonn,Emersonn,Correia da Silva,12,4,55,0,0,a,100,,2026-08-31T09:30:08.306145Z,6.0,24,6.0,237,4,2.2,44687,3869,2,1,0,5,0,0,0,6,101,49.8,37.4,50.0,13.7,1.48,0.11,1.59,0.56,0.04,0.6,0.84,9,3.42,2,,,4.4,6.0,6.0
317,Hirst,George,Hirst,12,4,50,0,0,u,0,Has joined Stoke City permanently,2026-08-21T13:06:08.606019Z,0.0,0,0.0,0,0,0.1,0,299,0,0,0,0,0,0,0,0,0,0.0,0.0,0.0,0.0,0.00,0.00,0.00,0,0,0,0,0,0,,,,0.0,0.0,0.0
318,Philogene,Jaden,Philogene,12,3,54,-1,0,a,100,,2026-08-25T11:30:07.532993Z,0.2,1,1.0,28,0,0.1,26,95,0,0,0,1,0,0,0,0,6,0.0,0.0,0.0,0.0,0.02,0.00,0.01,0.06,0.0,0.06,1.32,3,9.64,3,5,,0.2,0.2,0.2
319,Szmodics,Sam,Szmodics,12,3,50,0,0,u,0,Has joined Derby County on loan for the rest of the season,2026-08-17T13:51:41.713979Z,0.0,0,0.0,0,0,0.0,0,15,0,0,0,0,0,0,0,0,0,0.0,0.0,0.0,0.0,0.00,0.00,0.00,0,0,0,0,0,0,,,,0.0,0.0,0.0
320,Akpom,Chuba,Akpom,12,4,50,0,0,a,,,,1.5,6,3.0,69,0,1.2,5747,5031,1,0,0,4,0,0,0,0,33,34.6,1.7,19.0,5.5,0.97,0.00,0.97,1.27,0.0,1.27,5.27,3,3.91,,,,1.2,1.5,1.5
321,Walle Egeli,Sindre,Walle Egeli,12,4,45,0,0,a,,,,0.2,1,1.0,10,0,3.5,13912,8859,0,0,0,0,0,0,0,0,3,0.0,0.1,0.0,0.0,0.00,0.00,0.00,0.0,0.0,0.0,0.27,0,0.0,,,,0.2,0.2,0.2
322,Al-Hamadi,Ali,Al-Hamadi,12,4,50,0,0,u,0,Has joined Sheffield Wednesday on loan for the rest of the season,2026-08-27T14:54:10.215357Z,0.0,0,0.0,0,0,0.1,0,251,0,0,0,0,0,0,0,0,0,0.0,0.0,0.0,0.0,0.00,0.00,0.00,0,0,0,0,0,0,,,,0.0,0.0,0.0
323,McAteer,Kasey,McAteer,12,3,45,0,0,a,,,,0.8,3,1.0,42,0,1.2,672,3388,0,0,0,0,0,0,0,0,12,4.6,1.8,7.0,1.4,0.05,0.00,0.05,0.11,0.0,0.11,0.45,5,10.71,,,,0.7,0.8,0.8
324,Mehmeti,Anis,Mehmeti,12,3,49,-1,0,a,,,,0.0,0,0.0,0,0,0.0,9,90,0,0,0,0,0,0,0,0,0,0.0,0.0,0.0,0.0,0.00,0.00,0.00,0,0,0,0,0,0,,,,0.0,0.0,0.0
554,Van Oevelen,Kayne,van Oevelen,12,1,45,0,0,u,0,Has joined Valencia on loan for the rest of the season,2026-08-25T14:04:09.529320Z,0.0,0,0.0,0,0,0.0,0,65,0,0,0,0,0,0,0,0,0,0.0,0.0,0.0,0.0,0.00,0.00,0.00,0,0,0,0,0,0,,,,0.0,0.0,0.0
562,Maeda,Daizen,Maeda,12,3,54,-1,0,a,,,,1.8,7,1.8,243,3,0.3,63,1062,0,0,0,8,0,0,0,0,27,28.8,2.9,43.0,7.4,0.71,0.01,0.72,0.26,0.0,0.26,2.06,19,7.04,,,,1.3,1.8,1.8
564,Scherpen,Kjell,Scherpen,12,1,45,0,0,a,,,,1.8,7,1.8,360,4,0.6,530,745,0,0,0,10,0,0,15,0,40,88.6,0.0,0.0,8.8,0.00,0.01,0.01,0.0,0.0,0.0,1.68,0,0.0,,,,1.6,1.8,1.8
571,Florentino,Florentino Ibrain,Morris Luís,12,3,49,-1,0,a,100,,2026-08-25T11:30:07.678802Z,0.2,1,1.0,13,0,0.1,42,145,0,0,0,0,0,0,0,0,8,0.0,0.0,0.0,0.0,0.00,0.01,0.01,0.0,0.07,0.07,1.87,2,13.85,,,,0.2,0.2,0.2
591,Enciso,Julio,Enciso,12,3,55,0,0,a,100,,2026-08-22T18:00:07.551930Z,3.2,13,3.2,340,4,0.9,1912,3695,0,2,0,10,1,0,0,0,72,53.6,48.9,62.0,16.5,0.92,0.84,1.76,0.24,0.22,0.46,1.78,26,6.88,,,,2.4,3.2,3.2
592,Ouattara,Abdoul,Ouattara,12,2,40,0,0,a,,,,1.0,4,1.0,41,0,0.9,798,1191,0,0,0,1,0,0,0,0,12,9.4,24.6,0.0,3.4,0.00,0.02,0.02,0.0,0.04,0.04,1.95,3,6.59,,,,1.0,1.0,1.0
602,Humphreys,Cameron,Humphreys,12,3,45,0,0,u,0,Has joined Huddersfield Town on loan for the rest of the season,2026-09-02T16:04:17.524642Z,0.0,0,0.0,0,0,0.0,0,171,0,0,0,0,0,0,0,0,0,0.0,0.0,0.0,0.0,0.00,0.00,0.00,0,0,0,0,0,0,,,,0.0,0.0,0.0
619,Palacios,Exequiel,Palacios,12,3,50,0,0,a,,,,3.0,9,3.0,195,2,0.0,405,191,0,0,0,6,0,0,0,0,49,27.4,34.5,2.0,6.4,0.00,0.07,0.07,0.0,0.03,0.03,1.49,38,17.54,,,,1.8,3.0,3.0
640,Flemming,Zian,Flemming,12,4,55,0,0,a,,,,3.0,6,3.0,51,0,0.0,1247,228,1,0,0,1,0,0,0,0,36,3.2,0.5,7.0,1.1,0.54,0.01,0.55,0.95,0.02,0.97,0.83,2,3.53,,,,1.1,3.0,3.0
260,Wilson,Harry,Wilson,13,3,63,-2,0,a,,,,1.0,4,1.3,127,1,2.7,570,12718,0,0,1,0,1,0,0,0,15,16.0,47.7,12.0,7.7,0.01,0.06,0.07,0.01,0.04,0.05,2.11,9,6.38,,2,2,0.6,1.0,1.0
326,Perri,Lucas Estella,Perri,13,1,45,0,0,u,0,Has joined Torino on loan for the rest of the season,2026-09-01T13:12:39.210133Z,0.0,0,0.0,0,0,0.4,0,945,0,0,0,0,0,0,0,0,0,0.0,0.0,0.0,0.0,0.00,0.00,0.00,0,0,0,0,0,0,,,,0.0,0.0,0.0
327,Bijol,Jaka,Bijol,13,2,50,0,0,a,,,,3.0,12,4.0,164,2,0.8,739,2100,0,0,1,2,0,0,0,2,29,38.2,0.6,15.0,5.4,0.11,0.00,0.11,0.06,0.0,0.06,1.73,21,11.52,,,,2.4,3.0,3.0
329,Rodon,Joe,Rodon,13,2,44,-1,0,i,0,Hamstring injury - Expected back 21 Nov,2026-08-30T16:00:08.564382Z,1.8,7,3.5,123,2,1.1,20,6815,0,0,1,0,0,0,0,0,25,23.0,14.7,7.0,4.5,0.03,0.06,0.09,0.02,0.04,0.06,0.74,11,8.05,,,,1.6,0.0,0.0
330,Bogle,Jayden,Bogle,13,2,45,0,0,a,,,,5.5,22,7.3,217,3,2.1,9728,3290,1,0,2,1,1,0,0,3,63,61.0,14.1,37.0,11.2,0.90,0.03,0.93,0.37,0.01,0.38,0.68,12,4.98,,,,4.9,5.5,5.5
331,Gudmundsson,Gabriel,Gudmundsson,13,2,45,0,0,a,100,,2026-08-08T20:00:07.546568Z,0.5,2,2.0,90,1,0.1,166,77,0,0,0,1,0,0,0,0,9,12.6,1.2,2.0,1.6,0.00,0.00,0.00,0.0,0.0,0.0,2.19,5,5.0,,,,0.4,0.5,0.5
332,Justin,James,Justin,13,2,45,0,0,a,,,,4.0,16,5.3,270,3,1.5,1595,2134,0,0,1,2,0,0,0,2,49,66.0,15.6,32.0,11.3,0.17,0.02,0.19,0.06,0.01,0.07,1.51,30,10.0,,,,3.6,4.0,4.0
333,Bornauw,Sebastiaan,Bornauw,13,2,45,0,0,u,0,Has joined Hamburg SV on loan for the rest of the season,2026-08-19T13:56:14.645970Z,0.0,0,0.0,0,0,0.0,0,7,0,0,0,0,0,0,0,0,0,0.0,0.0,0.0,0.0,0.00,0.00,0.00,0,0,0,0,0,0,,,,0.0,0.0,0.0
334,Muharemović,Tarik,Muharemović,13,2,50,0,0,a,,,,3.5,14,4.7,270,3,3.9,4742,4264,0,0,1,2,0,0,0,0,52,96.4,2.2,21.0,11.9,0.09,0.02,0.11,0.03,0.01,0.04,1.51,39,13.0,,,,2.8,3.5,3.5
335,Stach,Anton,Stach,13,3,60,0,0,a,,,,4.8,19,6.3,270,3,2.7,2376,7340,1,0,1,2,0,0,0,3,57,87.8,35.8,39.0,16.3,0.49,0.16,0.65,0.16,0.05,0.21,1.51,38,12.67,,1,1,3.2,4.8,4.8
336,Okafor,Noah,Okafor,13,3,58,-2,-1,a,,,,1.5,6,2.0,153,2,0.3,315,1114,0,0,1,1,0,0,0,0,30,17.8,22.1,16.0,5.6,0.08,0.18,0.26,0.05,0.11,0.16,0.65,7,4.12,,,,1.0,1.5,1.5
337,Aaronson,Brenden,Aaronson,13,3,54,-1,0,a,,,,1.2,5,1.7,154,2,0.6,180,1636,0,0,1,2,0,0,0,0,27,10.2,2.7,7.0,2.0,0.01,0.02,0.03,0.01,0.01,0.02,1.8,10,5.84,,,4,0.9,1.2,1.2
338,Ampadu,Ethan,Ampadu,13,3,54,-1,0,a,,,,2.2,9,3.0,270,3,1.0,314,2730,0,0,1,2,0,0,0,0,43,61.8,41.2,1.0,10.4,0.01,0.14,0.15,0.0,0.05,0.05,1.51,34,11.33,,,,1.7,2.2,2.2
339,Longstaff,Sean,Longstaff,13,3,49,-1,0,a,,,,0.2,1,1.0,8,0,0.1,94,313,0,0,0,0,0,0,0,0,3,0.0,0.2,0.0,0.0,0.00,0.00,0.00,0.0,0.0,0.0,0.79,0,0.0,,3,3,0.2,0.2,0.2
341,Gnonto,Wilfried,Gnonto,13,3,50,0,0,u,0,Has joined ACF Fiorentina on loan for the rest of the season,2026-09-02T16:04:47.189648Z,0.0,0,0.0,0,0,0.0,0,53,0,0,0,0,0,0,0,0,0,0.0,0.0,0.0,0.0,0.00,0.00,0.00,0,0,0,0,0,0,,,,0.0,0.0,0.0
342,Harrison,Jack,Harrison,13,3,50,0,0,u,0,Has joined New England Revolution permanently,2026-07-28T12:59:09.492431Z,0.0,0,0.0,0,0,0.0,0,3,0,0,0,0,0,0,0,0,0,0.0,0.0,0.0,0.0,0.00,0.00,0.00,0,0,0,0,0,0,,,,0.0,0.0,0.0
343,James,Daniel,James,13,3,49,-1,-1,a,,,,0.2,1,1.0,22,0,0.1,142,305,0,0,0,0,0,0,0,0,2,0.0,1.1,12.0,1.1,0.24,0.01,0.25,0.98,0.04,1.02,3.8,2,8.18,,,,0.2,0.2,0.2
344,Gruev,Ilia,Gruev,13,3,50,0,0,d,25,Knee injury - 25% chance of playing,2026-08-14T23:00:06.272027Z,0.0,0,0.0,0,0,0.0,2,10,0,0,0,0,0,0,0,0,0,0.0,0.0,0.0,0.0,0.00,0.00,0.00,0,0,0,0,0,0,,,,0.0,0.0,0.0
345,Tanaka,Tanaka,Ao,13,3,49,-1,0,a,,,,1.5,6,3.0,117,1,0.2,520,595,0,1,0,1,0,0,0,0,24,40.8,14.0,13.0,6.8,0.53,0.02,0.55,0.41,0.02,0.43,1.54,19,14.62,,4,,1.2,1.5,1.5
346,Calvert-Lewin,Dominic,Calvert-Lewin,13,4,60,0,0,a,,,,2.5,10,3.3,252,3,21.8,14596,46317,1,0,1,2,2,0,0,2,29,42.8,16.1,67.0,12.1,1.61,0.08,1.69,0.58,0.03,0.61,1.14,9,3.21,1,,,1.7,2.5,2.5
347,Nmecha,Lukas,Nmecha,13,4,54,-1,0,a,,,,1.2,5,2.5,38,0,0.5,1421,1275,0,1,0,0,0,0,0,0,20,18.2,22.1,15.0,5.4,0.27,0.14,0.41,0.64,0.33,0.97,5.33,1,2.37,2,,,0.9,1.2,1.2
348,Piroe,Joël,Piroe,13,4,50,0,0,u,0,Has joined West Ham United on loan for the rest of the season,2026-08-19T13:56:14.666726Z,0.0,0,0.0,0,0,0.1,0,274,0,0,0,0,0,0,0,0,0,0.0,0.0,0.0,0.0,0.00,0.00,0.00,0,0,0,0,0,0,3,,,0.0,0.0,0.0
349,Mateo Joseph,Mateo,Joseph Fernández-Regatillo,13,4,45,0,0,i,0,Knee injury - Unknown return date,2026-07-29T18:00:10.338170Z,0.0,0,0.0,0,0,0.1,132,148,0,0,0,0,0,0,0,0,0,0.0,0.0,0.0,0.0,0.00,0.00,0.00,0,0,0,0,0,0,,,,0.0,0.0,0.0
385,Trafford,James,Trafford,13,1,50,0,0,a,,,,3.8,15,5.0,270,3,5.4,5301,7560,0,0,1,2,0,0,11,2,66,91.8,0.0,0.0,9.2,0.00,0.00,0.00,0.0,0.0,0.0,1.51,0,0.0,,,,3.0,3.8,3.8
598,Elvedi,Nico,Elvedi,13,2,45,0,0,a,,,,1.2,5,2.5,146,1,0.0,114,64,0,0,0,2,0,0,0,0,21,43.6,22.2,12.0,7.8,0.00,0.57,0.57,0.0,0.35,0.35,2.16,16,9.86,,,,1.1,1.2,1.2
603,Lienou,Jayden,Lienou,13,2,40,0,0,a,,,,0.0,0,0.0,0,0,0.1,322,210,0,0,0,0,0,0,0,0,0,0.0,0.0,0.0,0.0,0.00,0.00,0.00,0,0,0,0,0,0,,,,0.0,0.0,0.0
604,Cresswell,Alfie,Cresswell,13,3,45,0,0,a,,,,0.0,0,0.0,0,0,0.1,376,367,0,0,0,0,0,0,0,0,0,0.0,0.0,0.0,0.0,0.00,0.00,0.00,0,0,0,0,0,0,,,,0.0,0.0,0.0
625,Cairns,Alex,Cairns,13,1,40,0,0,a,,,,0.0,0,0.0,0,0,0.2,784,290,0,0,0,0,0,0,0,0,0,0.0,0.0,0.0,0.0,0.00,0.00,0.00,0,0,0,0,0,0,,,,0.0,0.0,0.0
629,Zetterer,Michael,Zetterer,13,1,40,0,0,a,,,,0.0,0,0.0,0,0,0.5,4789,883,0,0,0,0,0,0,0,0,0,0.0,0.0,0.0,0.0,0.00,0.00,0.00,0,0,0,0,0,0,,,,0.0,0.0,0.0
641,Bard,Melvin,Bard,13,2,45,0,0,a,,,,0.0,0,0.0,0,0,0.0,93,28,0,0,0,0,0,0,0,0,0,0.0,0.0,0.0,0.0,0.00,0.00,0.00,0,0,0,0,0,0,,,,0.0,0.0,0.0
648,Bahoya,Jean-Mattéo,Bahoya,13,3,50,0,0,a,,,,0.0,0,0.0,0,0,0.0,74,61,0,0,0,0,0,0,0,0,0,0.0,0.0,0.0,0.0,0.00,0.00,0.00,0,0,0,0,0,0,,,,0.0,0.0,0.0
350,A.Becker,Alisson,Becker,14,1,55,0,0,a,,,,4.8,19,4.8,360,4,3.9,6606,5133,0,0,2,4,1,0,12,3,66,55.8,0.0,0.0,5.6,0.00,0.00,0.00,0.0,0.0,0.0,1.33,0,0.0,,,,3.5,4.8,4.8
351,Mamardashvili,Giorgi,Mamardashvili,14,1,49,-1,0,a,,,,0.0,0,0.0,0,0,0.1,82,437,0,0,0,0,0,0,0,0,0,0.0,0.0,0.0,0.0,0.00,0.00,0.00,0,0,0,0,0,0,,,,0.0,0.0,0.0
352,Woodman,Freddie,Woodman,14,1,40,0,0,a,,,,0.0,0,0.0,0,0,1.0,666,1169,0,0,0,0,0,0,0,0,0,0.0,0.0,0.0,0.0,0.00,0.00,0.00,0,0,0,0,0,0,,,,0.0,0.0,0.0
353,Pecsi,Armin,Pecsi,14,1,40,0,0,u,0,Has joined TSV Hartberg on loan for the rest of the season,2026-08-18T14:11:18.638344Z,0.0,0,0.0,0,0,0.0,0,26,0,0,0,0,0,0,0,0,0,0.0,0.0,0.0,0.0,0.00,0.00,0.00,0,0,0,0,0,0,,,,0.0,0.0,0.0
354,Jaros,Vitezslav,Jaros,14,1,40,0,0,i,0,Knee injury - Unknown return date,2026-07-29T18:00:10.351066Z,0.0,0,0.0,0,0,0.0,55,37,0,0,0,0,0,0,0,0,0,0.0,0.0,0.0,0.0,0.00,0.00,0.00,0,0,0,0,0,0,,,,0.0,0.0,0.0
355,Davies,Harvey,Davies,14,1,40,0,0,a,,,,0.0,0,0.0,0,0,0.2,217,180,0,0,0,0,0,0,0,0,0,0.0,0.0,0.0,0.0,0.00,0.00,0.00,0,0,0,0,0,0,,,,0.0,0.0,0.0
356,Virgil,Virgil,van Dijk,14,2,65,0,0,a,,,,4.2,17,4.2,360,4,16.9,10876,17609,0,0,2,4,1,0,0,0,70,73.4,7.7,26.0,10.7,0.25,0.07,0.32,0.06,0.02,0.08,1.33,35,8.75,,,,2.6,4.2,4.2
357,Frimpong,Jeremie,Frimpong,14,2,54,-1,0,a,,,,0.5,2,0.7,178,2,2.1,759,12450,0,0,0,4,1,0,0,0,24,26.4,51.6,14.0,9.2,0.01,0.23,0.24,0.01,0.12,0.13,1.98,12,6.07,,,,0.4,0.5,0.5
358,Kerkez,Milos,Kerkez,14,2,54,-1,0,a,,,,1.8,7,1.8,295,3,2.6,684,12795,0,0,1,4,2,0,0,0,41,55.8,37.9,12.0,10.6,0.02,0.07,0.09,0.01,0.02,0.03,1.48,23,7.02,,,,1.3,1.8,1.8
359,Gomez,Joe,Gomez,14,2,50,0,0,i,0,Muscular injury - Unknown return date,2026-07-26T08:30:10.078473Z,0.0,0,0.0,0,0,0.0,12,44,0,0,0,0,0,0,0,0,0,0.0,0.0,0.0,0.0,0.00,0.00,0.00,0,0,0,0,0,0,,,,0.0,0.0,0.0
360,Bradley,Conor,Bradley,14,2,50,0,0,i,0,Knee injury - Unknown return date,2026-07-23T12:01:23.565711Z,0.0,0,0.0,0,0,0.0,11,37,0,0,0,0,0,0,0,0,0,0.0,0.0,0.0,0.0,0.00,0.00,0.00,0,0,0,0,0,0,,,,0.0,0.0,0.0
361,Lucky,Wellity,Lucky,14,2,40,0,0,a,,,,0.0,0,0.0,0,0,0.1,239,323,0,0,0,0,0,0,0,0,0,0.0,0.0,0.0,0.0,0.00,0.00,0.00,0,0,0,0,0,0,,,,0.0,0.0,0.0
362,Jacquet,Jeremy,Jacquet,14,2,50,0,0,a,100,,2026-07-23T12:01:23.581126Z,4.5,18,4.5,325,4,3.0,24236,3544,0,0,2,4,1,0,0,3,86,66.0,39.5,4.0,10.9,0.00,0.12,0.12,0.0,0.03,0.03,1.31,28,7.75,,,,3.6,4.5,4.5
363,Leoni,Giovanni,Leoni,14,2,40,0,0,i,0,Knee injury - Unknown return date,2026-07-23T12:01:23.596909Z,0.0,0,0.0,0,0,0.0,40,107,0,0,0,0,0,0,0,0,0,0.0,0.0,0.0,0.0,0.00,0.00,0.00,0,0,0,0,0,0,,,,0.0,0.0,0.0
364,Tsimikas,Kostas,Tsimikas,14,2,49,-1,0,a,,,,0.5,2,1.0,64,1,0.1,118,167,0,0,0,0,0,0,0,0,6,3.6,1.3,9.0,1.4,0.04,0.02,0.06,0.06,0.03,0.09,0.66,3,4.22,,,,0.4,0.5,0.5
365,Ramsay,Calvin,Ramsay,14,2,40,0,0,u,0,Has joined St Mirren on loan for the rest of the season,2026-08-26T14:05:26.748768Z,0.0,0,0.0,0,0,0.1,0,310,0,0,0,0,0,0,0,0,0,0.0,0.0,0.0,0.0,0.00,0.00,0.00,0,0,0,0,0,0,,,,0.0,0.0,0.0
366,Wirtz,Florian,Wirtz,14,3,74,-1,0,a,,,,3.0,12,3.0,332,4,7.4,1341,44366,0,1,2,4,1,0,0,0,67,44.2,76.2,73.0,19.4,0.78,0.35,1.13,0.21,0.09,0.3,1.13,28,7.59,4,3,2,1.6,3.0,3.0
367,Gakpo,Cody,Gakpo,14,3,72,2,0,a,100,,2026-09-09T18:30:08.772955Z,7.2,29,7.2,280,3,12.2,33550,52753,1,3,1,4,0,0,0,5,100,116.8,104.5,56.0,27.7,0.44,1.22,1.66,0.14,0.39,0.53,1.52,27,8.68,3,2,,4.0,5.4,7.2
368,Szoboszlai,Dominik,Szoboszlai,14,3,70,0,0,a,,,,4.5,18,4.5,360,4,37.4,15044,129062,1,0,2,4,0,0,0,1,98,91.2,117.7,46.0,25.5,1.29,0.80,2.09,0.32,0.2,0.52,1.33,35,8.75,1,1,1,2.6,4.5,4.5
369,Ngumoha,Rio,Ngumoha,14,3,58,-2,0,a,,,,1.0,4,1.3,99,1,0.5,475,3109,0,0,0,2,0,0,0,0,13,4.4,7.3,7.0,1.8,0.15,0.05,0.20,0.14,0.05,0.19,0.62,4,3.64,,,,0.7,1.0,1.0
370,Chiesa,Federico,Chiesa,14,3,54,-1,0,i,0,Back injury - Unknown return date,2026-08-27T13:30:07.598926Z,0.0,0,0.0,0,0,0.1,5,223,0,0,0,0,0,0,0,0,0,0.0,0.0,0.0,0.0,0.00,0.00,0.00,0,0,0,0,0,0,,,,0.0,0.0,0.0
371,Gravenberch,Ryan,Gravenberch,14,3,59,-1,0,a,,,,2.0,8,2.0,181,2,1.3,890,6511,0,1,0,2,0,0,0,0,48,31.0,29.8,4.0,6.5,0.10,0.07,0.17,0.05,0.03,0.08,0.93,24,11.93,,,,1.4,2.0,2.0
372,Mac Allister,Alexis,Mac Allister,14,3,54,-1,0,a,,,,1.5,6,1.5,216,2,1.3,2066,5649,0,0,1,2,1,0,0,0,40,35.0,21.9,18.0,7.4,0.10,0.44,0.54,0.04,0.18,0.22,1.69,28,11.67,5,,,1.1,1.5,1.5
373,C.Jones,Curtis,Jones,14,3,55,0,0,u,0,Has joined Internazionale permanently,2026-08-16T18:30:07.426408Z,0.0,0,0.0,0,0,0.0,0,46,0,0,0,0,0,0,0,0,0,0.0,0.0,0.0,0.0,0.00,0.00,0.00,0,0,0,0,0,0,,,,0.0,0.0,0.0
374,Endo,Endo,Wataru,14,3,49,-1,0,a,100,,2026-07-23T12:01:23.612529Z,0.0,0,0.0,0,0,0.1,95,260,0,0,0,0,0,0,0,0,0,0.0,0.0,0.0,0.0,0.00,0.00,0.00,0,0,0,0,0,0,,,,0.0,0.0,0.0
375,Nyoni,Trey,Nyoni,14,3,49,-1,0,a,,,,0.5,2,1.0,19,0,0.0,47,172,0,0,0,0,0,0,0,0,6,6.6,2.3,0.0,0.9,0.00,0.00,0.00,0.0,0.0,0.0,1.04,5,23.68,,,,0.4,0.5,0.5
376,Bajcetic,Stefan,Bajčetić Maquieira,14,3,50,0,0,u,0,Has joined Celta Vigo permanently,2026-07-23T12:01:23.628373Z,0.0,0,0.0,0,0,0.0,0,2,0,0,0,0,0,0,0,0,0,0.0,0.0,0.0,0.0,0.00,0.00,0.00,0,0,0,0,0,0,,,,0.0,0.0,0.0
377,Munoz,Victor,Munoz,14,3,65,0,0,a,,,,3.5,14,3.5,239,3,1.1,1577,9442,1,1,1,2,1,0,0,0,53,47.0,30.0,49.0,12.6,0.52,0.25,0.77,0.2,0.09,0.29,1.69,13,4.9,,,,2.2,3.5,3.5
378,McConnell,James,McConnell,14,3,45,0,0,a,,,,0.0,0,0.0,0,0,0.2,135,542,0,0,0,0,0,0,0,0,0,0.0,0.0,0.0,0.0,0.00,0.00,0.00,0,0,0,0,0,0,,,,0.0,0.0,0.0
379,Isak,Alexander,Isak,14,4,91,1,0,a,,,,6.2,25,6.2,333,4,22.5,31410,55894,3,0,2,4,0,0,0,5,102,112.4,31.3,148.0,29.1,2.79,0.06,2.85,0.75,0.02,0.77,1.39,6,1.62,2,,,2.7,6.2,6.2
380,Ekitiké,Hugo,Ekitiké,14,4,74,-1,0,i,0,Achilles injury - Unknown return date,2026-07-23T12:01:23.643771Z,0.0,0,0.0,0,0,0.1,117,387,0,0,0,0,0,0,0,0,0,0.0,0.0,0.0,0.0,0.00,0.00,0.00,0,0,0,0,0,0,,,,0.0,0.0,0.0
381,Koumas,Lewis,Koumas,14,3,50,0,0,a,,,,0.5,2,1.0,13,0,0.0,44,77,0,0,0,0,0,0,0,0,7,1.2,0.5,7.0,0.9,0.03,0.00,0.03,0.21,0.0,0.21,4.02,1,6.92,,,,0.4,0.5,0.5
382,Danns,Jayden,Danns,14,4,45,0,0,a,100,,2026-07-23T12:01:23.659279Z,0.0,0,0.0,0,0,0.1,1471,540,0,0,0,0,0,0,0,0,0,0.0,0.0,0.0,0.0,0.00,0.00,0.00,0,0,0,0,0,0,,,,0.0,0.0,0.0
383,Elliott,Harvey,Elliott,14,3,54,-1,0,u,0,Has joined Valencia on loan for the rest of the season,2026-09-02T16:05:49.104326Z,0.0,0,0.0,0,0,0.0,0,203,0,0,0,0,0,0,0,0,0,0.0,0.0,0.0,0.0,0.00,0.00,0.00,0,0,0,0,0,0,,,,0.0,0.0,0.0
579,Araujo,Ronald,Araujo,14,2,54,-1,0,a,,,,3.8,15,3.8,194,2,2.8,12786,3389,0,0,2,0,1,0,0,0,53,39.0,5.9,2.0,4.6,0.00,0.05,0.05,0.0,0.02,0.02,0.91,19,8.81,,,,2.8,3.8,3.8
627,Barcola,Bradley,Barcola,14,3,80,0,0,a,,,,2.0,4,2.0,97,1,2.0,7289,12519,0,0,1,0,0,0,0,0,14,3.0,10.5,2.0,1.6,0.21,0.10,0.31,0.19,0.09,0.28,0.71,5,4.64,,,,0.5,2.0,2.0
155,Enzo,Enzo,Fernández,15,3,69,-1,0,a,,,,1.5,6,2.0,181,2,3.3,9762,7074,0,0,2,0,1,0,0,0,42,13.6,30.9,18.0,6.2,0.32,0.27,0.59,0.16,0.13,0.29,0.86,16,7.96,,,,0.9,1.5,1.5
237,Ndiaye,Iliman,Ndiaye,15,3,59,-1,0,a,,,,4.2,17,4.2,311,3,8.4,6849,46740,0,1,2,1,0,0,0,1,79,60.4,72.2,68.0,20.1,0.28,0.44,0.72,0.08,0.13,0.21,1.81,40,11.58,,,,2.9,4.2,4.2
384,Donnarumma,Gianluigi,Donnarumma,15,1,55,0,0,a,,,,4.2,17,4.2,360,4,7.6,8448,10787,0,0,2,2,0,0,10,0,75,60.4,0.0,0.0,6.1,0.00,0.00,0.00,0.0,0.0,0.0,0.91,0,0.0,,,,3.1,4.2,4.2
386,Bettinelli,Marcus,Bettinelli,15,1,45,0,0,a,,,,0.0,0,0.0,0,0,0.0,19,54,0,0,0,0,0,0,0,0,0,0.0,0.0,0.0,0.0,0.00,0.00,0.00,0,0,0,0,0,0,,,,0.0,0.0,0.0
387,O'Reilly,Nico,O'Reilly,15,2,64,-1,0,a,100,,2026-09-05T18:00:06.379802Z,1.2,5,1.7,158,2,12.9,3988,40025,0,0,0,2,0,0,0,0,19,12.4,38.2,16.0,6.6,0.09,0.43,0.52,0.05,0.24,0.29,0.98,3,1.71,,,,0.8,1.2,1.2
388,Guéhi,Marc,Guéhi,15,2,60,0,0,a,,,,6.5,26,6.5,360,4,18.5,19014,16347,1,0,2,2,0,0,0,4,101,96.6,42.9,30.0,16.9,0.89,0.38,1.27,0.22,0.1,0.32,0.91,25,6.25,,,,4.3,6.5,6.5
389,Matheus N.,Matheus,Nunes,15,2,59,-1,0,a,100,,2026-08-27T11:30:08.171622Z,2.5,10,5.0,123,1,0.9,938,1198,0,0,1,0,0,0,0,1,38,3.8,1.5,4.0,0.9,0.00,0.05,0.05,0.0,0.04,0.04,0.77,12,8.78,4,,,1.7,2.5,2.5
390,Rúben,Rúben,dos Santos Gato Alves Dias,15,2,55,0,0,a,,,,4.0,16,4.0,360,4,1.8,3843,2470,0,0,2,2,0,0,0,0,79,72.0,46.8,37.0,15.5,0.09,0.74,0.83,0.02,0.18,0.2,0.91,22,5.5,,,,2.9,4.0,4.0
391,Gvardiol,Joško,Gvardiol,15,2,56,1,0,a,,,,8.2,33,8.2,344,4,21.1,85087,10952,1,2,2,2,1,0,0,6,115,94.0,51.0,26.0,17.1,0.22,0.11,0.33,0.06,0.03,0.09,0.95,24,6.28,,,,5.9,8.2,8.2
392,Aït-Nouri,Rayan,Aït-Nouri,15,2,53,-2,0,a,,,,0.0,0,0.0,0,0,0.5,401,1536,0,0,0,0,0,0,0,0,0,0.0,0.0,0.0,0.0,0.00,0.00,0.00,0,0,0,0,0,0,,,,0.0,0.0,0.0
393,Khusanov,Abdukodir,Khusanov,15,2,55,0,0,a,,,,2.2,9,3.0,268,3,1.5,1208,3892,0,0,1,2,1,0,0,0,53,51.6,12.6,4.0,6.8,0.00,0.06,0.06,0.0,0.02,0.02,0.9,17,5.71,,,,1.6,2.2,2.2
394,Alleyne,Max,Alleyne,15,2,50,0,0,u,0,Has joined Burnley on loan for the rest of the season,2026-08-18T14:11:56.324656Z,0.0,0,0.0,0,0,0.0,0,8,0,0,0,0,0,0,0,0,0,0.0,0.0,0.0,0.0,0.00,0.00,0.00,0,0,0,0,0,0,,,,0.0,0.0,0.0
395,Lewis,Rico,Lewis,15,2,44,-1,0,a,,,,0.2,1,1.0,56,1,0.2,353,639,0,0,0,1,0,0,0,0,-1,3.8,3.8,39.0,4.7,0.17,0.02,0.19,0.27,0.03,0.3,0.88,2,3.21,,,,0.2,0.2,0.2
396,Vitor Reis,Vitor,de Oliveira Nunes dos Reis,15,2,45,0,0,a,,,,0.2,1,1.0,1,0,0.0,50,64,0,0,0,0,0,0,0,0,3,1.2,0.9,0.0,0.2,0.00,0.00,0.00,0.0,0.0,0.0,0.0,0,0.0,,,,0.2,0.2,0.2
397,Semenyo,Antoine,Semenyo,15,3,84,-1,0,a,,,,4.0,16,4.0,360,4,15.9,6443,37166,0,2,2,2,0,0,0,0,82,57.6,97.8,82.0,23.8,0.17,0.99,1.16,0.04,0.25,0.29,0.91,15,3.75,2,,,1.9,4.0,4.0
398,Foden,Phil,Foden,15,3,70,0,0,s,0,Suspended until 17 Oct,2026-09-13T17:00:09.433455Z,2.2,9,2.2,217,3,3.6,1853,38971,0,2,0,2,1,1,0,1,52,57.6,110.2,39.0,20.7,1.61,0.88,2.49,0.67,0.36,1.03,0.79,14,5.81,,2,2,1.3,2.2,0.0
399,Cherki,Rayan,Cherki,15,3,78,3,0,a,,,,6.5,26,6.5,218,3,29.1,35661,60325,2,2,1,1,1,0,0,4,115,121.4,148.8,77.0,34.8,0.59,1.41,2.00,0.24,0.58,0.82,0.73,7,2.89,,1,1,3.3,6.5,6.5
400,Doku,Jérémy,Doku,15,3,74,-1,0,i,0,Calf injury - Expected back 20 Sep,2026-08-18T17:00:08.385597Z,0.0,0,0.0,0,0,0.7,75,2001,0,0,0,0,0,0,0,0,0,0.0,0.0,0.0,0.0,0.00,0.00,0.00,0,0,0,0,0,0,3,,,0.0,0.0,0.0
402,Rodrigo,Rodrigo 'Rodri',Hernandez Cascante,15,3,65,0,0,u,0,Has joined Barcelona permanently,2026-07-23T12:01:23.675537Z,0.0,0,0.0,0,0,0.0,0,22,0,0,0,0,0,0,0,0,0,0.0,0.0,0.0,0.0,0.00,0.00,0.00,0,0,0,0,0,0,,,,0.0,0.0,0.0
404,Reijnders,Tijjani,Reijnders,15,3,60,0,0,u,0,Has joined Al Qadsiah permanently,2026-08-20T14:02:58.154273Z,0.0,0,0.0,0,0,0.0,0,71,0,0,0,0,0,0,0,0,0,0.0,0.0,0.0,0.0,0.00,0.00,0.00,0,0,0,0,0,0,,,,0.0,0.0,0.0
406,Kovačić,Mateo,Kovačić,15,3,54,-1,0,a,,,,0.5,2,1.0,42,0,0.1,75,269,0,0,0,0,0,0,0,0,12,4.2,5.2,0.0,0.9,0.00,0.02,0.02,0.0,0.04,0.04,0.21,2,4.29,,,,0.4,0.5,0.5
407,Echeverri,Claudio,Echeverri,15,3,49,-1,0,u,0,Has joined Benfica on loan for the rest of the season,2026-09-03T15:41:24.710479Z,0.0,0,0.0,0,0,0.0,0,46,0,0,0,0,0,0,0,0,0,0.0,0.0,0.0,0.0,0.00,0.00,0.00,0,0,0,0,0,0,,,,0.0,0.0,0.0
408,Phillips,Kalvin,Phillips,15,3,50,0,0,u,0,Has joined Sheffield United on loan for the rest of the season,2026-08-18T14:11:56.348781Z,0.0,0,0.0,0,0,0.0,0,16,0,0,0,0,0,0,0,0,0,0.0,0.0,0.0,0.0,0.00,0.00,0.00,0,0,0,0,0,0,,,,0.0,0.0,0.0
409,Mukasa,Divine,Mukasa,15,3,45,0,0,u,0,has joined West Ham on loan for the rest of the seaon.,2026-09-03T10:34:10.733520Z,0.0,0,0.0,0,0,0.1,0,466,0,0,0,0,0,0,0,0,0,0.0,0.0,0.0,0.0,0.00,0.00,0.00,0,0,0,0,0,0,,,,0.0,0.0,0.0
410,Monga,Jeremy,Monga,15,3,49,-1,0,u,0,Has joined Swansea City on loan for the rest of the season,2026-09-02T16:02:01.136760Z,0.0,0,0.0,0,0,0.0,0,36,0,0,0,0,0,0,0,0,0,0.0,0.0,0.0,0.0,0.00,0.00,0.00,0,0,0,0,0,0,,,,0.0,0.0,0.0
411,Haaland,Erling,Haaland,15,4,155,0,0,a,,,,8.0,32,8.0,360,4,71.8,34269,8881,4,0,2,2,0,0,0,8,142,121.6,18.9,164.0,30.4,3.21,0.51,3.72,0.8,0.13,0.93,0.91,18,4.5,1,,,2.1,8.0,8.0
481,Anderson,Elliot,Anderson,15,3,63,-2,0,a,100,,2026-08-23T17:00:07.952697Z,3.2,13,3.2,323,4,4.2,3911,10085,0,0,2,2,1,0,0,0,80,58.8,69.1,18.0,14.6,0.09,0.65,0.74,0.03,0.18,0.21,0.98,44,12.26,,3,,2.1,3.2,3.2
587,Rulli,Gerónimo,Rulli,15,1,50,0,0,a,,,,0.0,0,0.0,0,0,0.0,48,55,0,0,0,0,0,0,0,0,0,0.0,0.0,0.0,0.0,0.00,0.00,0.00,0,0,0,0,0,0,,,,0.0,0.0,0.0
616,Bouaddi,Ayyoub,Bouaddi,15,3,55,0,0,a,,,,0.7,2,1.0,22,0,0.2,1152,978,0,0,0,0,0,0,0,0,8,13.0,4.8,0.0,1.8,0.00,0.12,0.12,0.0,0.49,0.49,1.51,6,24.55,,,,0.4,0.7,0.7
621,McAidoo,Ryan,McAidoo,15,3,45,0,0,a,,,,0.7,2,1.0,11,0,0.1,389,508,0,0,0,0,0,0,0,0,8,5.2,0.5,3.0,0.8,0.10,0.00,0.10,0.82,0.0,0.82,0.16,4,32.73,,,,0.4,0.7,0.7
622,Braithwaite,Kaden,Braithwaite,15,2,40,0,0,a,,,,0.3,1,1.0,1,0,0.2,851,746,0,0,0,0,0,0,0,0,3,0.6,0.8,0.0,0.1,0.00,0.00,0.00,0.0,0.0,0.0,0.0,0,0.0,,,,0.2,0.3,0.3
628,Allan,Allan,Andrade Elias,15,3,60,0,0,a,,,,0.0,0,0.0,0,0,0.0,68,49,0,0,0,0,0,0,0,0,0,0.0,0.0,0.0,0.0,0.00,0.00,0.00,0,0,0,0,0,0,,,,0.0,0.0,0.0
653,Samba,Floyd,Samba,15,3,45,0,0,a,,,,0.0,0,0.0,0,0,0.0,238,258,0,0,0,0,0,0,0,0,0,0.0,0.0,0.0,0.0,0.00,0.00,0.00,0,0,0,0,0,0,,,,0.0,0.0,0.0
43,Tielemans,Youri,Tielemans,16,3,59,-1,0,a,100,,2026-07-23T12:01:23.321726Z,2.5,10,2.5,312,4,1.7,2323,5674,0,0,0,7,0,0,0,0,71,56.8,76.5,33.0,16.7,0.56,0.31,0.87,0.16,0.09,0.25,1.31,30,8.65,3,,,1.7,2.5,2.5
131,Baleba,Carlos,Baleba,16,3,50,0,0,i,0,Ankle injury - Expected back 19 Sep,2026-08-06T16:00:10.997714Z,0.0,0,0.0,0,0,0.1,166,575,0,0,0,0,0,0,0,0,0,0.0,0.0,0.0,0.0,0.00,0.00,0.00,0,0,0,0,0,0,,,,0.0,0.0,0.0
162,Andrey Santos,Andrey,Nascimento dos Santos,16,3,49,-1,0,a,,,,1.0,4,1.3,82,1,0.7,568,3525,0,0,0,4,0,0,0,0,23,24.8,5.5,8.0,3.9,0.00,0.24,0.24,0.0,0.26,0.26,2.23,18,19.76,,,,0.8,1.0,1.0
325,Darlow,Karl,Darlow,16,1,45,0,0,a,100,,2026-07-23T12:01:23.549136Z,0.0,0,0.0,0,0,0.0,50,86,0,0,0,0,0,0,0,0,0,0.0,0.0,0.0,0.0,0.00,0.00,0.00,0,0,0,0,0,0,,,,0.0,0.0,0.0
412,Lammens,Senne,Lammens,16,1,49,-1,-1,a,,,,1.8,7,1.8,360,4,11.2,4544,30478,0,0,0,7,0,0,10,0,36,79.0,0.0,0.0,7.9,0.00,0.00,0.00,0.0,0.0,0.0,1.27,0,0.0,,,,1.4,1.8,1.8
413,Bayindir,Altay,Bayındır,16,1,45,0,0,u,0,Has joined Celta Vigo on loan for the rest of the season,2026-08-10T14:02:28.608415Z,0.0,0,0.0,0,0,0.0,0,23,0,0,0,0,0,0,0,0,0,0.0,0.0,0.0,0.0,0.00,0.00,0.00,0,0,0,0,0,0,,,,0.0,0.0,0.0
414,Heaton,Tom,Heaton,16,1,40,0,0,i,0,Hamstring injury - Unknown return date,2026-08-15T16:00:07.854151Z,0.0,0,0.0,0,0,0.1,76,108,0,0,0,0,0,0,0,0,0,0.0,0.0,0.0,0.0,0.00,0.00,0.00,0,0,0,0,0,0,,,,0.0,0.0,0.0
415,Dorgu,Patrick,Dorgu,16,3,58,-2,0,a,,,,1.5,6,1.5,165,2,0.6,800,2316,0,0,0,6,1,0,0,0,15,11.2,14.2,57.0,7.3,0.65,0.08,0.73,0.35,0.04,0.39,1.78,18,9.82,,,,1.0,1.5,1.5
416,De Ligt,Matthijs,de Ligt,16,2,50,0,0,i,0,Back injury - Unknown return date,2026-07-23T12:01:23.690880Z,0.0,0,0.0,0,0,0.0,25,70,0,0,0,0,0,0,0,0,0,0.0,0.0,0.0,0.0,0.00,0.00,0.00,0,0,0,0,0,0,,,,0.0,0.0,0.0
417,Dalot,Diogo,Dalot Teixeira,16,2,49,-1,0,a,,,,1.5,6,1.5,256,3,1.8,1083,4013,0,0,0,3,1,0,0,0,33,28.8,76.2,39.0,14.5,0.18,0.18,0.36,0.06,0.06,0.12,1.04,14,4.92,,,,1.2,1.5,1.5
418,Maguire,Harry,Maguire,16,2,49,-1,0,a,,,,2.0,8,2.0,360,4,10.5,4147,26801,0,1,0,7,2,0,0,0,33,59.4,31.4,27.0,11.8,0.15,0.43,0.58,0.04,0.11,0.15,1.27,26,6.5,,,,1.6,2.0,2.0
419,Martinez,Lisandro,Martínez,16,2,50,0,0,a,100,,2026-07-24T20:00:10.337107Z,1.5,6,2.0,270,3,1.3,3399,1913,0,0,0,5,0,0,0,0,23,33.8,2.1,3.0,3.9,0.06,0.14,0.20,0.02,0.05,0.07,1.35,16,5.33,,,,1.2,1.5,1.5
420,Yoro,Leny,Yoro,16,2,49,-1,0,a,,,,0.5,2,1.0,22,0,0.5,239,1244,0,0,0,2,0,0,0,0,-1,7.8,2.4,2.0,1.3,0.00,0.02,0.02,0.0,0.08,0.08,4.46,5,20.45,,,,0.4,0.5,0.5
421,Heaven,Ayden,Heaven,16,2,44,-1,0,a,,,,0.2,1,1.0,90,1,0.3,220,924,0,0,0,2,0,0,0,0,5,6.8,2.6,11.0,2.0,0.12,0.04,0.16,0.12,0.04,0.16,1.01,2,2.0,,,,0.2,0.2,0.2
422,Mazraoui,Noussair,Mazraoui,16,2,44,-1,0,a,,,,0.8,3,1.0,97,1,0.6,985,1903,0,0,0,4,0,0,0,0,6,21.0,31.2,11.0,6.4,0.22,0.06,0.28,0.2,0.06,0.26,1.93,6,5.57,,,,0.7,0.8,0.8
423,Shaw,Luke,Shaw,16,2,44,-1,0,d,75,Unspecified injury - 75% chance of playing,2026-09-11T13:00:09.030120Z,1.8,7,2.3,252,3,11.2,933,68071,0,1,0,4,1,0,0,0,47,86.0,85.6,13.0,18.4,0.02,0.51,0.53,0.01,0.18,0.19,1.08,20,7.14,,3,,1.6,1.4,1.4
424,Amass,Harry,Amass,16,2,40,0,0,a,,,,0.0,0,0.0,0,0,0.2,448,445,0,0,0,0,0,0,0,0,0,0.0,0.0,0.0,0.0,0.00,0.00,0.00,0,0,0,0,0,0,,,,0.0,0.0,0.0
425,Fredricson,Tyler,Fredricson,16,2,40,0,0,u,0,Has joined Lausanne-Sport permanently,2026-08-18T14:12:31.904433Z,0.0,0,0.0,0,0,0.0,0,39,0,0,0,0,0,0,0,0,0,0.0,0.0,0.0,0.0,0.00,0.00,0.00,0,0,0,0,0,0,,,,0.0,0.0,0.0
426,B.Fernandes,Bruno,Borges Fernandes,16,3,120,0,0,a,,,,7.2,29,7.2,360,4,42.5,19815,52917,3,1,0,7,0,0,0,3,133,156.0,151.5,97.0,40.5,2.28,0.95,3.23,0.57,0.24,0.81,1.27,23,5.75,1,1,1,2.4,7.2,7.2
427,Mbeumo,Bryan,Mbeumo,16,3,79,-1,0,a,,,,5.8,23,5.8,360,4,23.4,22251,44132,2,1,0,7,1,0,0,3,87,95.0,85.1,102.0,28.3,2.80,0.55,3.35,0.7,0.14,0.84,1.27,22,5.5,2,2,2,2.9,5.8,5.8
428,Cunha,Matheus,Santos Carneiro da Cunha,16,3,79,-1,0,a,,,,4.0,16,4.0,317,4,6.3,3527,17482,0,2,1,4,0,0,0,1,63,28.2,62.0,73.0,16.4,0.58,0.44,1.02,0.16,0.12,0.28,1.05,10,2.84,,,,2.0,4.0,4.0
429,Rashford,Marcus,Rashford,16,3,70,0,0,a,,,,2.0,8,2.0,275,3,1.6,4608,4555,0,0,1,2,0,0,0,0,43,31.4,95.4,70.0,19.6,0.38,0.30,0.68,0.12,0.1,0.22,0.91,16,5.24,,,3,1.1,2.0,2.0
430,Mount,Mason,Mount,16,3,54,-1,0,a,100,,2026-08-15T16:00:07.879135Z,0.0,0,0.0,0,0,0.0,95,63,0,0,0,0,0,0,0,0,0,0.0,0.0,0.0,0.0,0.00,0.00,0.00,0,0,0,0,0,0,,,4,0.0,0.0,0.0
431,Amad,Amad,Diallo,16,3,58,-2,0,i,0,Unspecified injury - Unknown return date,2026-08-22T11:00:08.617283Z,0.0,0,0.0,0,0,0.3,25,1584,0,0,0,0,0,0,0,0,0,0.0,0.0,0.0,0.0,0.00,0.00,0.00,0,0,0,0,0,0,,4,,0.0,0.0,0.0
432,Mainoo,Kobbie,Mainoo,16,3,55,0,0,a,,,,4.5,18,4.5,275,3,1.4,7514,2416,0,1,0,3,0,0,0,2,83,52.2,34.2,11.0,9.7,0.24,0.42,0.66,0.08,0.14,0.22,0.99,44,14.4,,,,3.3,4.5,4.5
433,Ugarte,Manuel,Ugarte Ribeiro,16,3,50,0,0,i,0,Knee injury - Unknown return date,2026-07-23T12:01:23.706702Z,0.0,0,0.0,0,0,0.0,6,11,0,0,0,0,0,0,0,0,0,0.0,0.0,0.0,0.0,0.00,0.00,0.00,0,0,0,0,0,0,,,,0.0,0.0,0.0
434,J.Fletcher,Jack,Fletcher,16,3,49,-1,0,a,,,,0.0,0,0.0,0,0,0.0,19,37,0,0,0,0,0,0,0,0,0,0.0,0.0,0.0,0.0,0.00,0.00,0.00,0,0,0,0,0,0,,,,0.0,0.0,0.0
435,Lacey,Shea,Lacey,16,3,49,-1,0,a,,,,0.2,1,1.0,10,0,0.1,51,169,0,0,0,0,0,0,0,0,3,0.2,0.6,0.0,0.1,0.00,0.00,0.00,0.0,0.0,0.0,0.0,1,9.0,,,,0.2,0.2,0.2
436,Collyer,Toby,Collyer,16,3,50,0,0,u,0,Has joined West Brom permanently,2026-09-01T13:16:48.584385Z,0.0,0,0.0,0,0,0.0,0,33,0,0,0,0,0,0,0,0,0,0.0,0.0,0.0,0.0,0.00,0.00,0.00,0,0,0,0,0,0,,,,0.0,0.0,0.0
437,Bendito Mantato,Bendito,Mantato,16,3,45,0,0,a,,,,0.0,0,0.0,0,0,0.2,198,449,0,0,0,0,0,0,0,0,0,0.0,0.0,0.0,0.0,0.00,0.00,0.00,0,0,0,0,0,0,,,,0.0,0.0,0.0
438,Fletcher,Tyler,Fletcher,16,3,45,0,0,a,,,,0.0,0,0.0,0,0,0.3,198,688,0,0,0,0,0,0,0,0,0,0.0,0.0,0.0,0.0,0.00,0.00,0.00,0,0,0,0,0,0,,,,0.0,0.0,0.0
439,Šeško,Benjamin,Sesko,16,4,70,0,0,a,100,,2026-07-23T12:01:23.722029Z,2.0,8,2.0,76,0,1.8,7971,4533,1,0,0,3,0,0,0,0,39,33.4,11.2,32.0,7.6,0.39,0.01,0.40,0.46,0.01,0.47,2.24,5,5.92,,,,1.1,2.0,2.0
440,Zirkzee,Joshua,Zirkzee,16,4,54,-1,0,a,,,,0.2,1,1.0,7,0,0.4,827,1492,0,0,0,0,0,0,0,0,4,0.0,0.0,0.0,0.0,0.00,0.01,0.01,0.0,0.13,0.13,0.26,3,38.57,,,,0.2,0.2,0.2
441,Obi,Chido,Obi,16,4,45,0,0,a,,,,0.0,0,0.0,0,0,1.2,3544,3035,0,0,0,0,0,0,0,0,0,0.0,0.0,0.0,0.0,0.00,0.00,0.00,0,0,0,0,0,0,,,,0.0,0.0,0.0
405,N.Gonzalez,Nico,González Iglesias,17,3,55,0,0,a,,,,1.0,4,2.0,146,2,0.3,636,595,0,0,1,2,1,0,0,0,20,13.4,41.9,2.0,5.8,0.00,0.21,0.21,0.0,0.13,0.13,1.28,11,6.78,,,,0.7,1.0,1.0
442,Pope,Nick,Pope,17,1,49,-1,0,a,,,,0.0,0,0.0,0,0,1.0,510,1594,0,0,0,0,0,0,0,0,0,0.0,0.0,0.0,0.0,0.00,0.00,0.00,0,0,0,0,0,0,,,,0.0,0.0,0.0
443,Gillespie,Mark,Gillespie,17,1,45,0,0,a,,,,0.0,0,0.0,0,0,0.0,36,44,0,0,0,0,0,0,0,0,0,0.0,0.0,0.0,0.0,0.00,0.00,0.00,0,0,0,0,0,0,,,,0.0,0.0,0.0
444,Jaouen,Ewen,Jaouen,17,1,45,0,0,d,50,Ankle injury - 50% chance of playing,2026-09-10T16:00:09.127466Z,0.0,0,0.0,0,0,0.0,7,77,0,0,0,0,0,0,0,0,0,0.0,0.0,0.0,0.0,0.00,0.00,0.00,0,0,0,0,0,0,,,,0.0,0.0,0.0
445,Thiaw,Malick,Thiaw,17,2,50,0,0,a,,,,2.0,8,2.7,270,3,2.2,4624,3683,0,0,1,4,0,0,0,0,25,52.2,14.0,2.0,6.8,0.00,0.07,0.07,0.0,0.02,0.02,1.82,21,7.0,,,,1.6,2.0,2.0
446,Schär,Fabian,Schär,17,2,50,0,0,a,100,,2026-08-15T16:30:07.209742Z,0.2,1,1.0,1,0,0.2,350,442,0,0,0,1,0,0,0,0,-1,0.0,0.0,0.0,0.0,0.00,0.00,0.00,0.0,0.0,0.0,71.1,0,0.0,,,2,0.2,0.2,0.2
447,Botman,Sven,Botman,17,2,50,0,0,a,,,,2.2,9,3.0,270,3,0.7,1467,1111,0,0,1,4,1,0,0,0,29,69.6,3.0,6.0,7.9,0.01,0.17,0.18,0.0,0.06,0.06,1.82,24,8.0,,,,1.8,2.2,2.2
448,Burn,Dan,Burn,17,2,49,-1,0,i,0,Ankle injury - Expected back 14 Sep,2026-08-23T18:00:08.367241Z,0.0,0,0.0,0,0,0.9,50,3215,0,0,0,0,0,0,0,0,0,0.0,0.0,0.0,0.0,0.00,0.00,0.00,0,0,0,0,0,0,,,,0.0,0.0,0.0
449,Hall,Lewis,Hall,17,2,52,2,0,a,,,,4.5,18,6.0,269,3,14.4,58018,11784,0,1,1,4,0,0,0,3,80,89.0,55.9,7.0,15.1,0.04,0.67,0.71,0.01,0.22,0.23,1.82,30,10.04,,1,1,3.5,4.5,4.5
450,Livramento,Tino,Livramento,17,2,49,-1,0,a,100,,2026-07-23T12:01:23.753221Z,0.2,1,1.0,1,0,0.1,739,186,0,0,0,0,0,0,0,0,3,0.2,0.0,0.0,0.0,0.00,0.00,0.00,0.0,0.0,0.0,1.8,0,0.0,,,,0.2,0.2,0.2
451,A.Murphy,Alex,Murphy,17,2,40,0,0,u,0,Has joined FC Kaiserslautern on loan for the rest of the season,2026-08-12T14:05:29.224600Z,0.0,0,0.0,0,0,0.1,0,199,0,0,0,0,0,0,0,0,0,0.0,0.0,0.0,0.0,0.00,0.00,0.00,0,0,0,0,0,0,,,,0.0,0.0,0.0
453,Barnes,Harvey,Barnes,17,3,60,0,0,a,,,,4.2,17,5.7,270,3,2.8,20644,4070,1,1,1,4,0,0,0,2,58,45.4,27.3,39.0,11.2,0.22,0.06,0.28,0.07,0.02,0.09,1.82,18,6.0,,3,,2.8,4.2,4.2
454,Elanga,Anthony,Elanga,17,3,62,2,0,a,,,,4.5,18,6.0,232,3,11.5,34391,23602,2,0,1,3,1,0,0,2,71,82.6,50.6,61.0,19.4,0.42,0.34,0.76,0.16,0.13,0.29,1.56,9,3.49,,2,,2.9,4.5,4.5
456,J.Ramsey,Jacob,Ramsey,17,3,49,-1,0,a,,,,1.8,7,2.3,69,0,0.4,1061,958,1,0,0,1,1,0,0,0,26,40.4,6.3,21.0,6.7,0.17,0.16,0.33,0.22,0.21,0.43,2.5,11,14.35,,,,1.4,1.8,1.8
457,J.Murphy,Jacob,Murphy,17,3,59,-1,0,a,,,,0.5,2,0.7,35,0,0.1,197,353,0,0,0,1,1,0,0,0,7,2.4,3.5,4.0,0.9,0.00,0.20,0.20,0.0,0.51,0.51,3.75,6,15.43,,4,,0.3,0.5,0.5
458,Joelinton,Joelinton Cássio,Apolinário de Lira,17,3,54,-1,0,i,0,Unspecified injury - Unknown return date,2026-08-16T08:00:08.074045Z,0.0,0,0.0,0,0,0.0,5,55,0,0,0,0,0,0,0,0,0,0.0,0.0,0.0,0.0,0.00,0.00,0.00,0,0,0,0,0,0,,,,0.0,0.0,0.0
459,L.Miley,Lewis,Miley,17,3,55,0,0,a,100,,2026-07-23T12:01:23.785456Z,2.0,8,2.7,227,3,0.1,196,213,0,0,1,3,1,0,0,0,40,30.0,37.2,5.0,7.2,0.05,0.07,0.12,0.02,0.03,0.05,1.74,26,10.31,,5,,1.5,2.0,2.0
460,Willock,Joe,Willock,17,3,50,0,0,a,,,,2.8,11,3.7,166,2,0.5,1606,1534,1,0,1,3,0,0,0,0,34,44.4,20.4,28.0,8.5,0.52,0.20,0.72,0.28,0.11,0.39,1.94,8,4.34,,,,2.2,2.8,2.8
461,Touré,Bazoumana,Touré,17,3,58,-2,0,a,,,,0.2,1,1.0,1,0,0.1,87,449,0,0,0,0,0,0,0,0,3,0.0,0.0,0.0,0.0,0.00,0.00,0.00,0.0,0.0,0.0,0.0,0,0.0,,,,0.2,0.2,0.2
462,Steur,Sean,Steur,17,3,49,-1,0,a,,,,0.8,3,1.0,87,1,0.1,72,260,0,0,0,1,0,0,0,0,10,7.4,1.7,0.0,1.0,0.00,0.00,0.00,0.0,0.0,0.0,1.97,7,7.24,,,,0.6,0.8,0.8
463,Woltemade,Nick,Woltemade,17,4,59,-1,0,u,0,Has joined Juventus on loan for the rest of the season,2026-09-02T16:07:16.549304Z,1.0,4,4.0,19,0,0.6,0,3883,0,1,0,0,0,0,0,0,18,18.2,10.5,11.0,4.0,0.02,0.01,0.03,0.09,0.05,0.14,1.8,0,0.0,,,,0.7,0.0,0.0
464,Wissa,Yoane,Wissa,17,4,62,2,0,a,,,,3.2,13,4.3,261,3,18.5,60323,24881,1,1,1,3,2,0,0,2,51,55.6,33.9,74.0,16.3,1.35,0.05,1.40,0.47,0.02,0.49,1.48,17,5.86,2,,,2.1,3.2,3.2
465,Osula,William,Osula,17,4,59,-1,0,i,0,Foot injury - Unknown return date,2026-08-25T19:00:08.004915Z,1.0,4,4.0,55,1,0.4,51,1730,0,1,0,1,0,0,0,0,18,28.2,13.7,8.0,5.0,0.06,0.14,0.20,0.1,0.23,0.33,2.42,5,8.18,1,,4,0.7,0.0,0.0
466,Neave,Sean,Neave,17,4,45,0,0,u,0,Has joined Wolves on loan for the rest of the season,2026-09-04T12:37:43.515176Z,0.0,0,0.0,0,0,0.6,0,2432,0,0,0,0,0,0,0,0,0,0.0,0.0,0.0,0.0,0.00,0.00,0.00,0,0,0,0,0,0,,,,0.0,0.0,0.0
559,Bamba,Aladji,Bamba,17,3,49,-1,0,a,,,,0.2,1,1.0,14,0,0.1,79,279,0,0,0,1,0,0,0,0,5,4.0,0.0,0.0,0.4,0.00,0.00,0.00,0.0,0.0,0.0,6.69,2,12.86,,,,0.2,0.2,0.2
567,Horníček,Lukás,Hornícek,17,1,50,0,0,a,,,,2.5,10,3.3,270,3,1.4,6452,2358,0,0,1,4,1,0,13,0,56,109.2,0.0,0.0,10.9,0.00,0.00,0.00,0.0,0.0,0.0,1.82,0,0.0,,,,2.0,2.5,2.5
593,Dedić,Amar,Dedic,17,2,45,0,0,d,75,Hamstring injury - 75% chance of playing,2026-09-09T14:30:08.475769Z,3.2,13,4.3,270,3,3.0,2738,11598,0,1,1,4,0,0,0,2,39,59.6,38.0,15.0,11.3,0.14,0.08,0.22,0.05,0.03,0.08,1.82,18,6.0,,,3,2.9,2.4,2.4
609,Shahar,Leo,Shahar,17,2,40,0,0,u,0,has joined Arouca on loan for the rest of the seaon.,2026-09-11T14:41:57.406766Z,0.0,0,0.0,0,0,0.2,0,2117,0,0,0,0,0,0,0,0,0,0.0,0.0,0.0,0.0,0.00,0.00,0.00,0,0,0,0,0,0,,,,0.0,0.0,0.0
634,Fernandez-Pardo,Matias,Fernandez-Pardo,17,4,60,0,0,a,,,,0.5,1,1.0,27,0,0.1,817,325,0,0,0,0,0,0,0,0,4,0.0,0.8,6.0,0.7,0.00,0.00,0.00,0.0,0.0,0.0,0.13,1,3.33,,,,0.2,0.5,0.5
167,Delap,Liam,Delap,18,4,55,0,0,a,,,,2.0,8,2.7,187,2,1.1,27141,2127,1,0,1,2,1,0,0,0,40,6.4,30.9,12.0,4.9,0.76,0.14,0.90,0.37,0.07,0.44,0.94,9,4.33,3,,,1.5,2.0,2.0
201,Muñoz,Daniel,Muñoz Mejía,18,2,54,-1,0,a,,,,0.8,3,1.0,175,2,5.5,6152,11944,0,0,0,3,0,0,0,0,24,3.6,2.6,25.0,3.1,0.48,0.19,0.67,0.25,0.1,0.35,0.99,12,6.17,,,,0.6,0.8,0.8
467,Sels,Matz,Sels,18,1,50,0,0,a,,,,3.0,12,3.0,360,4,1.4,6520,1831,0,0,1,4,0,0,9,0,57,33.2,0.0,0.0,3.3,0.00,0.01,0.01,0.0,0.0,0.0,1.02,0,0.0,,,,2.4,3.0,3.0
468,John,John Victor,Maciel Furtado,18,1,45,0,0,a,,,,0.0,0,0.0,0,0,0.1,38,76,0,0,0,0,0,0,0,0,0,0.0,0.0,0.0,0.0,0.00,0.00,0.00,0,0,0,0,0,0,,,,0.0,0.0,0.0
469,N.Williams,Neco,Williams,18,2,50,0,0,a,,,,4.2,17,4.2,360,4,8.3,17320,9009,0,1,1,4,0,0,0,1,66,61.0,42.0,16.0,11.9,0.32,0.40,0.72,0.08,0.1,0.18,1.02,27,6.75,,2,3,3.4,4.2,4.2
470,Morato,Felipe,Rodrigues da Silva,18,2,50,0,0,u,0,Has joined West Ham on loan for the rest of the season,2026-09-02T16:19:54.503286Z,0.0,0,0.0,0,0,0.0,0,119,0,0,0,0,0,0,0,0,0,0.0,0.0,0.0,0.0,0.00,0.00,0.00,0,0,0,0,0,0,,,,0.0,0.0,0.0
471,Milenković,Nikola,Milenković,18,2,55,0,0,d,75,Hamstring injury - 75% chance of playing,2026-09-12T14:00:09.705107Z,3.0,12,4.0,270,3,1.5,144,9536,0,0,1,3,1,0,0,0,34,53.2,1.4,16.0,7.0,0.11,0.03,0.14,0.04,0.01,0.05,1.09,31,10.33,,,,2.2,3.0,2.2
472,Murillo,Murillo,Costa dos Santos,18,2,55,0,0,a,100,,2026-07-23T12:01:23.801183Z,4.8,19,4.8,359,4,1.7,10412,1517,0,1,1,4,1,0,0,0,60,61.2,27.4,18.0,10.7,0.35,0.29,0.64,0.09,0.07,0.16,1.03,42,10.53,,,2,3.5,4.8,4.8
473,Aina,Ola,Aina,18,2,45,0,0,a,,,,2.0,8,2.0,306,4,2.6,4014,5758,0,0,1,3,2,0,0,0,45,40.8,51.6,15.0,10.8,0.04,0.53,0.57,0.01,0.16,0.17,1.09,22,6.47,,,,1.8,2.0,2.0
474,Jair Cunha,Jair,Paula da Cunha Filho,18,2,45,0,0,d,75,Hamstring injury - 75% chance of playing,2026-09-12T14:00:09.724349Z,2.5,10,3.3,270,3,0.2,87,1105,0,0,1,3,1,0,0,0,35,55.4,2.4,1.0,5.9,0.03,0.01,0.04,0.01,0.0,0.01,1.09,28,9.33,,,,2.2,2.5,1.9
475,Savona,Nicolò,Savona,18,2,45,0,0,i,0,Knee injury - Unknown return date,2026-07-23T12:01:23.816304Z,0.0,0,0.0,0,0,0.0,4,3,0,0,0,0,0,0,0,0,0,0.0,0.0,0.0,0.0,0.00,0.00,0.00,0,0,0,0,0,0,,,,0.0,0.0,0.0
476,O.Richards,Omar,Richards,18,2,40,0,0,a,,,,0.0,0,0.0,0,0,0.2,245,367,0,0,0,0,0,0,0,0,0,0.0,0.0,0.0,0.0,0.00,0.00,0.00,0,0,0,0,0,0,,,,0.0,0.0,0.0
477,Abbott,Zach,Abbott,18,2,40,0,0,u,0,Has joined Southampton on loan for the rest of the season,2026-09-02T16:19:54.536676Z,0.0,0,0.0,0,0,0.2,0,601,0,0,0,0,0,0,0,0,0,0.0,0.0,0.0,0.0,0.00,0.00,0.00,0,0,0,0,0,0,,,,0.0,0.0,0.0
478,Netz,Luca,Netz,18,2,45,0,0,a,,,,0.5,2,1.0,20,0,0.0,35,88,0,0,0,1,0,0,0,0,3,2.0,0.9,0.0,0.3,0.00,0.00,0.00,0.0,0.0,0.0,0.58,1,4.5,,,,0.4,0.5,0.5
479,Bindon,Tyler,Bindon,18,2,40,0,0,u,0,Has joined Charlton Athletic on loan for the rest of the season,2026-09-01T13:16:05.383880Z,0.0,0,0.0,0,0,0.1,0,353,0,0,0,0,0,0,0,0,0,0.0,0.0,0.0,0.0,0.00,0.00,0.00,0,0,0,0,0,0,,,,0.0,0.0,0.0
480,Gibbs-White,Morgan,Gibbs-White,18,3,79,-1,0,a,100,,2026-08-24T15:30:08.350159Z,6.5,26,6.5,360,4,10.2,76256,8656,1,2,1,4,0,0,0,6,91,62.0,24.8,46.0,13.2,1.56,1.02,2.58,0.39,0.26,0.65,1.02,19,4.75,1,,1,3.3,6.5,6.5
482,Hudson-Odoi,Callum,Hudson-Odoi,18,3,58,-2,-1,a,100,,2026-07-23T12:01:23.832709Z,0.2,1,1.0,1,0,0.2,281,728,0,0,0,0,0,0,0,0,2,0.0,0.3,0.0,0.0,0.00,0.00,0.00,0.0,0.0,0.0,0.0,0,0.0,,,4,0.2,0.2,0.2
483,Ndoye,Dan,Ndoye,18,3,55,0,0,a,,,,3.5,14,3.5,258,4,0.7,3063,2913,1,0,1,2,1,0,0,2,41,37.6,25.8,36.0,10.0,1.05,0.88,1.93,0.37,0.31,0.68,1.12,19,6.63,,,,2.5,3.5,3.5
484,Hutchinson,Omari,Hutchinson,18,3,54,-1,0,u,0,Has joined AC Milan on loan for the rest of the season,2026-09-01T13:23:52.340206Z,0.0,0,0.0,0,0,0.1,0,321,0,0,0,0,0,0,0,0,0,0.0,0.0,0.0,0.0,0.00,0.00,0.00,0,0,0,0,0,0,,,,0.0,0.0,0.0
485,Bakwa,Dilane,Bakwa,18,3,55,0,0,u,0,Has joined Lille on loan for the rest of the season,2026-08-27T14:53:03.381941Z,0.0,0,0.0,0,0,0.0,0,20,0,0,0,0,0,0,0,0,0,0.0,0.0,0.0,0.0,0.00,0.00,0.00,0,0,0,0,0,0,,,,0.0,0.0,0.0
486,McAtee,James,McAtee,18,3,55,0,0,a,,,,2.5,10,2.5,334,4,0.1,564,325,0,0,2,3,2,0,0,0,74,34.0,120.5,10.0,16.5,0.16,0.92,1.08,0.04,0.25,0.29,1.05,35,9.43,,1,,1.8,2.5,2.5
487,Dominguez,Nicolás,Domínguez,18,3,49,-1,0,a,,,,0.2,1,1.0,1,0,0.1,63,192,0,0,0,0,0,0,0,0,3,0.2,0.0,0.0,0.0,0.00,0.00,0.00,0.0,0.0,0.0,0.0,0,0.0,,,,0.2,0.2,0.2
488,I.Sangaré,Ibrahim,Sangaré,18,3,49,-1,0,a,100,,2026-08-28T09:30:07.471668Z,0.8,3,1.5,98,1,0.5,326,1197,0,0,0,1,0,0,0,0,12,17.8,13.0,3.0,3.4,0.09,0.02,0.11,0.08,0.02,0.1,0.51,8,7.35,,,,0.6,0.8,0.8
489,Yates,Ryan,Yates,18,3,45,0,0,a,100,,2026-08-17T20:30:08.195072Z,0.0,0,0.0,0,0,1.3,1037,4237,0,0,0,0,0,0,0,0,0,0.0,0.0,0.0,0.0,0.00,0.00,0.00,0,0,0,0,0,0,,,,0.0,0.0,0.0
490,Wood,Chris,Wood,18,4,58,-2,-1,a,,,,0.8,3,1.0,45,0,1.0,898,4198,0,0,0,1,0,0,0,0,9,0.2,2.5,3.0,0.4,0.12,0.01,0.13,0.24,0.02,0.26,0.98,1,2.0,2,,,0.5,0.8,0.8
491,Igor Jesus,Igor Jesus,Maciel da Cruz,18,4,58,-2,-1,a,,,,2.8,11,2.8,226,2,2.5,10916,6822,1,0,0,3,1,0,0,2,49,15.0,20.5,69.0,10.5,1.09,0.07,1.16,0.43,0.03,0.46,1.02,12,4.78,4,,,1.9,2.8,2.8
493,Kalimuendo,Arnaud,Kalimuendo,18,4,54,-1,0,a,,,,0.2,1,1.0,1,0,0.1,150,219,0,0,0,0,0,0,0,0,3,0.0,0.0,0.0,0.0,0.00,0.00,0.00,0.0,0.0,0.0,0.0,0,0.0,,,,0.2,0.2,0.2
558,Schlager,Xaver,Schlager,18,3,50,0,0,a,,,,2.8,11,2.8,286,3,0.1,471,235,0,0,1,4,1,0,0,0,54,33.0,4.0,10.0,4.8,0.14,0.08,0.22,0.04,0.03,0.07,1.18,42,13.22,,3,,2.2,2.8,2.8
581,Diomande,Ousmane,Diomande,18,2,54,-1,0,a,,,,1.2,5,2.5,91,1,0.5,804,798,0,0,0,1,0,0,0,0,13,0.0,0.0,0.0,0.0,0.11,0.00,0.11,0.11,0.0,0.11,0.81,14,13.85,,,,0.9,1.2,1.2
590,Benda,Steven,Benda,18,1,45,0,0,a,,,,0.0,0,0.0,0,0,0.1,101,118,0,0,0,0,0,0,0,0,0,0.0,0.0,0.0,0.0,0.00,0.00,0.00,0,0,0,0,0,0,,,,0.0,0.0,0.0
112,Van Hecke,Jan Paul,van Hecke,19,2,49,-1,0,a,,,,4.5,18,4.5,360,4,6.8,10250,8148,0,0,2,5,0,0,0,2,68,71.4,29.3,46.0,14.6,0.34,0.12,0.46,0.08,0.03,0.11,1.66,34,8.5,,,,3.7,4.5,4.5
147,Tosin,Tosin,Adarabioyo,19,2,44,-1,0,a,,,,0.2,1,1.0,5,0,0.2,119,241,0,0,0,0,0,0,0,0,5,0.0,0.0,0.0,0.0,0.00,0.00,0.00,0.0,0.0,0.0,0.54,4,72.0,,,,0.2,0.2,0.2
401,Marmoush,Omar,Marmoush,19,4,70,0,0,a,,,,1.5,6,2.0,249,3,2.2,4502,13311,0,0,2,2,0,0,0,0,29,9.2,37.5,38.0,8.2,0.36,0.11,0.47,0.13,0.04,0.17,0.97,9,3.25,2,,5,0.9,1.5,1.5
403,Sávio,Sávio,Moreira de Oliveira,19,3,65,0,0,a,100,,2026-08-29T16:30:08.380416Z,1.5,6,3.0,150,2,0.7,2131,3431,0,0,2,0,0,0,0,0,37,6.2,17.3,15.0,3.9,0.12,0.53,0.65,0.07,0.32,0.39,0.96,6,3.6,,4,,0.9,1.5,1.5
455,Tonali,Sandro,Tonali,19,3,54,-1,0,a,,,,3.0,12,3.0,344,4,2.4,1829,9981,0,0,2,5,0,0,0,0,68,34.0,40.7,12.0,8.7,0.18,0.40,0.58,0.05,0.1,0.15,1.73,31,8.11,,,,2.2,3.0,3.0
494,Vicario,Guglielmo,Vicario,19,1,45,0,0,u,0,Has joined Juventus on loan for the rest of the season,2026-08-19T13:55:33.193962Z,0.0,0,0.0,0,0,0.1,0,544,0,0,0,0,0,0,0,0,0,0.0,0.0,0.0,0.0,0.00,0.00,0.00,0,0,0,0,0,0,,,,0.0,0.0,0.0
495,Austin,Brandon,Austin,19,1,40,0,0,a,,,,0.0,0,0.0,0,0,1.0,1478,1074,0,0,0,0,0,0,0,0,0,0.0,0.0,0.0,0.0,0.00,0.00,0.00,0,0,0,0,0,0,,,,0.0,0.0,0.0
496,Kinsky,Antonín,Kinský,19,1,45,0,0,a,,,,4.0,16,4.0,360,4,18.5,21282,17305,0,0,2,5,0,0,9,0,72,57.8,10.0,0.0,6.8,0.00,0.00,0.00,0.0,0.0,0.0,1.66,0,0.0,,,,3.6,4.0,4.0
497,Dubravka,Martin,Dubravka,19,1,40,0,0,a,,,,0.0,0,0.0,0,0,17.8,11932,18982,0,0,0,0,0,0,0,0,0,0.0,0.0,0.0,0.0,0.00,0.00,0.00,0,0,0,0,0,0,,,,0.0,0.0,0.0
498,Senesi,Marcos,Senesi Barón,19,2,58,-2,-1,a,,,,0.8,3,3.0,90,1,4.2,700,21719,0,0,0,3,0,0,0,0,10,36.6,2.2,0.0,3.9,0.00,0.02,0.02,0.0,0.02,0.02,3.87,16,16.0,,,,0.5,0.8,0.8
499,Pedro Porro,Pedro,Porro Sauceda,19,2,55,0,0,d,75,Unspecified injury - 75% chance of playing,2026-09-11T18:00:09.076279Z,2.0,8,4.0,180,2,10.0,659,67362,0,0,1,2,0,0,0,1,29,22.6,43.7,27.0,9.3,0.36,0.16,0.52,0.18,0.08,0.26,0.82,8,4.0,,3,1,1.5,1.5,1.5
500,Romero,Cristian,Romero,19,2,50,0,0,u,0,Has joined Atletico Madrid permanently,2026-08-17T13:49:05.465401Z,0.0,0,0.0,0,0,0.1,0,200,0,0,0,0,0,0,0,0,0,0.0,0.0,0.0,0.0,0.00,0.00,0.00,0,0,0,0,0,0,,,,0.0,0.0,0.0
502,Robertson,Andrew,Robertson,19,2,44,-1,0,a,,,,3.2,13,3.2,276,3,2.7,4819,4544,0,0,1,4,0,0,0,1,53,49.0,36.3,27.0,11.2,0.13,0.17,0.30,0.04,0.06,0.1,1.92,17,5.54,,1,,3.0,3.2,3.2
503,Van de Ven,Micky,van de Ven,19,2,50,0,0,a,100,,2026-08-21T15:00:07.610517Z,3.8,15,5.0,270,3,3.9,8943,4006,0,0,2,2,1,0,0,3,62,36.6,3.3,14.0,5.4,0.57,0.04,0.61,0.19,0.01,0.2,0.92,23,7.67,,,,3.0,3.8,3.8
505,Spence,Djed,Spence,19,2,45,0,0,u,0,Has joined Internazionale permanently,2026-08-18T14:13:08.454214Z,0.0,0,0.0,0,0,0.3,0,938,0,0,0,0,0,0,0,0,0,0.0,0.0,0.0,0.0,0.00,0.00,0.00,0,0,0,0,0,0,,,,0.0,0.0,0.0
506,Udogie,Destiny,Udogie,19,2,45,0,0,d,75,Unspecified injury - 75% chance of playing,2026-09-11T18:00:09.092110Z,1.8,7,2.3,86,1,0.4,24,2081,0,0,1,1,1,0,0,0,21,9.8,13.5,4.0,2.7,0.00,0.23,0.23,0.0,0.24,0.24,1.22,4,4.19,,,,1.6,1.4,1.4
507,Phillips,Ashley,Phillips,19,2,45,0,0,u,0,Has joined Middlesbrough permanently,2026-08-18T14:13:08.474144Z,0.0,0,0.0,0,0,0.0,0,21,0,0,0,0,0,0,0,0,0,0.0,0.0,0.0,0.0,0.00,0.00,0.00,0,0,0,0,0,0,,,,0.0,0.0,0.0
508,Davies,Ben,Davies,19,2,40,0,0,a,,,,0.0,0,0.0,0,0,0.9,556,1803,0,0,0,0,0,0,0,0,0,0.0,0.0,0.0,0.0,0.00,0.00,0.00,0,0,0,0,0,0,,,,0.0,0.0,0.0
509,Byfield,Jun'ai,Byfield,19,2,40,0,0,a,,,,0.0,0,0.0,0,0,0.1,150,128,0,0,0,0,0,0,0,0,0,0.0,0.0,0.0,0.0,0.00,0.00,0.00,0,0,0,0,0,0,,,,0.0,0.0,0.0
510,Rowswell,James,Rowswell,19,2,40,0,0,a,,,,0.0,0,0.0,0,0,0.1,187,153,0,0,0,0,0,0,0,0,0,0.0,0.0,0.0,0.0,0.00,0.00,0.00,0,0,0,0,0,0,,,,0.0,0.0,0.0
511,Souza,João Victor,de Souza Menezes,19,2,40,0,0,u,0,Has joined FC Porto on loan for the rest of the season,2026-09-01T13:24:26.858636Z,0.0,0,0.0,0,0,0.2,0,674,0,0,0,0,0,0,0,0,0,0.0,0.0,0.0,0.0,0.00,0.00,0.00,0,0,0,0,0,0,,,,0.0,0.0,0.0
512,Kudus,Mohammed,Kudus,19,3,65,0,0,a,100,,2026-07-23T12:01:23.848657Z,0.8,3,1.0,78,0,0.1,388,732,0,0,0,1,0,0,0,0,25,6.4,18.4,13.0,3.8,0.04,0.22,0.26,0.05,0.25,0.3,1.28,7,8.08,3,6,3,0.5,0.8,0.8
513,Xavi,Xavi,Simons,19,3,59,-1,0,i,0,Knee injury - Unknown return date,2026-07-23T12:01:23.864304Z,0.0,0,0.0,0,0,0.0,17,40,0,0,0,0,0,0,0,0,0,0.0,0.0,0.0,0.0,0.00,0.00,0.00,0,0,0,0,0,0,4,,2,0.0,0.0,0.0
514,Tel,Mathys,Tel,19,3,58,-2,0,a,,,,2.0,8,2.0,257,3,0.2,161,1600,0,0,1,4,0,0,0,0,41,21.0,49.5,63.0,13.3,0.21,0.23,0.44,0.07,0.08,0.15,1.94,13,4.55,,5,4,1.4,2.0,2.0
515,Maddison,James,Maddison,19,3,63,-2,0,a,100,,2026-08-25T14:30:07.623508Z,0.5,2,1.0,35,0,0.4,281,1135,0,0,0,0,0,0,0,0,9,4.4,8.3,8.0,2.1,0.00,0.02,0.02,0.0,0.05,0.05,2.26,5,12.86,,,,0.3,0.5,0.5
516,Bentancur,Rodrigo,Bentancur,19,3,55,0,0,a,,,,2.8,11,2.8,287,3,0.2,285,341,0,0,2,3,0,0,0,0,54,35.8,25.1,6.0,6.8,0.02,0.08,0.10,0.01,0.03,0.04,1.41,43,13.48,,,,2.0,2.8,2.8
517,Odobert,Wilson,Odobert,19,3,55,0,0,i,0,Knee injury - Unknown return date,2026-07-23T12:01:23.879434Z,0.0,0,0.0,0,0,0.0,6,3,0,0,0,0,0,0,0,0,0,0.0,0.0,0.0,0.0,0.00,0.00,0.00,0,0,0,0,0,0,,,,0.0,0.0,0.0
518,P.M.Sarr,Pape Matar,Sarr,19,3,49,-1,0,u,0,Has joined Juventus on loan for the rest of the season,2026-09-02T16:02:43.386849Z,0.0,0,0.0,0,0,0.1,0,667,0,0,0,0,0,0,0,0,0,0.0,0.0,0.0,0.0,0.00,0.00,0.00,0,0,0,0,0,0,,,,0.0,0.0,0.0
519,Gallagher,Conor,Gallagher,19,3,54,-1,0,a,,,,0.8,3,1.5,128,2,0.2,79,710,0,0,1,2,1,0,0,0,24,10.2,9.9,3.0,2.2,0.02,0.12,0.14,0.01,0.08,0.09,1.81,14,9.84,,,,0.6,0.8,0.8
520,Bergvall,Lucas,Bergvall,19,3,54,-1,0,a,,,,0.5,2,1.0,72,1,0.2,57,314,0,0,0,2,0,0,0,0,10,0.0,2.0,2.0,0.0,0.06,0.26,0.32,0.08,0.32,0.4,2.68,12,15.0,,,,0.4,0.5,0.5
521,Kulusevski,Dejan,Kulusevski,19,3,65,0,0,i,0,Knee injury - Unknown return date,2026-07-23T12:01:23.895175Z,0.0,0,0.0,0,0,0.0,19,28,0,0,0,0,0,0,0,0,0,0.0,0.0,0.0,0.0,0.00,0.00,0.00,0,0,0,0,0,0,,,,0.0,0.0,0.0
522,Gray,Archie,Gray,19,3,49,-1,-1,a,,,,1.8,7,2.3,236,3,0.2,381,534,0,0,1,4,0,0,0,0,37,8.0,4.8,0.0,1.3,0.09,0.04,0.13,0.03,0.02,0.05,1.9,22,8.39,,,,1.4,1.8,1.8
523,Moore,Mikey,Moore,19,3,50,0,0,u,0,Has joined FC Köln on loan for the rest of the season,2026-09-04T12:39:48.098158Z,0.8,3,1.5,89,1,0.1,0,573,0,0,0,4,0,0,0,0,11,14.2,6.3,56.0,7.5,0.40,0.02,0.42,0.4,0.02,0.42,3.3,3,3.03,,,,0.6,0.0,0.0
524,Olusesi,Callum,Olusesi,19,3,44,-1,0,a,,,,0.0,0,0.0,0,0,0.9,14703,3569,0,0,0,0,0,0,0,0,0,0.0,0.0,0.0,0.0,0.00,0.00,0.00,0,0,0,0,0,0,,,,0.0,0.0,0.0
525,Fernandes,Mateus,Fernandes,19,3,58,-2,0,a,,,,1.5,6,1.5,204,2,0.9,370,3848,0,0,1,3,1,0,0,0,48,21.2,73.9,3.0,9.7,0.12,0.26,0.38,0.05,0.11,0.16,1.59,14,6.18,,2,,1.0,1.5,1.5
526,Solanke,Dominic,Solanke-Mitchell,19,4,59,-1,0,a,,,,1.2,5,1.2,105,1,0.9,1081,3041,0,0,1,0,0,0,0,0,12,3.2,0.6,15.0,1.9,0.44,0.01,0.45,0.38,0.01,0.39,1.34,3,2.57,1,,,0.8,1.2,1.2
527,Richarlison,Richarlison,de Andrade,19,4,59,-1,0,u,0,not included in squad.,2026-09-04T12:32:39.183614Z,0.5,2,2.0,67,1,0.9,0,5946,0,0,0,3,0,0,0,0,6,0.0,2.2,0.0,0.2,0.00,0.00,0.00,0.0,0.0,0.0,4.06,1,1.34,,,,0.3,0.0,0.0
528,Scarlett,Dane,Scarlett,19,4,45,0,0,u,0,Has joined Leyton Orient permanently,2026-09-02T16:02:43.413625Z,0.0,0,0.0,0,0,1.3,0,4989,0,0,0,0,0,0,0,0,0,0.0,0.0,0.0,0.0,0.00,0.00,0.00,0,0,0,0,0,0,,,,0.0,0.0,0.0
578,Mudryk,Mykhailo,Mudryk,19,3,54,-1,0,i,0,Ankle injury - Unknown return date,2026-09-11T18:00:09.154412Z,0.2,1,1.0,16,0,0.1,13,880,0,0,0,0,0,0,0,0,3,0.0,0.1,2.0,0.1,0.00,0.00,0.00,0.0,0.0,0.0,0.9,0,0.0,,,,0.2,0.0,0.0
601,Williams-Barnett,Luca,Williams-Barnett,19,3,45,0,0,a,,,,0.0,0,0.0,0,0,0.1,215,452,0,0,0,0,0,0,0,0,0,0.0,0.0,0.0,0.0,0.00,0.00,0.00,0,0,0,0,0,0,,,,0.0,0.0,0.0
501,Danso,Kevin,Danso,20,2,50,0,0,a,,,,0.8,3,1.5,180,2,0.2,448,377,0,0,0,3,0,0,0,0,15,20.8,10.9,0.0,3.2,0.00,0.16,0.16,0.0,0.08,0.08,1.54,12,6.0,,,,0.6,0.8,0.8
529,Roefs,Robin,Roefs,20,1,50,0,0,a,,,,2.8,11,2.8,360,4,2.8,601,9844,0,0,1,5,0,0,5,0,49,31.8,0.0,0.0,3.2,0.00,0.00,0.00,0.0,0.0,0.0,1.46,0,0.0,,,,2.2,2.8,2.8
530,Patterson,Anthony,Patterson,20,1,40,0,0,u,0,Has joined Wrexham permanently,2026-08-12T14:08:03.064533Z,0.0,0,0.0,0,0,0.1,0,240,0,0,0,0,0,0,0,0,0,0.0,0.0,0.0,0.0,0.00,0.00,0.00,0,0,0,0,0,0,,,,0.0,0.0,0.0
531,Ellborg,Melker,Ellborg,20,1,45,0,0,a,,,,0.0,0,0.0,0,0,0.1,29,130,0,0,0,0,0,0,0,0,0,0.0,0.0,0.0,0.0,0.00,0.00,0.00,0,0,0,0,0,0,,,,0.0,0.0,0.0
532,Ballard,Daniel,Ballard,20,2,49,-1,0,a,,,,3.0,12,3.0,360,4,3.0,2164,10569,0,0,1,5,2,0,0,0,43,66.8,12.7,15.0,9.4,0.17,0.16,0.33,0.04,0.04,0.08,1.46,35,8.75,,,,2.4,3.0,3.0
533,Mukiele,Nordi,Mukiele,20,2,55,0,0,a,100,,2026-08-09T08:30:05.954750Z,3.2,13,4.3,270,3,2.1,1720,6917,0,0,1,3,1,0,0,1,39,75.0,13.0,2.0,9.0,0.70,0.05,0.75,0.23,0.02,0.25,1.35,39,13.0,,,,2.4,3.2,3.2
534,Hume,Trai,Hume,20,2,44,-1,0,a,,,,2.2,9,3.0,195,2,3.7,508,21895,0,0,1,1,0,0,0,0,46,31.8,58.6,15.0,10.6,0.04,0.28,0.32,0.02,0.13,0.15,1.43,12,5.54,,3,,2.0,2.2,2.2
535,Alderete,Omar,Alderete,20,2,49,-1,0,a,100,,2026-08-09T08:30:05.962393Z,0.2,1,1.0,23,0,0.3,80,1098,0,0,0,1,0,0,0,0,2,0.0,0.6,0.0,0.0,0.00,0.01,0.01,0.0,0.04,0.04,0.39,0,0.0,,,,0.2,0.2,0.2
536,Reinildo,Reinildo,Mandava,20,2,45,0,0,s,0,Suspended until 10 Oct,2026-09-12T21:30:09.421687Z,1.8,7,1.8,360,4,0.3,104,2382,0,0,1,5,0,1,0,0,37,53.8,35.0,6.0,9.5,0.00,0.32,0.32,0.0,0.08,0.08,1.26,29,7.25,,,,1.6,1.8,0.0
537,Seelt,Jenson,Seelt,20,2,45,0,0,u,0,Has joined Swansea City on loan for the rest of the season,2026-08-29T00:34:52.425076Z,0.0,0,0.0,0,0,0.0,0,11,0,0,0,0,0,0,0,0,0,0.0,0.0,0.0,0.0,0.00,0.00,0.00,0,0,0,0,0,0,,,,0.0,0.0,0.0
538,Hjelde,Leo Fuhr,Hjelde,20,2,40,0,0,u,0,Has joined KV Mechelen on loan for the rest of the season,2026-08-12T14:08:03.081789Z,0.0,0,0.0,0,0,0.0,0,85,0,0,0,0,0,0,0,0,0,0.0,0.0,0.0,0.0,0.00,0.00,0.00,0,0,0,0,0,0,,,,0.0,0.0,0.0
539,O'Nien,Luke,O'Nien,20,2,40,0,0,a,,,,0.2,1,1.0,66,1,2.6,668,5289,0,0,0,1,1,0,0,0,1,11.4,1.4,4.0,1.7,0.01,0.01,0.02,0.01,0.01,0.02,2.3,5,6.82,,,,0.2,0.2,0.2
540,Masuaku,Arthur,Masuaku,20,2,40,0,0,u,0,Has joined Konyaspor permanently,2026-08-12T14:08:03.097784Z,0.0,0,0.0,0,0,0.1,0,380,0,0,0,0,0,0,0,0,0,0.0,0.0,0.0,0.0,0.00,0.00,0.00,0,0,0,0,0,0,,,,0.0,0.0,0.0
541,Meunier,Thomas,Meunier,20,2,45,0,0,a,100,,2026-08-16T08:30:07.830062Z,2.8,11,2.8,318,4,0.3,304,451,0,0,1,4,0,0,0,0,37,41.6,26.8,26.0,9.5,0.34,0.13,0.47,0.1,0.04,0.14,1.3,16,4.53,,,,2.4,2.8,2.8
542,E.Le Fée,Enzo,Le Fée,20,3,58,-2,0,a,,,,3.2,13,3.2,348,4,4.2,1327,22780,1,0,1,4,0,0,0,1,57,48.0,34.8,54.0,13.8,2.06,0.82,2.88,0.53,0.21,0.74,1.46,18,4.66,2,1,3,2.2,3.2,3.2
543,Diarra,Habib,Diarra,20,3,54,-1,0,i,0,Hamstring injury - Unknown return date,2026-08-30T16:30:08.428960Z,1.2,5,2.5,28,0,0.0,1,184,0,1,0,1,0,0,0,0,18,15.6,10.9,2.0,2.9,0.03,0.16,0.19,0.1,0.51,0.61,0.39,0,0.0,1,,,0.9,0.0,0.0
544,Xhaka,Granit,Xhaka,20,3,55,0,0,a,,,,4.8,19,4.8,360,4,4.1,3984,14334,0,1,1,5,2,0,0,5,91,54.4,109.8,3.0,16.7,0.06,0.94,1.00,0.02,0.24,0.26,1.46,46,11.5,,2,2,3.5,4.8,4.8
545,Sadiki,Noah,Sadiki,20,3,49,-1,0,a,,,,2.0,8,2.0,343,4,0.2,372,892,0,0,1,5,1,0,0,0,66,41.8,54.9,79.0,17.6,0.40,0.23,0.63,0.1,0.06,0.16,1.43,26,6.82,,,,1.6,2.0,2.0
546,Adingra,Simon,Adingra,20,3,49,-1,0,u,0,Has joined Ajax on loan for the rest of the season,2026-08-20T14:00:08.416985Z,0.0,0,0.0,0,0,0.0,0,182,0,0,0,0,0,0,0,0,0,0.0,0.0,0.0,0.0,0.00,0.00,0.00,0,0,0,0,0,0,,,,0.0,0.0,0.0
547,Mundle,Romaine,Mundle,20,3,49,-1,0,i,0,Knee injury - Unknown return date,2026-09-09T14:00:08.462705Z,0.2,1,1.0,1,0,0.0,4,39,0,0,0,0,0,0,0,0,2,8.0,0.1,17.0,2.5,0.17,0.00,0.17,15.3,0.0,15.3,8.1,1,90.0,,,,0.2,0.0,0.0
548,Rigg,Chris,Rigg,20,3,49,-1,0,a,,,,0.5,2,1.0,17,0,0.0,17,119,0,0,0,1,0,0,0,0,6,0.0,0.3,0.0,0.0,0.00,0.00,0.00,0.0,0.0,0.0,2.33,1,5.29,,,,0.4,0.5,0.5
549,Talbi,Chemsdine,Talbi,20,3,54,-1,0,a,,,,0.2,1,1.0,31,0,0.1,43,452,0,0,0,1,0,0,0,0,1,0.0,0.9,0.0,0.0,0.00,0.00,0.00,0.0,0.0,0.0,0.41,2,5.81,,,,0.2,0.2,0.2
550,Jocelin.T,Djiamgone Jocelin Ta,Bi,20,3,50,0,0,a,,,,0.0,0,0.0,0,0,0.0,19,24,0,0,0,0,0,0,0,0,0,0.0,0.0,0.0,0.0,0.00,0.00,0.00,0,0,0,0,0,0,,,,0.0,0.0,0.0
551,N.Angulo,Nilson,Angulo,20,3,50,0,0,a,,,,3.0,12,3.0,254,4,0.1,221,561,1,0,1,3,1,0,0,0,54,48.6,25.7,32.0,10.6,0.15,0.12,0.27,0.05,0.04,0.09,1.35,20,7.09,,,1,2.4,3.0,3.0
552,Brobbey,Brian,Brobbey,20,4,58,-2,0,a,,,,1.8,7,1.8,309,4,6.5,3383,36390,0,0,1,4,1,0,0,0,21,4.4,41.4,44.0,8.9,0.59,0.07,0.66,0.17,0.02,0.19,1.56,11,3.2,,,,1.2,1.8,1.8
553,Isidor,Wilson,Isidor,20,4,55,0,0,a,,,,3.5,14,3.5,95,0,1.5,2505,5921,1,1,0,2,0,0,0,3,48,29.4,0.6,35.0,6.5,1.49,0.01,1.50,1.41,0.01,1.42,1.89,3,2.84,,,,2.5,3.5,3.5
612,Methalie,Dayann,Méthalie,20,2,45,0,0,a,100,,2026-08-28T13:00:08.950445Z,0.0,0,0.0,0,0,0.0,33,21,0,0,0,0,0,0,0,0,0,0.0,0.0,0.0,0.0,0.00,0.00,0.00,0,0,0,0,0,0,,,,0.0,0.0,0.0
613,Ahoka,Jules,Ahoka,20,3,45,0,0,a,,,,0.0,0,0.0,0,0,0.2,767,962,0,0,0,0,0,0,0,0,0,0.0,0.0,0.0,0.0,0.00,0.00,0.00,0,0,0,0,0,0,,,,0.0,0.0,0.0
646,Fofana,Malick,Fofana,20,3,55,0,0,a,,,,1.0,2,1.0,30,0,0.0,153,179,0,0,0,1,0,0,0,0,5,0.0,0.5,0.0,0.1,0.00,0.00,0.00,0.0,0.0,0.0,3.54,0,0.0,,,,0.4,1.0,1.0
651,J.Angulo,Juan,Angulo,20,4,45,0,0,a,,,,0.0,0,0.0,0,0,0.5,7517,2024,0,0,0,0,0,0,0,0,0,0.0,0.0,0.0,0.0,0.00,0.00,0.00,0,0,0,0,0,0,,,,0.0,0.0,0.0
